data,callsign,departure,arrivee,TTOT,TLDT,ATOT,ALDT,Type,Wingspan,Airline,QFU,Parking,registration
20170819,TGW187,ZBTJ,WSSS,33600,55200,35340,0,B788,60,SCOOTER,16R,101,9VOJC
20170819,TGW188,WSSS,ZBTJ,5400,27000,7020,27000,B788,60,SCOOTER,16L,102,9VOJC
20170819,CCA1533,ZBTJ,ZSSS,30420,35700,32940,38040,B737,35.8,AirChina,16R,107,B1418
20170819,CCA1534,ZSSS,ZBTJ,39300,47700,47460,53580,B737,35.8,AirChina,16L,108,B1418
20170819,CCA1241,ZBTJ,ZLXN,55500,64500,58260,65580,B738,35.8,AirChina,16R,108,B1418
20170819,CCA1242,ZLXN,ZBTJ,71100,79800,70800,77700,B738,35.8,AirChina,16L,109,B1418
20170818,OKA2834,ZSCN,ZBTJ,-10500,-2100,9420,16440,B738,35.8,OkayAirways,16L,222,B1420
20170819,OKA2945,ZBTJ,ZGSZ,27900,40200,29220,40080,B739,34.3,OkayAirways,16R,222,B1420
20170819,OKA2946,ZGSZ,ZBTJ,62400,73500,63180,72840,B739,34.3,OkayAirways,16L,223,B1420
20170819,OKA2788,ZBTJ,ZGGG,78000,3300,80280,89400,B739,34.3,OkayAirways,16R,223,B1420
20170819,CDG4718,ZBHH,ZBTJ,42900,48000,49980,54120,B738,35.8,shandongAirlines,16L,117,B1436
20170819,CDG4718,ZBTJ,ZSQD,51600,55800,58320,61380,B738,35.8,shandongAirlines,16R,117,B1436
20170819,OKA2989,ZBTJ,RJTT,78900,7200,80760,0,B738,35.8,OkayAirways,16R,224,B1450
20170818,OKA2832,ZGSD,ZBTJ,-25500,-14400,-10320,180,B739,34.3,OkayAirways,16L,225,B1450
20170819,OKA2877,ZBTJ,ZSNB,24900,32100,25440,31920,B738,35.8,OkayAirways,16R,225,B1450
20170819,OKA2878,ZSNB,ZBTJ,36300,44100,43920,50820,B738,35.8,OkayAirways,16L,226,B1450
20170819,OKA2847,ZBTJ,ZUCK,52200,62100,55260,63180,B738,35.8,OkayAirways,16R,226,B1450
20170819,OKA2848,ZUCK,ZBTJ,66300,75300,67860,76380,B738,35.8,OkayAirways,16L,224,B1450
20170819,CSH9064,ZBTJ,ZSSS,73160,78900,76620,0,B738,35.8,ShanghaiAirlines,16R,218,B1453
20170819,CSH9063,ZSSS,ZBTJ,57300,66000,64320,70560,B738,35.8,ShanghaiAirlines,16L,219,B1453
20170819,CHH7797,ZSCN,ZBTJ,57900,66000,59340,66420,B738,35.8,HainanAirlines,16L,409,B1492
20170819,CHH7798,ZBTJ,ZSCN,69600,75000,71040,77400,B738,35.8,HainanAirlines,16R,409,B1492
20170819,CHH7202,ZGGG,ZBTJ,58200,69300,60360,69600,B738,35.8,HainanAirlines,16L,410,B1501
20170819,CHH7201,ZBTJ,ZGGG,73200,84300,73740,82380,B738,35.8,HainanAirlines,16R,410,B1501
20170819,CHH7167,ZYTL,ZBTJ,26400,30900,26820,29280,B738,35.8,HainanAirlines,16L,411,B1502
20170819,CCA1678,ZGKL,ZBTJ,53700,63900,57420,66300,B738,35.8,AirChina,16L,202,B1526
20170819,CCA167R,ZBTJ,ZYHB,21600,28200,21780,28320,B738,35.8,AirChina,16R,118,B1526
20170819,CCA1677,ZYHB,ZBTJ,28200,36300,33120,39600,B738,35.8,AirChina,16L,201,B1526
20170819,CCA1678,ZBTJ,ZGKL,42500,52400,44700,53040,B738,35.8,AirChina,16R,201,B1526
20170819,CCA1679,ZGKL,ZBTJ,69000,76200,70740,77040,B738,35.8,AirChina,16L,202,B1526
20170819,CCA815,ZBTJ,ROAH,36600,48000,36780,0,B738,35.8,AirChina,16R,203,B1528
20170819,CCA816,ROAH,ZBTJ,51600,64200,52200,61500,B738,35.8,AirChina,16L,212,B1528
20170819,CCA1655,ZBTJ,ZSPD,72900,80100,76980,83580,B738,35.8,AirChina,16R,212,B1528
20170819,JYH1055,ZGGG,ZBTJ,23100,35100,25440,35160,B738,35.8,TRANSJADE,16L,110,B1552
20170819,JYH1056,ZBTJ,ZGGG,44100,54900,45060,54360,B738,35.8,TRANSJADE,16R,111,B1556
20170818,OKA2708,ZYTL,ZBTJ,-2400,-84600,7680,10380,B739,34.3,OkayAirways,16L,222,B1581
20170819,OKA2823,ZBTJ,ZLXY,26700,32100,25860,31740,B738,35.8,OkayAirways,16R,222,B1581
20170819,LKE9727,ZUMY,ZBTJ,69000,77100,71340,80040,B738,35.8,LUCKYAIR,16L,412,B1588
20170819,LKE9728,ZBTJ,ZUMY,81700,3000,83700,91440,B738,35.8,LUCKYAIR,16R,412,B1588
20170819,CQH8814,ZBTJ,ZSPD,38100,45300,39480,45180,A320,34.1,ShanghaiSpringAirlines,16R,112,B1627
20170819,CSN6579,ZYTL,ZBTJ,27000,30600,27120,29760,A320,34.1,ChinaSouthernAirlines,16L,217,B1651
20170819,CSN6579,ZBTJ,ZUCK,34200,44100,36120,44160,A320,34.1,ChinaSouthernAirlines,16R,217,B1651
20170819,CSN6580,ZUCK,ZBTJ,47700,56400,49860,57900,A320,34.1,ChinaSouthernAirlines,16L,220,B1651
20170819,CSN6580,ZBTJ,ZYTL,60300,64200,62520,65340,A320,34.1,ChinaSouthernAirlines,16R,220,B1651
20170819,GCR7584,ZYHB,ZBTJ,45000,52800,45480,51480,A320,34.1,TianjinAirlines,16L,413,B1659
20170819,GCR7584,ZBTJ,ZLXY,56700,63600,57720,63060,A320,34.1,TianjinAirlines,16R,413,B1659
20170819,GCR7577,ZWWW,ZBTJ,33600,47100,33720,45660,A320,34.1,TianjinAirlines,16L,414,B1692
20170819,GCR7577,ZBTJ,ZYCC,51000,57300,54480,60240,A320,34.1,TianjinAirlines,16R,414,B1692
20170819,GCR7578,ZYCC,ZBTJ,61200,67200,65220,70260,A320,34.1,TianjinAirlines,16L,415,B1692
20170819,GCR7877,ZBTJ,ZLXN,60600,69900,75120,82620,A320,34.1,TianjinAirlines,16R,415,B1692
20170819,GCR7578,ZBTJ,ZWWW,71700,600,74820,89280,A320,34.1,TianjinAirlines,16R,416,B1692
20170819,QDA9854,ZBLA,ZBTJ,58200,67500,58620,66900,A320,34.1,SKYLEGEND,16L,113,B1693
20170819,QDA9854,ZBTJ,ZSQD,75000,79500,76080,79020,A320,34.1,SKYLEGEND,16R,113,B1693
20170819,QDA9853,ZSQD,ZBTJ,24600,29700,25260,28380,A320,34.1,SKYLEGEND,16L,114,B1695
20170819,QDA9853,ZBTJ,ZBLA,36000,45300,36600,44400,A320,34.1,SKYLEGEND,16R,114,B1695
20170819,CXA8682,ZSAM,ZBTJ,69600,80100,70440,79200,B738,35.8,XiamenAirlines,16L,227,B1706
20170819,CXA8097,ZBTJ,ZSQZ,29700,37500,34140,42840,B738,35.8,XiamenAirlines,16R,228,B1709
20170819,CXA8098,ZSQZ,ZBTJ,66300,76500,69120,78180,B738,35.8,XiamenAirlines,16L,229,B1709
20170819,OKA2897,ZBTJ,ZPPP,35100,48000,36480,46860,B738,35.8,OkayAirways,16R,223,B1732
20170819,OKA2898,ZPPP,ZBTJ,66000,77400,67860,78780,B738,35.8,OkayAirways,16L,225,B1732
20170819,OKA2884,ZBTJ,ZLXY,81000,2400,82560,88500,B738,35.8,OkayAirways,16R,225,B1732
20170819,DKH1135,ZSPD,ZBTJ,51300,59700,55020,60780,A321,34.1,ShanghaiJuneyaoAirlines,16L,115,B1808
20170819,DKH1135,ZBTJ,ZYBS,63300,69600,66300,71640,A321,34.1,ShanghaiJuneyaoAirlines,16R,115,B1808
20170819,GCR7989,ZBTJ,RJTT,72600,83100,75360,0,A320,34.1,TianjinAirlines,16R,417,B1849
20170819,GCR7815,ZBTJ,ZSQD,27900,32100,28140,31020,A320,34.1,TianjinAirlines,16R,418,B1849
20170819,GCR7816,ZSQD,ZBTJ,55500,60300,67440,70860,A320,34.1,TianjinAirlines,16L,419,B1849
20170819,GCR7970,UHWW,ZBTJ,12900,23400,15240,22920,A320,34.1,TianjinAirlines,16L,414L,B1850
20170819,GCR7839,ZBTJ,ZWWW,28500,43800,28740,42660,A320,34.1,TianjinAirlines,16R,414L,B1850
20170819,GCR7840,ZWWW,ZBTJ,68400,81900,68700,80700,A320,34.1,TianjinAirlines,16L,414R,B1850
20170819,CXA8125,ZSAM,ZBTJ,31800,42000,38640,48240,B738,35.8,XiamenAirlines,16L,230,B1913
20170819,CXA867,ZBTJ,ZSAM,50700,60900,52440,61860,B738,35.8,XiamenAirlines,16R,230,B1913
20170819,CSN3134,ZBTJ,ZGGG,45000,56400,45900,55320,B738,35.8,ChinaSouthernAirlines,16R,221,B1921
20170818,OKA2878,ZSNB,ZBTJ,-18600,-10800,300,6660,B738,35.8,OkayAirways,16L,224,B1963
20170819,OKA2709,ZBTJ,ZSFZ,39300,48600,45720,54240,B738,35.8,OkayAirways,16R,224,B1963
20170819,OKA2710,ZSFZ,ZBTJ,55800,64800,59340,67620,B738,35.8,OkayAirways,16L,226,B1963
20170819,OKA2707,ZBTJ,ZYTL,75900,80400,76260,78720,B739,34.3,OkayAirways,16R,226,B1963
20170819,CDG4717,ZSQD,ZBTJ,25200,30000,25620,28740,B738,35.8,shandongAirlines,16L,107,B1986
20170819,CDG4717,ZBTJ,ZBHH,34500,39000,34680,38520,B738,35.8,shandongAirlines,16R,107,B1986
20170819,CDG4801,ZSAM,ZBTJ,26700,37200,38220,46920,B738,35.8,shandongAirlines,16L,109,B1987
20170819,CDG8709,ZBTJ,ZLIC,40500,48300,51180,57180,B738,35.8,shandongAirlines,16R,109,B1987
20170819,CDG8710,ZLIC,ZBTJ,64800,72900,72660,78600,B738,35.8,shandongAirlines,16L,203,B1987
20170819,CDG4802,ZBTJ,ZSAM,76500,86100,81960,90720,B738,35.8,shandongAirlines,16R,203,B1987
20170819,CKK214,EKCH,ZBTJ,64800,8700,9900,40500,B77L,64.8,ChinaCargoAirlines,16L,61,B2077
20170819,CKK214,ZBTJ,ZSPD,15900,22800,53640,59520,B77L,64.8,ChinaCargoAirlines,16R,61,B2077
20170819,CAO1070,ZBTJ,ZSPD,60900,68100,1680,8100,B77L,64.8,AirChinaInternationalCorporation,16R,105,B2096
20170819,CAO1070,KJFK,ZBTJ,1500,55200,16560,63720,B77L,64.8,AirChinaInternationalCorporation,16L,101,B2096
20170819,CES2083,ZSPD,ZBTJ,36000,44400,41220,48120,A320,34.1,ChinaEasternAirlines,16L,215,B2229
20170819,CES2083,ZBTJ,ZBCF,52500,56100,56160,59820,A320,34.1,ChinaEasternAirlines,16R,215,B2229
20170819,CES2084,ZBCF,ZBTJ,59700,64800,63600,66780,A320,34.1,ChinaEasternAirlines,16L,216,B2229
20170819,CES2084,ZBTJ,ZSPD,68400,75900,73080,79080,A320,34.1,ChinaEasternAirlines,16R,216,B2229
20170819,CCA177Y,ZSHC,ZBTJ,23400,31200,24180,30060,A319,34.09,AirChina,16L,108,B2404
20170819,CCA177X,ZBTJ,ZSHC,34200,41400,43020,49680,A319,34.09,AirChina,16R,108,B2404
20170819,CSN3301,ZGGG,ZBTJ,39000,50100,40320,49740,A320,34.1,ChinaSouthernAirlines,16L,218,B2406
20170819,CSN3302,ZBTJ,ZGGG,53700,65100,54960,63840,A320,34.1,ChinaSouthernAirlines,16R,218,B2406
20170819,LHA4015,ZSNT,ZBTJ,9600,15600,8400,14520,B733,28.3,LonghaoAirlines,16L,61L,B2572
20170819,LHA4016,ZBTJ,ZSNT,18600,24900,18420,24360,B733,28.3,LonghaoAirlines,16R,61L,B2572
20170819,CYZ9102,ZSNJ,ZBTJ,22200,28500,23040,27840,B734,28.9,ChinaPost,16L,61R,B2882
20170819,CYZ9111,ZBTJ,ZLLL,33300,42300,34860,42120,B734,28.9,ChinaPost,16R,61R,B2882
20170819,CYZ9112,ZLLL,ZBTJ,76200,84900,75780,82500,B734,28.9,ChinaPost,16L,62,B2882
20170819,YZR7943,ZBTJ,ZGSZ,3600,15600,15000,24960,B733,28.3,YangtzeRiverExpress,16R,62L,B2885
20170819,YZR7944,ZSNB,ZBTJ,16500,24300,45000,51120,B733,28.3,YangtzeRiverExpress,16L,62R,B2885
20170819,CYZ9101,ZBTJ,ZSNJ,1500,7800,4560,9060,B733,28.3,ChinaPost,16R,874,B2887
20170819,CSS6863,ZYTX,ZBTJ,4500,10200,4440,8160,B752,38.05,SHUNFENG,16L,875,B2899
20170819,CSS6863,ZBTJ,ZSHC,13800,21000,14700,20340,B752,38.05,SHUNFENG,16R,875,B2899
20170819,GCR7830,ZBHH,ZBTJ,67200,72000,68760,72360,E145,20.04,TianjinAirlines,16L,415L,B3081
20170819,GCR7911,ZBTJ,ZBCF,29700,34800,29700,33300,E145,20.04,TianjinAirlines,16R,415R,B3083
20170819,GCR7912,ZBCF,ZBTJ,38400,43200,38220,41580,E145,20.04,TianjinAirlines,16L,416L,B3083
20170819,GCR7849,ZBTJ,ZYCY,60000,63600,60060,63000,E145,20.04,TianjinAirlines,16R,416L,B3083
20170819,GCR7850,ZYCY,ZBTJ,71400,76200,70320,72960,E145,20.04,TianjinAirlines,16L,416R,B3083
20170819,GCR7829,ZBTJ,ZBHH,53700,59100,54300,58080,E145,20.04,TianjinAirlines,16R,417L,B3087
20170819,GCR7883,ZBTJ,ZSSS,31200,36300,33600,39060,E190,28.72,TianjinAirlines,16R,417R,B3100
20170819,GCR7884,ZSSS,ZBTJ,40200,48600,48120,54660,E190,28.72,TianjinAirlines,16L,418R,B3100
20170819,GCR7813,ZBTJ,ZYTL,51600,55200,58560,61080,A320,34.1,TianjinAirlines,16R,418R,B3100
20170819,CGZ7137,ZUTR,ZBTJ,55800,65700,57300,66720,E190,28.72,COLORFUL,16L,116,B3116
20170819,CGZ7138,ZBTJ,ZUTR,69600,80100,71760,80100,E190,28.72,COLORFUL,16R,116,B3116
20170818,GCR7860,ZHHH,ZBTJ,-4500,-84000,12060,18180,A320,34.1,TianjinAirlines,16L,419R,B3117
20170819,GCR7921,ZBTJ,ZSYT,28800,33600,30960,33660,E190,28.72,TianjinAirlines,16R,419R,B3117
20170819,GCR7922,ZSYT,ZBTJ,36300,40200,37020,39960,E190,28.72,TianjinAirlines,16L,204,B3117
20170819,GCR7909,ZBTJ,ZYQQ,43200,50700,43980,50820,E190,28.72,TianjinAirlines,16R,204,B3117
20170819,GCR7910,ZYQQ,ZBTJ,54300,62100,53940,60000,E190,28.72,TianjinAirlines,16L,205,B3117
20170819,GCR7827,ZBTJ,ZBDS,65100,71400,66480,71340,E190,28.72,TianjinAirlines,16R,205,B3117
20170819,GCR7903,ZBTJ,ZYTX,32700,38400,38640,42420,E190,28.72,TianjinAirlines,16R,206,B3120
20170819,GCR7904,ZYTX,ZBTJ,59100,64800,65100,68940,E190,28.72,TianjinAirlines,16L,207,B3120
20170819,GCR6657,ZBTJ,ZYTL,73500,77100,74220,77400,E190,28.72,TianjinAirlines,16R,207,B3120
20170818,GCR7804,ZLLL,ZBTJ,-9000,-600,-3780,2940,E190,28.72,TianjinAirlines,16L,209,B3121
20170819,GCR7841,ZBTJ,ZHCC,32400,38400,32760,37140,E190,28.72,TianjinAirlines,16R,209,B3121
20170819,GCR7842,ZHCC,ZBTJ,65400,70500,74040,78480,E190,28.72,TianjinAirlines,16L,210,B3121
20170819,CBG8961,ZSJH,ZBTJ,43500,50100,43380,49380,E190,28.72,SPRAY,16L,110,B3122
20170819,CBG8962,ZBTJ,ZSJH,54900,61800,56400,62100,E190,28.72,SPRAY,16R,110,B3122
20170819,GCR7923,ZBTJ,ZSYT,31500,36000,32340,35400,E145,20.04,TianjinAirlines,16R,418L,B3123
20170819,GCR7924,ZSYT,ZBTJ,39000,43200,39780,42720,E145,20.04,TianjinAirlines,16L,419L,B3123
20170819,GCR758X,ZBTJ,ZLXY,50100,54600,50700,56760,E190,28.72,TianjinAirlines,16R,419L,B3123
20170819,GCR6658,ZYTL,ZBTJ,65700,69900,66180,69360,E190,28.72,TianjinAirlines,16L,211,B3129
20170819,GCR7927,ZBTJ,ZBHH,29400,34500,38880,42780,E190,28.72,TianjinAirlines,16R,213,B3156
20170819,GCR7928,ZBHH,ZBTJ,50700,56100,63600,67740,E190,28.72,TianjinAirlines,16L,214,B3156
20170819,GCR7853,ZBTJ,ZSHC,29700,36600,44580,51960,E190,28.72,TianjinAirlines,16R,411,B3157
20170819,GCR647Y,ZBTJ,ZSJN,25200,27900,26460,28560,E190,28.72,TianjinAirlines,16R,416,B3163
20170819,CBG8823,ZUKJ,ZBTJ,35400,45600,37500,47460,E190,28.72,SPRAY,16L,111,B3165
20170819,CBG8824,ZBTJ,ZUKJ,49200,61200,51480,61320,E190,28.72,SPRAY,16R,111,B3165
20170818,GCR6527,ZGSD,ZBTJ,-18900,-8400,-5820,5700,E190,28.72,TianjinAirlines,16L,417,B3168
20170819,GCR7821,ZBTJ,ZYTL,34200,36600,33060,35700,E190,28.72,TianjinAirlines,16R,417,B3168
20170819,GCR7822,ZYTL,ZBTJ,39900,43800,39960,42480,E190,28.72,TianjinAirlines,16L,418,B3168
20170819,GCR7867,ZBTJ,ZSRZ,48000,51000,47220,51600,E190,28.72,TianjinAirlines,16R,418,B3168
20170819,GCR785V,ZSHC,ZBTJ,30600,37800,34320,40860,E190,28.72,TianjinAirlines,16L,419,B3171
20170819,GCR7803,ZBTJ,ZLLL,50400,59400,52140,59760,A320,34.1,TianjinAirlines,16R,419,B3171
20170819,GCR7804,ZLLL,ZBTJ,63300,72000,63420,70440,E190,28.72,TianjinAirlines,16L,414R,B3171
20170819,CBG8819,ZHYC,ZBTJ,56400,63600,57060,63600,A320,34.1,SPRAY,16L,112,B3173
20170819,CBG8820,ZBTJ,ZHYC,67800,75600,69900,76980,A320,34.1,SPRAY,16R,112,B3173
20170819,GCR7869,ZBTJ,ZHHH,36600,44100,36900,43380,E190,28.72,TianjinAirlines,16R,415L,B3189
20170819,GCR7870,ZHHH,ZBTJ,63900,70500,77580,83460,E190,28.72,TianjinAirlines,16L,415R,B3189
20170819,GCR6433,ZYTL,ZBTJ,63600,67500,72240,75060,E190,28.72,TianjinAirlines,16L,416R,B3192
20170819,GCR6434,ZBTJ,ZYTL,71100,74700,82920,85740,E190,28.72,TianjinAirlines,16R,416R,B3192
20170819,GCR7581,ZLXY,ZBTJ,49500,56400,52260,57660,E190,28.72,TianjinAirlines,16L,417R,B3212
20170819,GCR7581,ZBTJ,ZBXH,60000,65700,60780,64860,E190,28.72,TianjinAirlines,16R,417R,B3212
20170819,GCR7582,ZBXH,ZBTJ,68100,73500,67680,71220,E190,28.72,TianjinAirlines,16L,206,B3212
20170819,GCR7582,ZBTJ,ZLXY,77100,84000,77580,83400,E190,28.72,TianjinAirlines,16R,206,B3212
20170819,CBG8851,ZHNY,ZBTJ,47100,53100,48300,53460,E190,28.72,SPRAY,16L,113,B3215
20170819,CBG8852,ZBTJ,ZHNY,57000,63300,60240,65400,E190,28.72,SPRAY,16R,113,B3215
20170818,GCR7852,ZSHC,ZBTJ,-11400,-3300,-6180,660,E190,28.72,TianjinAirlines,16L,208,B3235
20170819,GCR7889,ZBTJ,ZSAM,33900,43500,34320,43080,A332,60.3,TianjinAirlines,16R,208,B3235
20170819,GCR7890,ZSAM,ZBTJ,48000,58500,59460,68520,A332,60.3,TianjinAirlines,16L,414,B3235
20170819,GCR7851,ZBTJ,ZSHC,64200,71100,79260,85200,E190,28.72,TianjinAirlines,16R,414,B3235
20170819,HXA2820,ZBES,ZBTJ,47700,55500,47280,53820,CRJ9,23.2,Chinaexpressair,16L,601,B3237
20170819,HXA2819,ZBTJ,ZBES,61500,69300,61440,67920,CRJ9,23.2,Chinaexpressair,16R,601,B3237
20170819,GCR7828,ZBDS,ZBTJ,55500,61800,55620,60300,E190,28.72,TianjinAirlines,16L,210,B3247
20170819,GCR7917,ZBTJ,ZBLA,65400,74400,67080,75060,E190,28.72,TianjinAirlines,16R,210,B3247
20170819,GCR7918,ZBLA,ZBTJ,77100,85800,78300,84600,E190,28.72,TianjinAirlines,16L,211,B3247
20170819,HXA2901,ZBUC,ZBTJ,33600,37500,34500,37800,CRJ9,23.2,Chinaexpressair,16L,602,B3252
20170819,HXA2902,ZBTJ,ZBUC,41100,45600,40980,45000,CRJ9,23.2,Chinaexpressair,16R,602,B3252
20170819,HXA2841,ZBOW,ZBTJ,73200,78600,78120,82680,CRJ9,23.2,Chinaexpressair,16L,603,B3366
20170819,HXA2842,ZBTJ,ZBOW,81600,1200,85080,89520,CRJ9,23.2,Chinaexpressair,16R,603,B3366
20170819,HXA2843,ZBLL,ZBTJ,67200,71400,67740,71640,CRJ9,23.2,Chinaexpressair,16L,604,B3368
20170819,HXA2844,ZBTJ,ZBLL,74700,79200,75660,79200,CRJ9,23.2,Chinaexpressair,16R,604,B3368
20170819,HXA2670,ZLGY,ZBTJ,43500,49800,42600,49320,CRJ9,23.2,Chinaexpressair,16L,605,B3377
20170819,HXA2669,ZBTJ,ZLGY,57900,65400,58440,64440,CRJ9,23.2,Chinaexpressair,16R,605,B3377
20170818,HXA2841,ZBOW,ZBTJ,-13200,-7800,420,4500,CRJ9,23.2,Chinaexpressair,16L,606,B3378
20170818,HXA2655,ZBZJ,ZBTJ,-6900,-3300,-4020,60,CRJ9,23.2,Chinaexpressair,16L,607,B3380
20170819,HXA2905,ZBTJ,ZLTS,25500,34800,26040,33300,CRJ9,23.2,Chinaexpressair,16R,607,B3380
20170819,HXA2906,ZLTS,ZBTJ,38700,46800,38040,45120,CRJ9,23.2,Chinaexpressair,16L,608,B3380
20170819,HXA2925,ZBTJ,ZYTL,53400,57300,54840,57780,CRJ9,23.2,Chinaexpressair,16R,608,B3380
20170819,HXA2926,ZYTL,ZBTJ,78600,82800,79560,82320,CRJ9,23.2,Chinaexpressair,16L,609,B3380
20170819,JOY1602,ZBTJ,ZBSJ,24300,28200,33720,36480,MA60,29.2,Joyair,16R,502,B3710
20170819,JOY1601,ZBSJ,ZBTJ,41700,45900,52740,55740,MA60,29.2,Joyair,16L,503,B3710
20170819,JOY1604,ZBTJ,ZBYN,54300,59100,58920,63420,MA60,29.2,Joyair,16R,503,B3710
20170819,JOY1603,ZBYN,ZBTJ,77400,82800,77160,81420,MA60,29.2,Joyair,16L,504,B3710
20170819,JOY1595,ZBTJ,ZSYT,25800,31500,25680,29340,MA60,29.2,Joyair,16R,502,B3712
20170819,JOY1596,ZSYT,ZBTJ,36600,41700,37920,42060,MA60,29.2,Joyair,16L,501,B3722
20170819,OKA2861,ZBTJ,ZGHA,30600,39900,35760,43080,B738,35.8,OkayAirways,16R,222,B5181
20170819,OKA2862,ZGHA,ZBTJ,62700,70800,70440,78000,B738,35.8,OkayAirways,16L,226,B5181
20170819,CCA4547,ZGGG,ZBTJ,26400,37800,29520,39660,B737,35.8,AirChina,16L,117,B5201
20170819,CCA4547,ZBTJ,ZYTN,41400,47700,43560,48480,B737,35.8,AirChina,16R,117,B5201
20170819,CCA4548,ZYTN,ZBTJ,50400,56700,51600,56760,B737,35.8,AirChina,16L,118,B5201
20170819,CCA4548,ZBTJ,ZGGG,60300,71400,61080,70380,B737,35.8,AirChina,16R,118,B5201
20170819,CUA521Z,ZBTJ,ZBNY,67200,72840,71100,72360,B737,35.8,LIANHANG,16R,114,B5210
20170819,CCA1387,ZBTJ,ZGGG,53400,64800,53820,63000,B737,35.8,AirChina,16R,201,B5211
20170819,CCA1388,ZGGG,ZBTJ,69000,80700,71040,80460,B737,35.8,AirChina,16L,202,B5211
20170819,CCA1427,ZBTJ,ZUUU,27000,37800,27660,36000,B738,35.8,AirChina,16R,203,B5213
20170819,CCA1428,ZUUU,ZBTJ,42600,51900,43200,51720,B738,35.8,AirChina,16L,212,B5213
20170819,CES594R,ZBTJ,ZPDL,28800,40800,30480,42300,B737,35.8,ChinaEasternAirlines,16R,219,B5231
20170819,EPA6283,ZLLL,ZBTJ,45600,54600,46620,53640,B738,35.8,DONGHAIAIR,16L,213,B5313
20170819,EPA6284,ZBTJ,ZLLL,58800,67500,60600,67800,B738,35.8,DONGHAIAIR,16R,213,B5313
20170819,CSZ9121,ZGSZ,ZBTJ,25200,36300,26460,36300,B739,34.3,ShenzhenAirlines,16L,107,B5345
20170819,CSZ9122,ZBTJ,ZGSZ,39900,51600,40680,50280,B738,35.8,ShenzhenAirlines,16R,107,B5345
20170819,CCA8283,ZBTJ,ZBYC,47100,53400,47100,51540,B738,35.8,AirChina,16R,201,B5387
20170819,CXA8203,ZYTL,ZBTJ,30900,34500,30900,33720,B738,35.8,XiamenAirlines,16L,227,B5388
20170819,CXA8203,ZBTJ,ZLXN,40200,48000,39420,46920,B738,35.8,XiamenAirlines,16R,227,B5388
20170819,CXA8204,ZLXN,ZBTJ,50700,59400,50820,58020,B738,35.8,XiamenAirlines,16L,228,B5388
20170819,CXA8204,ZBTJ,ZYTL,67500,71100,68760,71160,B738,35.8,XiamenAirlines,16R,228,B5388
20170819,CCA151,ZBTJ,ZYTL,32700,36600,32640,35160,B738,35.8,AirChina,16R,109,B5391
20170819,CCA152,ZYTL,ZBTJ,66000,69600,67200,69960,B738,35.8,AirChina,16L,203,B5391
20170819,CCA8289,ZBTJ,ZBHH,75600,81000,76740,80280,B738,35.8,AirChina,16R,203,B5391
20170819,CSH9131,ZSPD,ZBTJ,32700,41100,36180,42420,B738,35.8,ShanghaiAirlines,16L,610,B5396
20170819,CSH9132,ZBTJ,ZSPD,45000,52200,46380,53160,B738,35.8,ShanghaiAirlines,16R,610,B5396
20170819,CHH7168,ZBTJ,ZYTL,36900,40500,37080,39480,B738,35.8,HainanAirlines,16R,214,B5428
20170819,FZA6569,ZSLY,ZBTJ,37500,42600,37560,41160,B738,35.8,STRAITAIR,16L,409,B5430
20170819,FZA6570,ZBTJ,ZSLY,46200,51300,46680,49680,B738,35.8,STRAITAIR,16R,409,B5430
20170819,CSN3133,ZGGG,ZBTJ,30300,41400,32460,41820,B738,35.8,ChinaSouthernAirlines,16L,221,B5445
20170818,CCA8280,ZBYN,ZBTJ,-11400,-6900,4980,7980,B738,35.8,AirChina,16L,202,B5447
20170819,CCA1619,ZBTJ,ZGSD,31200,43200,36720,46860,B738,35.8,AirChina,16R,202,B5447
20170819,CCA1620,ZGSD,ZBTJ,46800,57600,55020,65100,B738,35.8,AirChina,16L,212,B5447
20170819,CCA1251,ZBTJ,ZLXY,63300,70500,71460,76800,B738,35.8,AirChina,16R,212,B5447
20170819,CCA1252,ZLXY,ZBTJ,74400,81000,80880,85860,B738,35.8,AirChina,16L,108,B5447
20170819,CSH9264,ZSSS,ZBTJ,50400,59100,62100,68340,B738,35.8,ShanghaiAirlines,16L,609,B5460
20170819,CSH9134,ZBTJ,ZSSS,62700,69900,72480,78660,B738,35.8,ShanghaiAirlines,16R,609,B5460
20170819,CUA585R,ZBTJ,ZBNY,52200,54000,55740,57120,B738,35.8,LIANHANG,16R,115,B5470
20170818,CXA8604,ZBHH,ZBTJ,-19200,-14100,-1080,2700,B738,35.8,XiamenAirlines,16L,229,B5476
20170819,CXA8139,ZBTJ,ZSAM,27900,36900,33900,42060,B738,35.8,XiamenAirlines,16R,229,B5476
20170819,CXA868,ZSAM,ZBTJ,54600,64500,61980,70980,B738,35.8,XiamenAirlines,16L,230,B5487
20170819,CXA8126,ZBTJ,ZSAM,74100,84000,75240,83340,B738,35.8,XiamenAirlines,16R,230,B5487
20170819,CXA8380,ZGSZ,ZBTJ,72900,84000,73020,82800,B738,35.8,XiamenAirlines,16L,227,B5499
20170819,CCA811,ZBTJ,VTBS,73800,6300,77400,6180,B738,35.8,AirChina,16R,109,B5508
20170819,CCA812,VTBS,ZBTJ,11100,27900,12360,28020,B738,35.8,AirChina,16L,117,B5508
20170819,CCA103,ZBTJ,VHHH,30900,42600,36300,47820,B738,35.8,AirChina,16R,117,B5508
20170819,CCA104,VHHH,ZBTJ,46200,58500,53340,63360,B738,35.8,AirChina,16L,118,B5508
20170819,CCA1672,ZGSZ,ZBTJ,57600,68400,59400,69180,B738,35.8,AirChina,16L,201,B5509
20170819,CCA1671,ZBTJ,ZGSZ,42000,54000,43440,52980,B738,35.8,AirChina,16R,107,B5509
20170819,CCA1529,ZBTJ,ZSAM,25200,35100,33240,41520,B738,35.8,AirChina,16R,118,B5510
20170819,CCA1530,ZSAM,ZBTJ,40200,50400,49800,57960,B738,35.8,AirChina,16L,109,B5510
20170819,CCA1395,ZBTJ,ZGGG,64200,75900,64980,74280,B738,35.8,AirChina,16R,109,B5510
20170818,CCA1242,ZLXN,ZBTJ,-17700,-9000,-6600,300,B738,35.8,AirChina,16L,201,B5518
20170819,CCA1417,ZBTJ,ZUGY,34200,44700,35640,44640,B738,35.8,AirChina,16R,201,B5518
20170819,CCA1418,ZUGY,ZBTJ,47700,57900,48660,58260,B738,35.8,AirChina,16L,202,B5518
20170819,CCA1259,ZBTJ,ZUGY,61500,71400,63180,72120,B738,35.8,AirChina,16R,202,B5518
20170819,CCA1249,ZBTJ,ZLXY,26700,33600,27420,33420,B737,35.8,AirChina,16R,212,B5519
20170819,CCA1250,ZLXY,ZBTJ,37500,44700,38280,43680,B737,35.8,AirChina,16L,203,B5519
20170819,CCA1523,ZBTJ,ZSSS,54000,61500,62160,67500,B737,35.8,AirChina,16R,203,B5519
20170819,CSH9147,ZSSS,ZBTJ,29700,37500,30720,37020,B738,35.8,ShanghaiAirlines,16L,219,B5549
20170819,CSH9148,ZBTJ,ZSSS,41100,48900,41820,48660,B738,35.8,ShanghaiAirlines,16R,219,B5549
20170819,OKA2918,ZBTJ,ZYHB,76200,84300,21360,27720,B738,35.8,OkayAirways,16R,223,B5562
20170819,OKA3021,ZYHB,ZBTJ,24600,32100,31680,39600,B738,35.8,OkayAirways,16L,223,B5562
20170819,OKA2851,ZBTJ,ZUUU,42300,53100,42960,51600,B739,34.3,OkayAirways,16R,223,B5562
20170819,OKA2852,ZUUU,ZBTJ,57300,66300,58260,66240,B739,34.3,OkayAirways,16L,224,B5562
20170819,OKA3022,ZBTJ,ZYHB,77100,84300,77700,83820,B738,35.8,OkayAirways,16R,225,B5562
20170818,OKA2860,ZGSZ,ZBTJ,-23700,-12900,-5580,5100,B738,35.8,OkayAirways,16L,222,B5571
20170819,OKA2825,ZBTJ,ZSHC,24600,31800,24780,30540,B738,35.8,OkayAirways,16R,223,B5571
20170819,OKA2826,ZSHC,ZBTJ,36000,43500,39660,46020,B738,35.8,OkayAirways,16L,224,B5571
20170819,OKA2931,ZBTJ,ZGHA,48300,57000,52920,59760,B738,35.8,OkayAirways,16R,224,B5571
20170818,OKA2728,ZLXN,ZBTJ,-8100,-85800,-3240,3540,B738,35.8,OkayAirways,16L,225,B5573
20170819,OKA3035,ZBTJ,ZSNT,39000,45600,45240,51120,B738,35.8,OkayAirways,16R,225,B5573
20170818,OKA2752,ZSHC,ZBTJ,-6600,-85200,3420,9540,B738,35.8,OkayAirways,16L,226,B5578
20170819,OKA2819,ZBTJ,ZGKL,26400,36600,26340,35220,B738,35.8,OkayAirways,16R,226,B5578
20170819,OKA2820,ZGKL,ZBTJ,45300,55800,49680,58800,B738,35.8,OkayAirways,16L,222,B5578
20170819,OKA2805,ZBTJ,ZSHC,61200,68100,65100,70620,B738,35.8,OkayAirways,16R,222,B5578
20170819,CCA1633,ZBTJ,ZHSY,32100,39600,34620,40680,B738,35.8,AirChina,16R,108,B5585
20170819,CCA1634,ZHSY,ZBTJ,44700,51900,45900,51900,B738,35.8,AirChina,16L,107,B5585
20170819,CCA8275,ZBTJ,ZSWZ,64500,71700,63900,71160,B738,35.8,AirChina,16R,107,B5585
20170819,CCA8276,ZSWZ,ZBTJ,75000,84000,78480,85560,B738,35.8,AirChina,16L,117,B5585
20170818,CXA8240,ZLXY,ZBTJ,-10500,-3600,-1140,4080,B738,35.8,XiamenAirlines,16L,228,B5603
20170819,CXA8271,ZBTJ,ZBLA,26100,34800,26220,34080,B738,35.8,XiamenAirlines,16R,228,B5603
20170819,CSH9115,ZSSS,ZBTJ,36300,44100,39180,46680,B738,35.8,ShanghaiAirlines,16L,610,B5610
20170819,CSH9116,ZBTJ,ZSSS,49140,55800,51900,57840,B738,35.8,ShanghaiAirlines,16R,610,B5610
20170819,CCA171,ZBTJ,RKSI,31800,38700,31560,0,B738,35.8,AirChina,16R,118,B5621
20170819,CCA172,RKSI,ZBTJ,42300,48600,45540,50580,B738,35.8,AirChina,16L,108,B5621
20170819,CCA1319,ZBTJ,ZGSZ,52500,64200,55500,66360,B738,35.8,AirChina,16R,212,B5621
20170819,CCA1320,ZGSZ,ZBTJ,69000,80100,70020,81120,B738,35.8,AirChina,16L,109,B5621
20170818,CXA8380,ZGSZ,ZBTJ,-13500,-2400,-3360,7620,B738,35.8,XiamenAirlines,16L,229,B5635
20170819,CXA8681,ZBTJ,ZSAM,36300,46500,39960,48300,B738,35.8,XiamenAirlines,16R,229,B5635
20170819,CCD8924,ZLIC,ZBTJ,42900,50400,43440,51000,B738,35.8,XIANGJIAN,16L,116,B5639
20170819,CCD8924,ZBTJ,ZYTL,54000,57600,55140,58140,B738,35.8,XIANGJIAN,16R,116,B5639
20170819,CSN6655,ZSYW,ZBTJ,36900,45300,43080,49620,B738,35.8,ChinaSouthernAirlines,16L,217,B5641
20170819,CSN6656,ZBTJ,ZSYW,48900,57000,57540,63720,B738,35.8,ChinaSouthernAirlines,16R,217,B5641
20170819,CCA8290,ZBHH,ZBTJ,28800,33900,30480,34380,B738,35.8,AirChina,16L,118,B5680
20170819,CCA1467,ZBTJ,ZPPP,48000,61500,48720,60120,B738,35.8,AirChina,16R,118,B5680
20170819,CCA1468,ZPPP,ZBTJ,65100,76800,65940,76860,B738,35.8,AirChina,16L,117,B5680
20170819,CCA1371,ZBTJ,ZGSZ,28200,39900,32100,41880,B737,35.8,AirChina,16R,201,B5681
20170819,CCA1372,ZGSZ,ZBTJ,43500,54900,47760,57480,B737,35.8,AirChina,16L,203,B5681
20170819,CCA1527,ZBTJ,ZSSS,59400,66900,63540,69300,B737,35.8,AirChina,16R,108,B5681
20170818,CCA1482,ZBYC,ZBTJ,-9300,-3900,6600,10740,B737,35.8,AirChina,16L,202,B5696
20170819,CCA1663,ZBTJ,ZSWH,30000,35100,30780,33780,B738,35.8,AirChina,16R,202,B5696
20170819,CCA1664,ZSWH,ZBTJ,38400,42600,38220,41700,B738,35.8,AirChina,16L,212,B5696
20170819,CCA8277,ZBTJ,ZGSD,49800,62100,51060,61440,B738,35.8,AirChina,16R,212,B5696
20170819,CCA8278,ZGSD,ZBTJ,66600,77400,68340,79080,B738,35.8,AirChina,16L,107,B5696
20170819,CES9737,ZPPP,ZBTJ,76200,1500,76980,1620,B738,35.8,ChinaEasternAirlines,16L,215,B5701
20170819,CHH7731,ZUGY,ZBTJ,37800,47700,41580,51240,B738,35.8,HainanAirlines,16L,410,B5733
20170819,CHH7732,ZBTJ,ZUGY,55200,64200,61680,70440,B738,35.8,HainanAirlines,16R,410,B5733
20170819,CSZ9141,ZGGG,ZBTJ,46200,58200,55200,64680,B738,35.8,ShenzhenAirlines,16L,117,B5772
20170819,CSZ9142,ZBTJ,ZGGG,62700,73800,71280,80040,B738,35.8,ShenzhenAirlines,16R,117,B5772
20170819,CCA1260,ZUGY,ZBTJ,37800,47400,38340,48780,B738,35.8,AirChina,16L,201,B5793
20170819,CCA1389,ZBTJ,ZJSY,54180,68700,57360,69060,B738,35.8,AirChina,16R,201,B5793
20170819,RLH5315,ZBCZ,ZBTJ,37800,42300,41820,45420,B737,35.8,SENDI,16L,110,B5830
20170819,RLH5316,ZBTJ,ZBCZ,48200,51800,49740,53340,B737,35.8,SENDI,16R,112,B5830
20170818,OKA2852,ZUUU,ZBTJ,-29100,-20100,-7920,480,B739,34.3,OkayAirways,16L,223,B5841
20170819,OKA2701,ZBTJ,ZSLG,39600,45300,43800,47220,B738,35.8,OkayAirways,16R,224,B5841
20170819,OKA3039,ZBTJ,VVDN,77400,1800,81780,9660,B738,35.8,OkayAirways,16R,226,B5842
20170819,OKA293X,ZGHA,ZBTJ,23400,30600,24120,31200,B738,35.8,OkayAirways,16L,223,B5842
20170819,OKA2757,ZBTJ,ZGDY,35700,44700,38340,45720,B738,35.8,OkayAirways,16R,223,B5842
20170819,OKA2758,ZGDY,ZBTJ,64200,72900,67920,75780,B738,35.8,OkayAirways,16L,222,B5842
20170818,OKA2898,ZPPP,ZBTJ,-20400,-9000,-6240,4740,B738,35.8,OkayAirways,16L,224,B5843
20170819,OKA2883,ZLXY,ZBTJ,22800,30300,23400,28560,B738,35.8,OkayAirways,16L,225,B5843
20170818,CXA8322,ZSHC,ZBTJ,-9300,-1200,-360,6000,B738,35.8,XiamenAirlines,16L,227,B5845
20170819,CXA8293,ZBTJ,ZLLL,33000,42600,34440,41580,B738,35.8,XiamenAirlines,16R,230,B5845
20170819,CXA8294,ZLLL,ZBTJ,46500,55500,46200,52620,B738,35.8,XiamenAirlines,16L,227,B5845
20170819,CXA8239,ZBTJ,ZLXY,63900,70800,64380,70260,B738,35.8,XiamenAirlines,16R,227,B5845
20170819,CXA8240,ZLXY,ZBTJ,75900,82800,76500,81780,B738,35.8,XiamenAirlines,16L,228,B5845
20170819,CCA1771,ZSHC,ZBTJ,54900,63000,68820,74760,A319,34.09,AirChina,16L,107,B6048
20170819,CCA1772,ZBTJ,ZSHC,66600,73800,78060,84180,A319,34.09,AirChina,16R,107,B6048
20170819,CHH7725,ZGHA,ZBTJ,35700,44400,44400,51360,B738,35.8,HainanAirlines,16L,411,B6065
20170819,CHH7725,ZBTJ,ZYHB,48300,55500,55620,62160,B738,35.8,HainanAirlines,16R,411,B6065
20170819,CHH7726,ZYHB,ZBTJ,59100,66600,66060,71820,B738,35.8,HainanAirlines,16L,412,B6065
20170819,CHH7726,ZBTJ,ZGHA,70200,79200,77100,83460,B738,35.8,HainanAirlines,16R,412,B6065
20170819,CSN3168,ZHHH,ZBTJ,58200,64800,64620,70860,B738,35.8,ChinaSouthernAirlines,16L,220,B6069
20170819,CSN3167,ZBTJ,ZHHH,68700,75600,76440,81600,B738,35.8,ChinaSouthernAirlines,16R,220,B6069
20170819,CCD8923,ZYTL,ZBTJ,24600,28200,24600,27420,B738,35.8,XIANGJIAN,16L,111,B6105
20170819,CCD8923,ZBTJ,ZLIC,31800,39900,32280,38220,B738,35.8,XIANGJIAN,16R,111,B6105
20170818,CES9737,ZPPP,ZBTJ,-10200,-84900,-9420,1620,B738,35.8,ChinaEasternAirlines,16L,216,B6149
20170819,CES9738,ZBTJ,ZPPP,34500,47400,35940,46620,B738,35.8,ChinaEasternAirlines,16R,216,B6149
20170819,CGH1029,ZSTX,ZBTJ,57300,64500,58020,64320,A319,34.09,GuizhouAirlines,16L,114,B6192
20170819,CGH1030,ZBTJ,ZSTX,67800,74700,68220,73860,A319,34.09,GuizhouAirlines,16R,114,B6192
20170819,CSN3125,ZGHA,ZBTJ,48000,56700,49860,56880,A320,34.1,ChinaSouthernAirlines,16L,221,B6272
20170819,CSN3125,ZBTJ,ZYHB,60600,68100,61620,67860,A320,34.1,ChinaSouthernAirlines,16R,221,B6272
20170819,CSN3126,ZYHB,ZBTJ,70800,78300,71400,77160,A320,34.1,ChinaSouthernAirlines,16L,218,B6272
20170819,CSN3126,ZBTJ,ZGHA,82500,4800,82740,89340,A320,34.1,ChinaSouthernAirlines,16R,218,B6272
20170819,CSN3135,ZGGG,ZBTJ,56700,68100,58680,67980,A320,34.1,ChinaSouthernAirlines,16L,217,B6291
20170819,CSN3136,ZBTJ,ZGGG,71400,83400,72840,81840,A320,34.1,ChinaSouthernAirlines,16R,217,B6291
20170819,CQH8813,ZSPD,ZBTJ,25500,34200,26640,33300,A320,34.1,ShanghaiSpringAirlines,16L,115,B6301
20170819,CSC8354,ZSCN,ZBTJ,66900,75600,67440,74040,A320,34.1,SichuanAirlines,16L,112,B6348
20170819,CSC8353,ZBTJ,ZSCN,32100,37800,32520,38820,A320,34.1,SichuanAirlines,16R,110,B6348
20170819,CSC8862,ZBTJ,ZUUU,79200,3300,84960,92880,A320,34.1,SichuanAirlines,16R,112,B6348
20170819,CSZ9797,ZSQZ,ZBTJ,25200,34500,35400,45180,A320,34.1,ShenzhenAirlines,16L,109,B6359
20170819,CSZ9798,ZBTJ,ZSQZ,38400,47700,49380,58260,A320,34.1,ShenzhenAirlines,16R,203,B6359
20170819,CCA4187,ZUUU,ZBTJ,26700,35700,27480,35640,A321,34.1,AirChina,16L,108,B6365
20170819,CBJ5729,ZPLJ,ZBTJ,64800,75600,65960,77360,A319,34.09,BeijingCapitalAirlines,16L,413,B6401
20170819,CBJ5730,ZBTJ,ZPLJ,79500,5100,81540,91260,A319,34.09,BeijingCapitalAirlines,16R,413,B6401
20170819,TBA9907,ZUCK,ZBTJ,49800,59400,51120,60000,A319,34.09,TIBET,16L,116,B6436
20170819,TBA9908,ZBTJ,ZUCK,66000,76500,66960,74760,A319,34.09,TIBET,16R,111,B6436
20170819,CSC8217,ZLXY,ZBTJ,63600,71100,64740,69780,A319,34.09,SichuanAirlines,16L,113,B6442
20170819,CSC8218,ZBTJ,ZLXY,75000,82800,75480,80820,A319,34.09,SichuanAirlines,16R,115,B6442
20170819,CXA8321,ZBTJ,ZSHC,38100,45000,38760,45180,B738,35.8,XiamenAirlines,16R,230,B6486
20170819,CCA1402,ZPPP,ZBTJ,73200,84900,73920,84960,B738,35.8,AirChina,16L,203,B6499
20170819,CCA1245,ZBTJ,ZLLL,30600,39600,30300,37440,B738,35.8,AirChina,16R,109,B6499
20170819,CCA1246,ZLLL,ZBTJ,42600,51300,43020,49860,B738,35.8,AirChina,16L,118,B6499
20170819,CCA1401,ZBTJ,ZPPP,57300,69300,57900,68220,B738,35.8,AirChina,16R,202,B6499
20170819,CSZ9123,ZGSZ,ZBTJ,55500,66300,57420,67800,A320,34.1,ShenzhenAirlines,16L,107,B6550
20170819,CSZ9124,ZBTJ,ZGSZ,70800,82500,72300,81660,A320,34.1,ShenzhenAirlines,16R,107,B6550
20170819,CSC8015,ZBTJ,ZUXC,24000,36000,24360,33960,A320,34.1,SichuanAirlines,16R,113,B6700
20170819,CSC8016,ZUXC,ZBTJ,59100,69300,67200,77520,A320,34.1,SichuanAirlines,16L,114,B6700
20170819,CCA1921,ZSWZ,ZBTJ,30600,39900,31500,39600,A320,34.1,AirChina,16L,212,B6733
20170819,CCA1922,ZBTJ,ZSWZ,43500,52200,44280,51540,A320,34.1,AirChina,16R,118,B6733
20170819,CSC8815,ZSHC,ZBTJ,25200,32700,25620,31440,A320,34.1,SichuanAirlines,16L,115,B6771
20170819,CSC8815,ZBTJ,ZYCC,36900,42900,37560,42840,A320,34.1,SichuanAirlines,16R,115,B6771
20170819,CSC8816,ZYCC,ZBTJ,45900,51900,47880,52800,A320,34.1,SichuanAirlines,16L,110,B6771
20170819,CSC8816,ZBTJ,ZSHC,56100,63600,60120,65460,A320,34.1,SichuanAirlines,16R,110,B6771
20170819,GCR7896,ZUCK,ZBTJ,32400,41400,39000,46560,A320,34.1,TianjinAirlines,16L,415,B6789
20170819,GCR7901,ZBTJ,ZLXY,48900,55800,51660,57420,A332,60.3,TianjinAirlines,16R,415,B6789
20170819,LKE9713,ZPPP,ZBTJ,63600,75900,64800,76020,B737,35.8,LUCKYAIR,16L,416,B6809
20170819,LKE9714,ZBTJ,ZPPP,80400,6600,81120,91080,B737,35.8,LUCKYAIR,16R,416,B6809
20170818,CXA8098,ZSQZ,ZBTJ,-14700,-4500,-5520,3120,B738,35.8,XiamenAirlines,16L,230,B6819
20170819,CXA8365,ZBTJ,ZGSZ,26100,38100,26580,36660,B738,35.8,XiamenAirlines,16R,230,B6819
20170819,CXA8366,ZGSZ,ZBTJ,42000,53100,43320,52920,B738,35.8,XiamenAirlines,16L,229,B6819
20170819,CXA8379,ZBTJ,ZGSZ,63900,75900,65580,75420,B738,35.8,XiamenAirlines,16R,229,B6819
20170819,GCR7993,ZBTJ,RKSI,29400,34200,29520,0,A320,34.1,TianjinAirlines,16R,414R,B6865
20170819,GCR7994,RKSI,ZBTJ,38700,44700,39780,44940,A320,34.1,TianjinAirlines,16L,414L,B6865
20170819,GCR7809,ZBTJ,ZSCN,52500,58200,53100,59820,A320,34.1,TianjinAirlines,16R,414L,B6865
20170819,CSN6570,ZLXY,ZBTJ,49800,57000,50640,55920,A320,34.1,ChinaSouthernAirlines,16L,220,B6897
20170819,CSN6570,ZBTJ,ZYCC,61200,67500,63360,68460,A320,34.1,ChinaSouthernAirlines,16R,221,B6897
20170819,OKA2868,VTSP,ZBTJ,9600,33000,23820,42840,B738,35.8,OkayAirways,16L,226,B6997
20170819,OKA2833,ZBTJ,ZSCN,46800,52500,50880,57600,B738,35.8,OkayAirways,16R,225,B6997
20170819,RLH6515,ZHXF,ZBTJ,59700,66600,70740,76560,B737,35.8,SENDI,16L,116,B7088
20170819,RLH6516,ZBTJ,ZHXF,72300,78600,80520,86100,B737,35.8,SENDI,16R,116,B7088
20170819,CCA8293,ZBTJ,ZWTL,31500,45900,31380,45240,B738,35.8,AirChina,16R,117,B7182
20170819,CCA8294,ZWTL,ZBTJ,65700,78300,65700,77340,B738,35.8,AirChina,16L,108,B7182
20170819,CXA8229,ZSHC,ZBTJ,27300,34800,28860,34980,B738,35.8,XiamenAirlines,16L,228,B7195
20170819,CXA8229,ZBTJ,ZWWW,38400,53700,38520,51900,B738,35.8,XiamenAirlines,16R,228,B7195
20170819,OKA2849,ZGHA,ZBTJ,26100,34500,36300,43980,B738,35.8,OkayAirways,16L,222,B7373
20170819,OKA2849,ZBTJ,ZYHB,38400,46500,46980,53460,B738,35.8,OkayAirways,16R,222,B7373
20170819,OKA2850,ZYHB,ZBTJ,49800,57900,57060,63240,B738,35.8,OkayAirways,16L,223,B7373
20170819,OKA2850,ZBTJ,ZGHA,61800,70800,67320,74400,B738,35.8,OkayAirways,16R,223,B7373
20170819,CES5747,ZPPP,ZBTJ,35100,46500,36480,48540,B738,35.8,ChinaEasternAirlines,16L,216,B7590
20170819,CES5748,ZBTJ,ZPPP,50700,64200,52620,63300,B738,35.8,ChinaEasternAirlines,16R,216,B7590
20170819,CXA8039,ZGHA,ZBTJ,32100,40200,37500,47100,B738,35.8,XiamenAirlines,16L,227,B7816
20170819,CXA8039,ZBTJ,ZYHB,45900,54000,50340,57240,B738,35.8,XiamenAirlines,16R,227,B7816
20170819,CXA8040,ZYHB,ZBTJ,59400,66900,61860,68100,B738,35.8,XiamenAirlines,16L,229,B7816
20170819,CXA8040,ZBTJ,ZGHA,72300,80700,73380,79920,B738,35.8,XiamenAirlines,16R,229,B7816
20170819,CXA8470,ZUCK,ZBTJ,29700,38400,30300,37980,B738,35.8,XiamenAirlines,16L,226,B7821
20170819,CXA8655,ZBTJ,ZSFZ,42300,51600,42480,50520,B738,35.8,XiamenAirlines,16R,226,B7821
20170819,CXA8656,ZSFZ,ZBTJ,71700,81300,75720,84480,B738,35.8,XiamenAirlines,16L,228,B7821
20170818,CXA8656,ZSFZ,ZBTJ,-14700,-5100,4440,12600,B738,35.8,XiamenAirlines,16L,227,B7825
20170819,CXA8459,ZBTJ,ZLXY,28200,35400,28560,34560,B738,35.8,XiamenAirlines,16R,227,B7825
20170819,CXA8460,ZLXY,ZBTJ,58500,65400,59220,64560,B738,35.8,XiamenAirlines,16L,228,B7825
20170819,CXA8469,ZBTJ,ZUCK,68700,78300,70080,78480,B738,35.8,XiamenAirlines,16R,230,B7825
20170819,CXA8230,ZWWW,ZBTJ,57900,71100,65940,77820,B738,35.8,XiamenAirlines,16L,228,B7831
20170819,CXA8230,ZBTJ,ZSHC,76200,83400,84660,90480,B738,35.8,XiamenAirlines,16R,229,B7831
20170818,CCA1528,ZSSS,ZBTJ,-15600,-7500,-1200,4920,B737,35.8,AirChina,16L,202,B7890
20170819,CCA1317,ZBTJ,ZGGG,27600,39000,31200,40620,B738,35.8,AirChina,16R,203,B7890
20170819,CCA1318,ZGGG,ZBTJ,42600,54600,45840,54900,B738,35.8,AirChina,16L,109,B7890
20170819,CCA1669,ZBTJ,ZGHA,61500,70200,62400,68820,B738,35.8,AirChina,16R,109,B7890
20170819,CCA1670,ZGHA,ZBTJ,73800,82500,76920,83940,B738,35.8,AirChina,16L,201,B7890
20170818,CCA1670,ZGHA,ZBTJ,-12600,-3900,5940,12960,B738,35.8,AirChina,16L,212,B7893
20170819,CCA1679,ZBTJ,ZUCK,28620,38400,29340,37800,B738,35.8,AirChina,16R,212,B7893
20170819,CCA1680,ZUCK,ZBTJ,42000,51600,42060,51000,B738,35.8,AirChina,16L,117,B7893
20170819,CCA1673,ZBTJ,ZSHC,58200,65100,64560,70140,B738,35.8,AirChina,16R,117,B7893
20170818,CDG4826,ZBHH,ZBTJ,-11700,-6600,4320,7800,B738,35.8,shandongAirlines,16L,108,B7975
20170819,CDG4825,ZSQD,ZBTJ,28200,33300,29940,33360,B738,35.8,shandongAirlines,16L,202,B7977
20170819,CDG4825,ZBTJ,ZBHH,37200,42600,37860,42000,B738,35.8,shandongAirlines,16R,118,B7977
20170819,CDG4826,ZBHH,ZBTJ,74700,79800,81960,86040,B738,35.8,shandongAirlines,16L,201,B7977
20170819,GCR7859,ZBTJ,ZHHH,30000,37200,33960,39840,A320,34.1,TianjinAirlines,16R,415L,B8062
20170819,DKH1136,ZYBS,ZBTJ,44100,51300,58920,64200,A321,34.1,ShanghaiJuneyaoAirlines,16L,113,B8068
20170819,DKH1136,ZBTJ,ZSPD,55200,62400,70560,76680,A321,34.1,ShanghaiJuneyaoAirlines,16R,111,B8068
20170818,GCR7866,ZJHK,ZBTJ,-14100,-1800,-6120,6480,A320,34.1,TianjinAirlines,16L,415R,B8075
20170819,GCR7907,ZBTJ,ZBOW,29100,35400,29640,34020,A320,34.1,TianjinAirlines,16R,416L,B8075
20170819,GCR7908,ZBOW,ZBTJ,68400,74100,72300,76200,A320,34.1,TianjinAirlines,16L,417R,B8075
20170819,GCR7865,ZBTJ,ZJHK,78900,4800,81300,92280,A320,34.1,TianjinAirlines,16R,417R,B8075
20170819,CBJ5739,ZPLJ,ZBTJ,28200,39000,29040,40440,A320,34.1,BeijingCapitalAirlines,16L,418R,B8169
20170819,CBJ5740,ZBTJ,ZPLJ,42600,55200,44160,54900,A320,34.1,BeijingCapitalAirlines,16R,418R,B8169
20170819,B8253,ZYBS,ZBTJ,68700,75900,68700,73680,GLF4,23.7,private,16L,876,B8253
20170819,CES5644,ZBTJ,ZSSS,76200,83400,77220,0,A320,34.1,ChinaEasternAirlines,16R,215,B8281
20170819,CES5643,ZSSS,ZBTJ,41100,49200,46380,52500,A320,34.1,ChinaEasternAirlines,16L,215,B8281
20170819,CES5643,ZBTJ,ZBUL,54300,61800,56640,62520,A320,34.1,ChinaEasternAirlines,16R,219,B8281
20170819,CES5644,ZBUL,ZBTJ,65100,72000,66540,72360,A320,34.1,ChinaEasternAirlines,16L,215,B8281
20170819,CSC8357,ZBTJ,ZJHK,24900,39000,25200,36240,A320,34.1,SichuanAirlines,16R,112,B8329
20170819,CSC8861,ZUUU,ZBTJ,64800,73800,65580,73560,A320,34.1,SichuanAirlines,16L,114,B8329
20170819,CSC8358,ZJHK,ZBTJ,42000,54300,43680,55140,A320,34.1,SichuanAirlines,16L,111,B8331
20170819,CSC8355,ZBTJ,ZGOW,59100,70800,61260,69720,A320,34.1,SichuanAirlines,16R,111,B8331
20170819,CSC8356,ZGOW,ZBTJ,73500,84600,74760,83640,A320,34.1,SichuanAirlines,16L,113,B8331
20170819,CSC8863,ZUCK,ZBTJ,49800,58800,52560,60600,A321,34.1,SichuanAirlines,16L,112,B8378
20170819,CSC8863,ZBTJ,ZYCC,63600,68400,65280,70380,A321,34.1,SichuanAirlines,16R,116,B8378
20170819,CSC8864,ZYCC,ZBTJ,71400,77700,74280,79380,A321,34.1,SichuanAirlines,16L,114,B8378
20170819,CSC8864,ZBTJ,ZUCK,81600,4800,83040,90420,A321,34.1,SichuanAirlines,16R,114,B8378
20170819,GCR7001,ZBTJ,ZJHK,7200,19800,30120,41280,E145,20.04,TianjinAirlines,16R,417L,B8389
20170819,TBA9877,ZUUU,ZBTJ,22800,31500,23580,31500,A320,34.1,TIBET,16L,112,B8417
20170819,TBA9877,ZBTJ,ZYCC,35100,41400,36000,41100,A320,34.1,TIBET,16R,112,B8417
20170819,TBA987R,ZBTJ,ZUUU,32400,40800,37980,46380,A320,34.1,TIBET,16R,113,B8418
20170819,CCA4188,ZBTJ,ZUUU,39300,50700,40080,48180,A321,34.1,AirChina,16R,203,B8502
20170819,GCR7583,ZLXY,ZBTJ,24600,31200,24840,31200,A320,34.1,TianjinAirlines,16L,419R,B8505
20170819,GCR7583,ZBTJ,ZYHB,36000,42000,35580,41820,A320,34.1,TianjinAirlines,16R,419R,B8505
20170819,CBJ5195,ZJSY,ZBTJ,55800,70200,56340,70140,A321,34.1,BeijingCapitalAirlines,16L,204,B8553
20170819,CBJ5196,ZBTJ,ZJSY,74700,2700,76920,89040,A321,34.1,BeijingCapitalAirlines,16R,204,B8553
20170819,UEA2773,ZUUU,ZBTJ,27300,36000,28440,36540,A320,34.1,ChengduAirlines,16L,116,B8607
20170819,UEA2773,ZBTJ,ZBMZ,39900,50400,40800,49920,A320,34.1,ChengduAirlines,16R,116,B8607
20170819,UEA2774,ZBMZ,ZBTJ,53400,63600,53580,62700,A320,34.1,ChengduAirlines,16L,115,B8607
20170819,UEA2774,ZBTJ,ZUUU,67320,78300,68100,76020,A320,34.1,ChengduAirlines,16R,115,B8607
20170818,GCR7872,ZWWW,ZBTJ,-20100,-7200,-9960,2340,A332,60.3,TianjinAirlines,16L,417,B8659
20170819,GCR7965,ZBTJ,ZUCK,33900,43800,35160,43200,A332,60.3,TianjinAirlines,16R,417,B8659
20170819,HXA8697,UACC,ZBTJ,3900,21300,4560,21660,A320,34.1,Chinaexpressair,16L,602,B8697
20170819,LKE9647,ZSSH,ZBTJ,38700,43800,43920,49140,A320,34.1,LUCKYAIR,16L,205,B8732
20170819,LKE9648,ZBTJ,ZSSH,47400,52800,53940,58200,A320,34.1,LUCKYAIR,16R,205,B8732
20170818,GCR7888,ZUUU,ZBTJ,-2400,-79800,1260,9240,A332,60.3,TianjinAirlines,16L,418,B8776
20170819,GCR7855,ZBTJ,ZPPP,30300,43500,30660,40380,A332,60.3,TianjinAirlines,16R,418,B8776
20170819,GCR7856,ZPPP,ZBTJ,48300,60000,49200,59940,A332,60.3,TianjinAirlines,16L,419,B8776
20170819,GCR7887,ZBTJ,ZUUU,70500,79500,70860,79020,A332,60.3,TianjinAirlines,16R,416,B8776
20170819,TBA9878,ZBTJ,ZUUU,77700,2100,83520,5340,A320,34.1,TIBET,16R,110,B8841
20170819,TBA9878,ZYCC,ZBTJ,67500,74100,69120,74340,A320,34.1,TIBET,16L,110,B8841
20170819,CSN6569,ZYCC,ZBTJ,29100,35100,29280,34080,A320,34.1,ChinaSouthernAirlines,16L,218,B9915
20170819,CSN6569,ZBTJ,ZLXY,38700,45900,39060,44460,A320,34.1,ChinaSouthernAirlines,16R,218,B9915
20170819,CSC8567,ZYHB,ZBTJ,27000,34800,28680,34380,A321,34.1,SichuanAirlines,16L,111,B9936
20170819,CSC8567,ZBTJ,ZLLL,38700,47400,39780,46620,A321,34.1,SichuanAirlines,16R,111,B9936
20170819,CSC8568,ZLLL,ZBTJ,50100,58800,50160,56400,A321,34.1,SichuanAirlines,16L,113,B9936
20170819,CSC8568,ZBTJ,ZYHB,62400,70200,64200,69960,A321,34.1,SichuanAirlines,16R,114,B9936
20170819,GCR6510,ZHHH,ZBTJ,36300,43200,37980,44400,A320,34.1,TianjinAirlines,16L,207,B9963
20170819,GCR6509,ZBTJ,ZHHH,47400,54600,49080,54780,A320,34.1,TianjinAirlines,16R,207,B9963
20170819,GCR7929,ZBTJ,ZLXY,27000,34200,26820,32580,E190,28.72,TianjinAirlines,16R,209,B9983
20170819,GCR7930,ZLXY,ZBTJ,62100,69000,62880,68220,E190,28.72,TianjinAirlines,16L,413,B9983
20170819,GCR7977,ZBTJ,RJBB,30900,39900,30600,0,A320,34.1,TianjinAirlines,16R,211,B9987
20170818,GCR7878,ZLXN,ZBTJ,-13800,-5100,-3780,3300,A320,34.1,TianjinAirlines,16L,214,B9987
20170819,GCR7978,RJBB,ZBTJ,44400,55200,46020,54840,A320,34.1,TianjinAirlines,16L,414R,B9987
20170819,GCR7895,ZBTJ,ZUCK,64800,74700,65820,73560,A320,34.1,TianjinAirlines,16R,414R,B9987
20170819,CRK363,ZBTJ,VHHH,26700,37800,27060,37860,A333,60.3,HongKongAirlines,16R,105,BLNK
20170819,CRK362,VHHH,ZBTJ,75300,85800,75840,85260,A332,60.3,HongKongAirlines,16L,102,BLNL
20170819,CRK9366,ZBTJ,VHHH,54600,65700,58680,0,A332,60.3,HongKongAirlines,16R,101,BLNV
20170819,CRK9366,ZHCC,ZBTJ,41100,47700,43500,48600,A332,60.3,HongKongAirlines,16L,102,BLNV
20170819,CRK3578,VHHH,ZBTJ,40200,50700,40320,51300,A320,34.1,HongKongAirlines,16L,103,BLPC
20170819,CRK3579,ZBTJ,VHHH,54600,65700,60420,71160,A320,34.1,HongKongAirlines,16R,103,BLPC
20170819,AMU238,VMMC,ZBTJ,29400,40500,31020,40980,A320,34.1,AirMacau,16L,104,BMAK
20170819,AMU237,ZBTJ,VMMC,44460,55200,45420,0,A319,34.09,AirMacau,16R,106,BMAN
20170819,AAR997,RKSI,ZBTJ,34200,41400,36060,40920,B763,47.57,AsianaAirways,16L,106,HL7417
20170819,AAR998,ZBTJ,RKSI,56400,63000,56880,61620,B763,47.57,AsianaAirways,16R,106,HL7417
20170819,KAL318,ZBTJ,RKSI,57600,63600,58080,0,B77L,64.8,KoreanAirLines,16R,105,HL7601
20170819,KAL317,RKSI,ZBTJ,37800,44400,38760,43860,B77L,64.8,KoreanAirLines,16L,101,HL7601
20170819,KAL806,ZBTJ,RKSI,40800,47400,42780,0,B772,60.9,KoreanAirLines,16R,102,HL8008
20170819,AAR327,RKSI,ZBTJ,26700,33000,29520,34980,A321,34.1,AsianaAirways,16L,104,HL8071
20170819,AAR328,ZBTJ,RKSI,36900,43200,39660,44220,A321,34.1,AsianaAirways,16R,103,HL8074
20170819,KAL864,ZBTJ,RKSI,52800,59400,54660,0,B739,34.3,KoreanAirLines,16R,104,HL8241
20170819,KAL863,RKSI,ZBTJ,41700,48300,43680,50100,B739,34.3,KoreanAirLines,16L,104,HL8241
20170819,KAL805,RKSI,ZBTJ,29700,36600,32220,37380,B772,60.9,KoreanAirLines,16L,105,HL8250
20170819,VGO865,VTSG,ZBTJ,23700,46500,31980,50700,B738,35.8,NewEraofThaiAirways,16L,106,HSNGE
20170819,VGO866,ZBTJ,VTSG,50100,68700,56220,74820,B738,35.8,NewEraofThaiAirways,16R,103,HSNGE
20170819,NCT879,ZBTJ,VTBD,65700,82800,66660,0,B772,60.9,NokScoot,16R,102,HSXBB
20170819,NCT880,VTBD,ZBTJ,44400,61200,45060,60420,B772,60.9,NokScoot,16L,101,HSXBB
20170819,SJO1032,ZBTJ,RJAA,59700,70800,67980,0,B738,35.8,SpringJapan,16R,103,JA01GR
20170819,SJO1031,RJAA,ZBTJ,42600,56100,49560,60780,B738,35.8,SpringJapan,16L,104,JA01GR
20170819,JAL840,ZBTJ,RJGG,50400,62400,53400,0,B738,35.8,JapanAirlines,16R,105,JA312J
20170819,JAL841,RJGG,ZBTJ,35100,46200,36900,46260,B738,35.8,JapanAirlines,16L,106,JA312J
20170819,ANA8494,ZBTJ,RJBB,48900,58500,50100,0,B763,47.57,AllNipponAirways,16R,101,JA8323
20170819,ANA8503,RJAA,ZBTJ,30000,43500,31140,42300,B763,47.57,AllNipponAirways,16L,103,JA8323
20170819,HVN500,VVCR,ZBTJ,55200,72600,58980,74160,A321,34.1,VientnamAirlines,16L,102,VNA614
20170819,HVN501,ZBTJ,VVCR,76800,8400,79740,93840,A321,34.1,VientnamAirlines,16R,102,VNA614
20170819,VJC5320,VVCR,ZBTJ,44700,60900,44040,59340,A321,34.1,VietJet,16L,105,VNA667
20170819,VJC5321,ZBTJ,VVCR,65100,81600,66120,80640,A321,34.1,VietJet,16R,105,VNA667
20170819,TBJ89,ZBAA,ZBTJ,6900,9000,11280,12900,GLF5,28.5,private,16L,877,VPCAT
20170819,SWM498,ZBTJ,VDSV,63300,82200,70440,180,A320,34.1,Sky Angkor Airlines,16R,104,XU701
