data,callsign,departure,arrivee,TTOT,TLDT,ATOT,ALDT,Type,Wingspan,Airline,QFU,Parking,registration
20180718,TGW138,WSSS,ZBTJ,5700,27000,7740,27240,B789,60,SCOOTER,16L,101,9VOFD
20180718,TGW139,ZBTJ,WSSS,33600,55200,35280,56880,B789,60,SCOOTER,16R,101,9VOFD
20180718,DKH1135,ZSPD,ZBTJ,51300,59700,53100,59400,A320,34.1,ShanghaiJuneyaoAirlines,16L,110,B1002
20180718,DKH1135,ZBTJ,ZYBS,63780,69900,63600,68820,A320,34.1,ShanghaiJuneyaoAirlines,16R,110,B1002
20180718,CBJ5717,ZGGG,ZBTJ,23700,34500,24240,33360,A321,34.1,BeijingCapitalAirlines,16L,409,B1012
20180718,CBJ5196,ZBTJ,ZJSY,38400,51600,39300,52260,A321,34.1,BeijingCapitalAirlines,16R,409,B1012
20180718,GCR7971,ZBTJ,RJCC,32400,43200,32580,44880,A320,34.1,TianjinAirlines,16R,410,B1052
20180718,GCR7972,RJCC,ZBTJ,47400,61500,49380,61620,A320,34.1,TianjinAirlines,16L,411,B1052
20180718,GCR7887,ZBTJ,ZUUU,69000,79500,69960,79020,A332,60.3,TianjinAirlines,16R,411,B1052
20180717,CSC8257,ZBYN,ZBTJ,-3000,-84780,-780,2160,A321,34.1,SichuanAirlines,16L,111,B1053
20180718,CCA1679,ZBTJ,ZUCK,28500,38400,29700,37800,B738,35.8,AirChina,16R,107,B1218
20180718,CCA1680,ZUCK,ZBTJ,42000,51600,42720,50700,B738,35.8,AirChina,16L,108,B1218
20180718,CCA1673,ZBTJ,ZSHC,58200,65100,58680,64620,B738,35.8,AirChina,16R,108,B1218
20180718,CCA1674,ZSHC,ZBTJ,69000,76500,70320,76260,B738,35.8,AirChina,16L,109,B1218
20180718,CCA8289,ZBTJ,ZBHH,72600,78000,85200,88620,B738,35.8,AirChina,16R,109,B1218
20180717,CCA1528,ZSSS,ZBTJ,-15600,-7500,-1680,4200,B738,35.8,AirChina,16L,117,B1219
20180718,CCA1533,ZBTJ,ZSSS,28800,35700,29160,35160,B738,35.8,AirChina,16R,117,B1219
20180718,CCA1534,ZSSS,ZBTJ,39300,47400,40320,46260,B738,35.8,AirChina,16L,118,B1219
20180718,CCA1387,ZBTJ,ZGGG,53400,64800,54660,64200,B738,35.8,AirChina,16R,118,B1219
20180718,CCA1388,ZGGG,ZBTJ,69000,80700,73500,83580,B738,35.8,AirChina,16L,201,B1219
20180718,CSH9147,ZSSS,ZBTJ,29700,37500,31080,38580,B38M,35.9,ShanghaiAirlines,16L,218,B1260
20180718,CSH9148,ZBTJ,ZSSS,41700,49800,44160,50580,B38M,35.9,ShanghaiAirlines,16R,218,B1260
20180718,OKA2939,ZBTJ,ZSQZ,39600,48600,49800,58080,B738,35.8,OkayAirways,16R,222,B1267
20180718,CJX8961,ZSCN,ZBTJ,27300,35400,27840,34380,B738,35.8,AIRCRANE,16L,112,B1268
20180718,CJX8881,ZBTJ,ZSCN,39000,46500,39960,46560,B738,35.8,AIRCRANE,16R,112,B1268
20180718,CUA2217,ZBTJ,ZSSS,24600,32400,24780,30540,B738,35.8,LIANHANG,16R,113,B1279
20180718,CXA8089,ZBTJ,ZBLA,28800,35400,27240,34860,B738,35.8,XiamenAirlines,16R,226,B1287
20180718,CXA8125,ZSAM,ZBTJ,27900,37500,28740,37080,B738,35.8,XiamenAirlines,16L,227,B1301
20180718,CXA8303,ZBTJ,ZGHA,41100,49500,41700,49020,B738,35.8,XiamenAirlines,16R,227,B1301
20180718,CXA8304,ZGHA,ZBTJ,75300,84300,74880,81780,B738,35.8,XiamenAirlines,16L,228,B1301
20180718,CXA8187,ZSHC,ZBTJ,27300,34800,29640,36720,B738,35.8,XiamenAirlines,16L,229,B1302
20180718,CXA8188,ZBTJ,ZSHC,38700,45600,42060,47940,B738,35.8,XiamenAirlines,16R,229,B1302
20180718,OKA2884,ZBTJ,ZLXY,81300,2400,8040,14280,B738,35.8,OkayAirways,16R,223,B1338
20180718,AMU238,VMMC,ZBTJ,29400,40500,30240,39420,A320,34.1,AirMacau,16L,102,B1338
20180718,AMU237,ZBTJ,VMMC,44100,55200,45240,56340,A320,34.1,AirMacau,16R,102,B1338
20180718,OKA2778,ZGSZ,ZBTJ,62400,72900,69240,79080,B738,35.8,OkayAirways,16L,224,B1338
20180718,FZA6601,ZSZS,ZBTJ,33600,41400,34860,40740,B738,35.8,STRAITAIR,16L,412,B1348
20180718,FZA6602,ZBTJ,ZSZS,45000,52500,46260,52620,B738,35.8,STRAITAIR,16R,412,B1348
20180718,FZA6556,ZSFZ,ZBTJ,65400,75000,67560,75660,B738,35.8,STRAITAIR,16L,413,B1348
20180718,FZA6556,ZBTJ,ZYHB,78600,85800,80160,87840,B738,35.8,STRAITAIR,16R,413,B1348
20180718,FZA6751,ZGHA,ZBTJ,38400,46200,49020,55800,B738,35.8,STRAITAIR,16L,415,B1350
20180718,FZA6752,ZBTJ,ZGHA,50400,58500,59220,66180,B738,35.8,STRAITAIR,16R,415,B1350
20180718,CHH7678,ZBTJ,ZBAA,82800,2760,960,7320,B738,35.8,HainanAirlines,16R,416,B1372
20180718,CSS6972,ZBTJ,ZSHC,3600,10800,3000,8460,B733,28.3,SHUNFENG,16R,61,B1378
20180718,CSS6971,ZSHC,ZBTJ,16500,24300,19980,25440,B733,28.3,SHUNFENG,16L,61L,B1378
20180718,CSN3168,ZHHH,ZBTJ,57900,64500,62640,68100,B738,35.8,ChinaSouthernAirlines,16L,217,B1411
20180718,CSN3167,ZBTJ,ZHHH,70700,76600,72180,78180,B738,35.8,ChinaSouthernAirlines,16R,217,B1411
20180718,CCA125Y,ZBTJ,ZLXY,30300,36000,31140,37320,B738,35.8,AirChina,16R,202,B1418
20180718,CCA125X,ZLXY,ZBTJ,41000,46000,42060,47040,B738,35.8,AirChina,16L,203,B1418
20180718,CCA1669,ZBTJ,ZGHA,61800,70200,65580,72540,B738,35.8,AirChina,16R,203,B1418
20180718,CCA1670,ZGHA,ZBTJ,73800,82500,76260,83760,B738,35.8,AirChina,16L,212,B1418
20180718,OKA2735,ZBTJ,ZGHA,76200,85500,5040,12000,B738,35.8,OkayAirways,16R,225,B1420
20180718,OKA2787,ZGGG,ZBTJ,24900,36000,26100,35100,B739,34.3,OkayAirways,16L,222,B1420
20180718,OKA2851,ZBTJ,ZUUU,42300,53100,43500,52680,B739,34.3,OkayAirways,16R,222,B1420
20180718,OKA2852,ZUUU,ZBTJ,57300,66300,58020,66900,B739,34.3,OkayAirways,16L,223,B1420
20180718,CUA2218,ZSSS,ZBTJ,70200,78000,71520,77640,B738,35.8,LIANHANG,16L,114,B1427
20180718,OKA2843,ZBTJ,RJSA,39300,54900,42240,57840,B738,35.8,OkayAirways,16R,224,B1450
20180718,CXA8194,ZGKL,ZBTJ,-11400,3000,-1200,6960,B738,35.8,XiamenAirlines,16L,230,B1456
20180718,CXA8353,ZBTJ,ZHHH,25200,33300,25560,32040,B738,35.8,XiamenAirlines,16R,230,B1456
20180718,CXA8354,ZHHH,ZBTJ,56100,63600,77280,83100,B738,35.8,XiamenAirlines,16L,226,B1456
20180718,OKA3086,ZSNB,ZBTJ,79200,600,4860,11040,B738,35.8,OkayAirways,16L,225,B1485
20180718,OKA3085,ZBTJ,ZSNB,24600,32400,25440,31560,B738,35.8,OkayAirways,16R,225,B1485
20180718,CHH705Z,ZBTJ,ZJHK,36000,50400,37020,48780,B738,35.8,HainanAirlines,16R,417,B1497
20180718,OKA2788,ZBTJ,ZGGG,78300,3300,7080,15900,B739,34.3,OkayAirways,16R,224,B1521
20180718,OKA2833,ZBTJ,ZSCN,31200,39600,34080,40740,B738,35.8,OkayAirways,16R,223,B1521
20180718,OKA2834,ZSCN,ZBTJ,65100,74100,65640,71640,B738,35.8,OkayAirways,16L,226,B1521
20180718,CCA1678,ZYHB,ZBTJ,28500,36600,28800,36000,B738,35.8,AirChina,16L,107,B1526
20180718,CCA1481,ZBTJ,ZBYC,42600,48900,43260,47700,B738,35.8,AirChina,16R,107,B1526
20180718,CCA1482,ZBYC,ZBTJ,74700,80100,74280,78720,B738,35.8,AirChina,16L,201,B1526
20180718,CCA1529,ZBTJ,ZSAM,26100,35700,30780,39420,B738,35.8,AirChina,16R,212,B1528
20180718,CCA1530,ZSAM,ZBTJ,40200,50400,43500,52800,B738,35.8,AirChina,16L,202,B1528
20180718,CCA8277,ZBTJ,ZLXN,57300,66600,57540,65160,B738,35.8,AirChina,16R,202,B1528
20180718,CCA8278,ZLXN,ZBTJ,69900,77700,69780,77340,B738,35.8,AirChina,16L,108,B1528
20180718,JYH1055,ZGGG,ZBTJ,23700,35100,25560,34860,B738,35.8,TRANSJADE,16L,115,B1552
20180718,JYH1068,ZBTJ,ZUGY,43800,55200,44940,54780,B738,35.8,TRANSJADE,16R,115,B1552
20180718,JYH1067,ZUGY,ZBTJ,60000,71400,61920,71520,B738,35.8,TRANSJADE,16L,116,B1552
20180718,JYH1056,ZBTJ,ZGGG,75300,5580,82920,92220,B738,35.8,TRANSJADE,16R,116,B1552
20180718,CSN6893,ZWWW,ZBTJ,66600,80700,67140,80460,B738,35.8,ChinaSouthernAirlines,16L,220,B1583
20180718,EVA730,RCTP,ZBTJ,33900,45300,36180,45300,A321,34.1,EVAAir,16L,103,B16226
20180718,EVA729,ZBTJ,RCTP,49800,60300,50400,60900,A321,34.1,EVAAir,16R,103,B16226
20180718,QDA6003,ZYCC,ZBTJ,25500,32100,25560,32100,A320,34.1,SKYLEGEND,16L,504,B1648
20180718,QDA6003,ZBTJ,ZGNN,36000,48600,36720,47340,A320,34.1,SKYLEGEND,16R,504,B1648
20180718,QDA6004,ZGNN,ZBTJ,54600,67500,55440,66660,A320,34.1,SKYLEGEND,16L,111,B1648
20180718,QDA6004,ZBTJ,ZYCC,72300,78600,72720,78420,A320,34.1,SKYLEGEND,16R,111,B1648
20180718,GCR6509,ZBTJ,ZJSY,76500,4500,1200,12960,A320,34.1,TianjinAirlines,16R,418,B1659
20180718,GCR7845,ZBTJ,ZSSH,32400,37200,33780,38100,A320,34.1,TianjinAirlines,16R,419,B1659
20180718,GCR7846,ZSSH,ZBTJ,62700,67800,65700,69480,A320,34.1,TianjinAirlines,16L,414L,B1659
20180718,CSC8862,ZBTJ,ZUUU,79500,3900,6000,14580,A320,34.1,SichuanAirlines,16R,113,B1665
20180718,CSC8861,ZUUU,ZBTJ,66000,74700,66420,74100,A320,34.1,SichuanAirlines,16L,114,B1665
20180718,CQH8509,ZSYN,ZBTJ,59100,65700,60420,65040,A320,34.1,ShanghaiSpringAirlines,16L,110,B1671
20180718,CQH8510,ZBTJ,ZSYN,71100,77400,71700,76020,A320,34.1,ShanghaiSpringAirlines,16R,110,B1671
20180718,OKA310V,ZSQD,ZBTJ,27000,30000,31020,34020,B738,35.8,OkayAirways,16L,224,B1732
20180718,OKA2897,ZBTJ,ZPPP,36100,48000,38100,48480,B738,35.8,OkayAirways,16R,224,B1732
20180718,OKA2898,ZPPP,ZBTJ,66000,77700,66780,77880,B738,35.8,OkayAirways,16L,222,B1732
20180718,CCA1427,ZBTJ,ZUUU,27300,38100,27720,36240,B738,35.8,AirChina,16R,109,B1762
20180718,CCA1428,ZUUU,ZBTJ,42600,51900,43260,51360,B737,35.8,AirChina,16L,117,B1762
20180718,CCA1259,ZBTJ,ZUGY,61500,71400,62280,71820,B738,35.8,AirChina,16R,117,B1762
20180718,CSN3133,ZGGG,ZBTJ,30000,41400,32160,41280,A321,34.1,ChinaSouthernAirlines,16L,221,B1802
20180718,CSN3134,ZBTJ,ZGGG,45000,56400,46140,55440,A321,34.1,ChinaSouthernAirlines,16R,221,B1802
20180718,GCR6511,ZHHH,ZBTJ,36300,42600,46320,52140,A320,34.1,TianjinAirlines,16L,414R,B1850
20180718,GCR6512,ZBTJ,ZHHH,47400,54600,56280,61980,A320,34.1,TianjinAirlines,16R,414R,B1850
20180718,FZA6555,ZYHB,ZBTJ,41100,49200,42120,48900,B738,35.8,STRAITAIR,16L,415L,B1905
20180718,FZA6555,ZBTJ,ZSFZ,53100,62400,53100,61560,B738,35.8,STRAITAIR,16R,415L,B1905
20180717,CES5751,ZPPP,ZBTJ,-9600,-84600,-8280,2340,B738,35.8,ChinaEasternAirlines,16L,215,B1907
20180718,CES5752,ZBTJ,ZPPP,32400,45300,33480,43980,B738,35.8,ChinaEasternAirlines,16R,215,B1907
20180718,CSN3771,ZGSD,ZBTJ,30600,41700,33480,43200,B738,35.8,ChinaSouthernAirlines,16L,220,B1922
20180718,CSN3772,ZBTJ,ZGSD,45300,58800,47280,57780,B738,35.8,ChinaSouthernAirlines,16R,220,B1922
20180718,CSN6894,ZBTJ,ZWWW,32700,46800,32520,46740,B738,35.8,ChinaSouthernAirlines,16R,217,B1950
20180718,OKA2907,ZGNN,ZBTJ,23400,35700,25140,36600,B738,35.8,OkayAirways,16L,223,B1962
20180718,OKA2965,ZBTJ,ZLXN,44100,53400,44400,52320,B738,35.8,OkayAirways,16R,223,B1962
20180718,OKA2736,ZGHA,ZBTJ,24000,32100,24360,31320,B738,35.8,OkayAirways,16L,225,B1963
20180718,OKA3103,ZBTJ,ZGSZ,38700,50700,39840,49800,B738,35.8,OkayAirways,16R,225,B1963
20180718,OKA3104,ZGSZ,ZBTJ,54600,65400,61260,70440,B738,35.8,OkayAirways,16L,222,B1963
20180718,OKA2908,ZBTJ,ZGNN,74400,8400,83100,93420,B738,35.8,OkayAirways,16R,222,B1963
20180718,CXA8470,ZUCK,ZBTJ,37800,46200,38340,46680,B738,35.8,XiamenAirlines,16L,228,B1964
20180718,CXA831,ZBTJ,ZSAM,50100,59400,51960,61740,B738,35.8,XiamenAirlines,16R,228,B1964
20180717,CSC8045,ZSJN,ZBTJ,-6000,-84600,-600,1620,A319,34.09,SichuanAirlines,16L,112,B2298
20180717,YZR7490,PANC,ZBTJ,-37500,-7200,-2940,27360,B744,64.4,YangtzeRiverExpress,16L,62,B2432
20180718,YZR749Z,ZBTJ,ZSPD,28800,36000,55080,61080,B744,64.4,YangtzeRiverExpress,16R,62,B2432
20180718,CYZ9101,ZBTJ,ZSNJ,1500,7800,1800,6660,B734,28.9,ChinaPost,16R,61R,B2823
20180718,CYZ9102,ZSNJ,ZBTJ,22200,28500,22200,27120,B752,38.05,ChinaPost,16L,62L,B2825
20180718,CYZ9111,ZBTJ,ZLLL,33300,42300,36060,43980,B752,38.05,ChinaPost,16R,62L,B2825
20180718,CYZ9112,ZLLL,ZBTJ,77400,84900,75420,82320,B752,38.05,ChinaPost,16L,874,B2825
20180718,LHA4015,ZSNT,ZBTJ,8100,14400,10440,16500,B733,28.3,LonghaoAirlines,16L,62R,B2986
20180718,LHA4016,ZBTJ,ZSNT,18000,24000,18300,23580,B733,28.3,LonghaoAirlines,16R,62R,B2986
20180718,CSS7155,ZSWX,ZBTJ,5100,10500,15360,20580,B733,28.3,SHUNFENG,16L,875,B2988
20180718,CSS7156,ZBTJ,ZSWX,15300,21900,23520,28980,B733,28.3,SHUNFENG,16R,875,B2988
20180718,CES5439,ZSSS,ZBTJ,49800,57900,50280,56160,A20N,35.8,ChinaEasternAirlines,16L,216,B300R
20180718,CES5440,ZBTJ,ZSSS,62100,68700,62400,68160,A20N,35.8,ChinaEasternAirlines,16R,216,B300R
20180718,GCR7990,RJTT,ZBTJ,1800,14700,6120,16260,A320,34.1,TianjinAirlines,16L,415R,B300S
20180718,GCR7839,ZBTJ,ZWWW,28500,43800,29040,43020,A320,34.1,TianjinAirlines,16R,415R,B300S
20180718,GCR7840,ZWWW,ZBTJ,68400,81900,69240,82140,A320,34.1,TianjinAirlines,16L,416L,B300T
20180718,GCR7826,ZYTL,ZBTJ,61200,64800,62940,66000,E190,28.72,TianjinAirlines,16L,416R,B3108
20180718,GCR7805,ZBTJ,ZSNB,72600,79200,72000,78360,A320,34.1,TianjinAirlines,16R,416R,B3108
20180718,GCR7806,ZSNB,ZBTJ,81900,2700,91680,86300,A320,34.1,TianjinAirlines,16L,417R,B3108
20180718,GCR6491,ZHNY,ZBTJ,44700,51000,44580,49740,E190,28.72,TianjinAirlines,16L,418R,B3120
20180718,GCR6492,ZBTJ,ZHNY,64200,70500,65340,70800,E190,28.72,TianjinAirlines,16R,418R,B3120
20180718,GCR7581,ZLXY,ZBTJ,50700,57000,51600,56580,E190,28.72,TianjinAirlines,16L,419R,B3128
20180718,GCR7581,ZBTJ,ZBXH,60300,66000,60900,64980,E190,28.72,TianjinAirlines,16R,419R,B3128
20180718,GCR7582,ZBXH,ZBTJ,69000,73500,68580,72360,E190,28.72,TianjinAirlines,16L,204,B3128
20180718,GCR7817,ZBTJ,ZSFY,29700,35700,30960,36360,E190,28.72,TianjinAirlines,16R,205,B3129
20180718,GCR7818,ZSFY,ZBTJ,58200,64200,60480,65400,E190,28.72,TianjinAirlines,16L,206,B3129
20180718,HXA2901,ZBUC,ZBTJ,67800,71700,70500,73860,CRJ9,23.2,Chinaexpressair,16L,601,B3142
20180718,HXA2902,ZBTJ,ZBUC,77000,79800,79920,83400,CRJ9,23.2,Chinaexpressair,16R,601,B3142
20180717,GCR7829,ZBHH,ZBTJ,-12300,-7200,-480,3000,E190,28.72,TianjinAirlines,16L,207,B3152
20180718,GCR7909,ZBTJ,ZYQQ,55200,61200,55260,61740,E190,28.72,TianjinAirlines,16R,207,B3152
20180718,GCR7910,ZYQQ,ZBTJ,65100,72900,65100,71400,E190,28.72,TianjinAirlines,16L,208,B3152
20180718,GCR7833,ZBTJ,ZBTL,29100,35100,30120,34980,E190,28.72,TianjinAirlines,16R,209,B3158
20180718,GCR6658,ZYTL,ZBTJ,64800,69300,64980,67620,E190,28.72,TianjinAirlines,16L,210,B3161
20180718,GCR6658,ZBTJ,ZBHH,73500,78600,74040,77940,E190,28.72,TianjinAirlines,16R,210,B3161
20180718,GCR6657,ZBHH,ZBTJ,64800,69900,65340,69540,E190,28.72,TianjinAirlines,16L,211,B3169
20180718,GCR6657,ZBTJ,ZYTL,73500,77100,75660,78780,E190,28.72,TianjinAirlines,16R,211,B3169
20180718,CBG8853,ZGCD,ZBTJ,42000,49800,54420,61440,E190,28.72,SPRAY,16L,113,B3173
20180718,CBG8854,ZBTJ,ZGCD,53400,61800,65940,73920,E190,28.72,SPRAY,16R,113,B3173
20180718,GCR6653,ZBHH,ZBTJ,35700,41100,36180,39720,E190,28.72,TianjinAirlines,16L,213,B3190
20180718,GCR6653,ZBTJ,ZSYT,45000,49200,45120,47760,E190,28.72,TianjinAirlines,16R,213,B3190
20180718,GCR6654,ZSYT,ZBTJ,51600,56400,54420,56940,E190,28.72,TianjinAirlines,16L,214,B3190
20180718,GCR6654,ZBTJ,ZBHH,59400,64800,60600,64320,E190,28.72,TianjinAirlines,16R,214,B3190
20180718,GCR7915,ZBTJ,ZBCF,30000,34800,31380,35280,E190,28.72,TianjinAirlines,16R,414,B3192
20180718,GCR7916,ZBCF,ZBTJ,56400,61200,58560,61920,E190,28.72,TianjinAirlines,16L,410,B3192
20180718,GCR7849,ZBTJ,ZLXY,64800,72600,66960,73440,E190,28.72,TianjinAirlines,16R,410,B3192
20180718,GCR7850,ZLXY,ZBTJ,75900,82200,77160,82500,E190,28.72,TianjinAirlines,16L,415,B3192
20180718,GCR7843,ZBTJ,ZHCC,32400,38100,34260,39000,E190,28.72,TianjinAirlines,16R,416,B3195
20180718,GCR7844,ZHCC,ZBTJ,64500,70500,65820,70620,E190,28.72,TianjinAirlines,16L,417,B3195
20180718,CBG8821,ZUNC,ZBTJ,37200,45600,41400,49020,E190,28.72,SPRAY,16L,114,B3215
20180718,CBG8822,ZBTJ,ZUNC,51230,61800,52320,60900,E190,28.72,SPRAY,16R,114,B3215
20180718,HXA2842,ZBTJ,ZBOW,78000,83700,600,5400,CRJ9,23.2,Chinaexpressair,16R,602,B3227
20180718,HXA2841,ZBOW,ZBTJ,86100,5100,8100,12060,CRJ9,23.2,Chinaexpressair,16L,603,B3227
20180718,HXA2911,ZBTJ,ZBZL,25500,33300,25920,32760,CRJ9,23.2,Chinaexpressair,16R,603,B3227
20180718,HXA2912,ZBZL,ZBTJ,35700,43500,35220,42480,CRJ9,23.2,Chinaexpressair,16L,604,B3227
20180718,HXA2669,ZBTJ,ZLGY,46500,53400,46560,52980,CRJ9,23.2,Chinaexpressair,16R,604,B3227
20180718,HXA2670,ZLGY,ZBTJ,67500,73800,67320,73560,CRJ9,23.2,Chinaexpressair,16L,605,B3227
20180718,HXA283Z,ZBTJ,ZLXY,32400,38400,34620,41460,CRJ9,23.2,Chinaexpressair,16R,606,B3229
20180718,GCR7815,ZBTJ,ZSQD,28800,31800,28440,31740,E190,28.72,TianjinAirlines,16R,418,B3232
20180718,GCR7816,ZSQD,ZBTJ,55500,60300,66060,69240,E190,28.72,TianjinAirlines,16L,419,B3232
20180718,CGZ7121,ZUWX,ZBTJ,59100,66300,60360,68280,E190,28.72,COLORFUL,16L,115,B3241
20180718,CGZ7122,ZBTJ,ZUWX,69900,78300,71820,80100,E190,28.72,COLORFUL,16R,115,B3241
20180718,GCR7867,ZBTJ,ZSRZ,45900,50400,46920,51000,E190,28.72,TianjinAirlines,16R,414L,B3243
20180718,GCR7868,ZSRZ,ZBTJ,72600,77700,74460,78360,E190,28.72,TianjinAirlines,16L,416L,B3243
20180718,GCR7853,ZBTJ,ZSHC,29700,36600,30420,36900,E190,28.72,TianjinAirlines,16R,417R,B3247
20180718,GCR7854,ZSHC,ZBTJ,60300,68400,62460,68940,E190,28.72,TianjinAirlines,16L,204,B3247
20180718,GCR7879,ZBTJ,ZLQY,30300,36600,31680,37560,E190,28.72,TianjinAirlines,16R,206,B3257
20180718,GCR7880,ZLQY,ZBTJ,52200,57900,51780,57180,E190,28.72,TianjinAirlines,16L,205,B3257
20180718,GCR7837,ZBTJ,ZBDT,61200,65400,61380,64740,E190,28.72,TianjinAirlines,16R,205,B3257
20180718,GCR7838,ZBDT,ZBTJ,68100,72600,68100,71100,E190,28.72,TianjinAirlines,16L,209,B3257
20180718,GCR7803,ZBTJ,ZYTL,28200,32100,28860,31800,E190,28.72,TianjinAirlines,16R,208,B3263
20180718,GCR7804,ZYTL,ZBTJ,59700,63900,60360,64500,E190,28.72,TianjinAirlines,16L,409,B3263
20180718,GCR7825,ZBTJ,ZYTL,68100,72600,70680,73680,E190,28.72,TianjinAirlines,16R,409,B3263
20180718,HXA2844,ZBTJ,ZBLL,27300,30600,26460,30420,CRJ9,23.2,Chinaexpressair,16R,607,B3362
20180718,HXA2843,ZBLL,ZBTJ,51600,56400,51900,55380,CRJ9,23.2,Chinaexpressair,16L,608,B3362
20180718,HXA2923,ZBTJ,ZYBA,63600,70800,63420,69240,CRJ9,23.2,Chinaexpressair,16R,608,B3362
20180718,HXA2924,ZYBA,ZBTJ,73200,80400,73020,79260,CRJ9,23.2,Chinaexpressair,16L,609,B3362
20180718,HXA287Y,ZBTJ,ZYCY,25200,28800,30840,33840,CRJ9,23.2,Chinaexpressair,16R,610,B3369
20180718,HXA287X,ZYCY,ZBTJ,31200,34800,36360,39840,CRJ9,23.2,Chinaexpressair,16L,602,B3369
20180718,HXA2913,ZBTJ,ZGDY,42200,49200,43980,52620,CRJ9,23.2,Chinaexpressair,16R,602,B3369
20180718,HXA2914,ZGDY,ZBTJ,66000,74100,76440,84840,CRJ9,23.2,Chinaexpressair,16L,605,B3369
20180718,HXA2905,ZBTJ,ZLTS,26400,35100,27900,34980,CRJ9,23.2,Chinaexpressair,16R,606,B3378
20180718,HXA2906,ZLTS,ZBTJ,37800,45900,37680,44520,CRJ9,23.2,Chinaexpressair,16L,607,B3378
20180718,HXA2903,ZBTJ,ZYSQ,57900,64500,58500,64200,CRJ9,23.2,Chinaexpressair,16R,607,B3378
20180718,HXA2904,ZYSQ,ZBTJ,78900,85500,78420,85200,CRJ9,23.2,Chinaexpressair,16L,609,B3378
20180718,JOY1602,ZBSJ,ZBTJ,77100,81300,5400,8040,MA60,29.2,Joyair,16L,501,B3421
20180718,JOY1601,ZBTJ,ZBSJ,29400,33300,30180,33180,MA60,29.2,Joyair,16R,501,B3421
20180718,JOY1595,ZBTJ,ZSYT,24900,30600,25620,29340,MA60,29.2,Joyair,16R,502,B3718
20180718,JOY1596,ZSYT,ZBTJ,36600,42000,37440,41640,MA60,29.2,Joyair,16L,503,B3718
20180718,CSH906Q,ZSPD,ZBTJ,28800,36000,30600,37200,B738,35.8,ShanghaiAirlines,16L,219,B5131
20180718,CSH9070,ZBTJ,ZSPD,27600,35400,41580,47280,B738,35.8,ShanghaiAirlines,16R,219,B5131
20180718,OKA2992,ZGHA,ZBTJ,50700,59100,65220,72180,B738,35.8,OkayAirways,16L,223,B5181
20180718,OKA2991,ZBTJ,ZGHA,62700,71100,81360,88680,B738,35.8,OkayAirways,16R,223,B5181
20180718,CCA8363,ZBTJ,ZUMT,30000,41400,30600,40140,B738,35.8,AirChina,16R,118,B5213
20180718,CCA8364,ZUMT,ZBTJ,66000,75600,66360,74820,B738,35.8,AirChina,16L,201,B5227
20180718,CCA827T,ZSWZ,ZBTJ,25200,32400,25680,33300,B737,35.8,AirChina,16L,203,B5228
20180718,CCA1633,ZBTJ,ZHSY,32100,39600,36540,42840,B738,35.8,AirChina,16R,203,B5228
20180718,CCA1634,ZHSY,ZBTJ,44100,50700,45720,51960,B738,35.8,AirChina,16L,212,B5228
20180718,CCA8275,ZBTJ,ZSWZ,63000,72600,62940,70260,B737,35.8,AirChina,16R,212,B5228
20180718,CCA8276,ZSWZ,ZBTJ,75300,84000,75120,82620,B737,35.8,AirChina,16L,107,B5228
20180718,CCA8297,ZBTJ,ZSWY,26400,33900,28320,35280,B737,35.8,AirChina,16R,108,B5229
20180718,CCA8298,ZSWY,ZBTJ,36600,44400,40140,47340,B737,35.8,AirChina,16L,109,B5229
20180718,CSN3313,ZGNN,ZBTJ,45000,57000,45840,57360,B738,35.8,ChinaSouthernAirlines,16L,218,B5247
20180718,CSN3314,ZBTJ,ZGNN,62700,76200,63240,73860,B738,35.8,ChinaSouthernAirlines,16R,218,B5247
20180718,CES9727,ZPDL,ZBTJ,30900,43800,30240,41520,B737,35.8,ChinaEasternAirlines,16L,215,B5282
20180718,CES9728,ZBTJ,ZPDL,48180,61800,47820,58980,B737,35.8,ChinaEasternAirlines,16R,215,B5282
20180718,CHH7797,ZSCN,ZBTJ,49500,57600,50040,56700,B738,35.8,HainanAirlines,16L,411,B5346
20180718,CHH7798,ZBTJ,ZSCN,61500,69300,61980,68700,B738,35.8,HainanAirlines,16R,412,B5346
20180718,CSH9069,ZSPD,ZBTJ,81300,3300,3840,9900,B738,35.8,ShanghaiAirlines,16L,610,B5368
20180718,CSZ9799,ZSQZ,ZBTJ,45600,55500,46320,54960,B738,35.8,ShenzhenAirlines,16L,118,B5381
20180718,CSZ9800,ZBTJ,ZSQZ,59100,68400,59700,68100,B738,35.8,ShenzhenAirlines,16R,118,B5381
20180718,CXA8210,ZLLL,ZBTJ,58500,65700,62580,68700,B738,35.8,XiamenAirlines,16L,227,B5382
20180718,CXA8210,ZBTJ,ZYTL,70260,74700,73140,75840,B738,35.8,XiamenAirlines,16R,227,B5382
20180718,CXA832,ZSAM,ZBTJ,56400,66600,57900,66420,B738,35.8,XiamenAirlines,16L,229,B5383
20180718,CCA1245,ZBTJ,ZLLL,26100,35100,26280,33720,B738,35.8,AirChina,16R,201,B5387
20180718,CCA1246,ZLLL,ZBTJ,38700,47100,39000,45120,B738,35.8,AirChina,16L,202,B5387
20180718,CCA1523,ZBTJ,ZSSS,55500,61500,54900,60720,B738,35.8,AirChina,16R,203,B5387
20180718,CCA1524,ZSSS,ZBTJ,65100,73200,65820,71340,B738,35.8,AirChina,16L,107,B5387
20180718,CCA1417,ZBTJ,ZUGY,34200,44700,37140,46440,B737,35.8,AirChina,16R,108,B5391
20180718,CCA1418,ZUGY,ZBTJ,47700,57900,55500,65820,B737,35.8,AirChina,16L,109,B5391
20180718,CCA1677,ZBTJ,ZYHB,69900,77400,72900,79200,B738,35.8,AirChina,16R,109,B5391
20180718,CHH7104,ZBTJ,ZBAA,84000,1680,86280,90360,B738,35.8,HainanAirlines,16R,413,B5417
20180718,CXA8277,ZSFZ,ZBTJ,58200,68100,61620,69900,B738,35.8,XiamenAirlines,16L,230,B5435
20180718,CXA8277,ZBTJ,ZWWW,71700,600,74880,88560,B738,35.8,XiamenAirlines,16R,230,B5435
20180718,CCA1260,ZUGY,ZBTJ,37800,47700,38280,47940,B738,35.8,AirChina,16L,117,B5442
20180718,CCA1389,ZBTJ,ZJSY,53700,68700,54120,67920,B738,35.8,AirChina,16R,201,B5442
20180718,CCA1390,ZJSY,ZBTJ,72000,86100,71700,85860,B738,35.8,AirChina,16L,202,B5442
20180718,CCA151,ZBTJ,ZYTL,32880,36300,33300,36000,B738,35.8,AirChina,16R,212,B5447
20180718,CCA152,ZYTL,ZBTJ,65700,69600,66120,68820,B738,35.8,AirChina,16L,203,B5447
20180718,CCA749,ZBTJ,VTBS,73800,6300,79440,98340,B738,35.8,AirChina,16R,203,B5447
20180718,CDG4717,ZSQD,ZBTJ,25200,30000,25920,29460,B738,35.8,shandongAirlines,16L,108,B5450
20180718,CDG4717,ZBTJ,ZBHH,33600,39000,34380,38220,B738,35.8,shandongAirlines,16R,108,B5450
20180718,CDG4718,ZBHH,ZBTJ,42900,48000,44160,47880,B738,35.8,shandongAirlines,16L,107,B5450
20180718,CDG4718,ZBTJ,ZSQD,51600,55800,54180,57660,B738,35.8,shandongAirlines,16R,107,B5450
20180718,CDG8053,ZSAM,ZBTJ,27000,38400,27300,35820,B738,35.8,shandongAirlines,16L,117,B5452
20180718,CDG8053,ZBTJ,ZBLA,42600,51000,42840,50580,B738,35.8,shandongAirlines,16R,117,B5452
20180718,CXA8143,ZBTJ,ZSQZ,24000,34500,28740,37620,B738,35.8,XiamenAirlines,16R,228,B5458
20180718,CXA8144,ZSQZ,ZBTJ,61800,72300,64140,71940,B738,35.8,XiamenAirlines,16L,229,B5458
20180718,CXA8126,ZBTJ,ZSAM,75600,86100,81960,90120,B738,35.8,XiamenAirlines,16R,229,B5458
20180718,CDG8054,ZBLA,ZBTJ,67200,76500,67740,76500,B738,35.8,shandongAirlines,16L,118,B5491
20180718,CDG8054,ZBTJ,ZSAM,80400,3900,85860,95040,B738,35.8,shandongAirlines,16R,118,B5491
20180718,CCA837V,ZBTJ,ZGSZ,25200,34200,25860,35700,B738,35.8,AirChina,16R,202,B5495
20180718,CCA8362,ZGSZ,ZBTJ,30300,42000,39840,48840,B738,35.8,AirChina,16L,201,B5495
20180718,CCA1319,ZBTJ,ZGSZ,52500,64200,55620,65820,B737,35.8,AirChina,16R,212,B5495
20180718,CCA1320,ZGSZ,ZBTJ,69000,80100,74460,85560,B737,35.8,AirChina,16L,109,B5495
20180718,CCA1371,ZBTJ,ZGSZ,28200,39300,31260,42180,B738,35.8,AirChina,16R,201,B5508
20180718,CCA1372,ZGSZ,ZBTJ,50000,59000,57180,66480,B738,35.8,AirChina,16L,202,B5508
20180718,CCA1527,ZBTJ,ZSSS,70000,75000,71520,76980,B738,35.8,AirChina,16R,202,B5508
20180718,CCA8281,ZBTJ,ZWWW,33600,48300,34800,48600,B738,35.8,AirChina,16R,107,B5518
20180718,CCA8282,ZWWW,ZBTJ,67800,81300,68580,81000,B738,35.8,AirChina,16L,203,B5518
20180718,CHH779R,ZBTJ,ZSCN,30600,38100,33180,39960,B738,35.8,HainanAirlines,16R,414,B5520
20180718,CHH7725,ZGHA,ZBTJ,36300,44400,38520,46200,B738,35.8,HainanAirlines,16L,415,B5522
20180718,CHH7725,ZBTJ,ZYHB,48000,55500,49920,56100,B738,35.8,HainanAirlines,16R,415,B5522
20180718,CHH7726,ZYHB,ZBTJ,60600,67800,61080,68700,B738,35.8,HainanAirlines,16L,416,B5522
20180717,CCA1674,ZSHC,ZBTJ,-17400,1000,1800,7500,B738,35.8,AirChina,16L,212,B5525
20180718,CSH9115,ZSSS,ZBTJ,36300,44100,37080,42960,B738,35.8,ShanghaiAirlines,16L,219,B5546
20180718,CSH9116,ZBTJ,ZSSS,48600,55800,48600,54060,B738,35.8,ShanghaiAirlines,16R,219,B5546
20180718,CXA8209,ZYTL,ZBTJ,38700,42900,39840,42600,B738,35.8,XiamenAirlines,16L,226,B5563
20180718,CXA8209,ZBTJ,ZLLL,47280,55800,47640,54900,B738,35.8,XiamenAirlines,16R,226,B5563
20180718,OKA2752,ZSHC,ZBTJ,74100,82800,3420,9120,B739,34.3,OkayAirways,16L,224,B5571
20180718,OKA2751,ZBTJ,ZSHC,24600,31800,24480,30480,B739,34.3,OkayAirways,16R,224,B5571
20180718,CCA125Q,ZBTJ,ZUGY,29400,39000,32220,41520,B738,35.8,AirChina,16R,109,B5572
20180718,CSH9063,ZSSS,ZBTJ,57300,66000,58080,64020,B738,35.8,ShanghaiAirlines,16L,609,B5576
20180718,CSH9064,ZBTJ,ZSSS,71400,78900,71400,76800,B738,35.8,ShanghaiAirlines,16R,609,B5576
20180718,OKA2903,ZGHA,ZBTJ,38400,46800,39600,46560,B738,35.8,OkayAirways,16L,225,B5577
20180718,OKA2904,ZBTJ,ZGHA,51000,59100,51660,58800,B738,35.8,OkayAirways,16R,225,B5577
20180718,OKA2987,ZBTJ,ZYBS,27900,35100,28020,33300,B738,35.8,OkayAirways,16R,222,B5578
20180718,OKA2988,ZYBS,ZBTJ,43800,51600,43980,49980,B738,35.8,OkayAirways,16L,226,B5578
20180718,OKA2819,ZBTJ,ZGKL,57300,68700,57780,66480,B738,35.8,OkayAirways,16R,226,B5578
20180718,OKA2820,ZGKL,ZBTJ,72300,82800,74160,83400,B738,35.8,OkayAirways,16L,222,B5578
20180718,CCA8290,ZBHH,ZBTJ,28800,34200,28860,32280,B738,35.8,AirChina,16L,117,B5585
20180718,CCA1671,ZBTJ,ZGSZ,42000,54000,43020,53940,B738,35.8,AirChina,16R,108,B5585
20180718,CCA1672,ZGSZ,ZBTJ,57600,68400,73980,84240,B738,35.8,AirChina,16L,203,B5585
20180718,CXA8278,ZWWW,ZBTJ,28500,41400,29040,41040,B738,35.8,XiamenAirlines,16L,228,B5595
20180718,CXA8278,ZBTJ,ZSFZ,45300,54900,45480,54780,B738,35.8,XiamenAirlines,16R,228,B5595
20180718,CXA8159,ZBTJ,ZBAA,85800,6420,4440,11460,B738,35.8,XiamenAirlines,16R,227,B5602
20180718,CSZ9123,ZGSZ,ZBTJ,54900,66600,64800,74400,B738,35.8,ShenzhenAirlines,16L,118,B5607
20180718,CSZ9124,ZBTJ,ZGSZ,70200,82500,85560,94800,B738,35.8,ShenzhenAirlines,16R,108,B5607
20180718,CSZ9121,ZGSZ,ZBTJ,25200,35700,26340,35460,B738,35.8,ShenzhenAirlines,16L,201,B5612
20180718,CSZ9122,ZBTJ,ZGSZ,39300,51600,40560,51120,B738,35.8,ShenzhenAirlines,16R,201,B5612
20180718,CCA1467,ZBTJ,ZPPP,48000,61500,48240,58560,B738,35.8,AirChina,16R,212,B5621
20180718,CCA1468,ZPPP,ZBTJ,65100,77100,65280,76140,B738,35.8,AirChina,16L,107,B5621
20180718,CXA8140,ZSAM,ZBTJ,74700,85200,76500,86300,B738,35.8,XiamenAirlines,16L,230,B5632
20180718,CHH7791,ZGKL,ZBTJ,37200,48300,45180,54120,B738,35.8,HainanAirlines,16L,417,B5637
20180718,CHH7792,ZBTJ,ZGKL,51900,62400,59580,68220,B738,35.8,HainanAirlines,16R,417,B5637
20180718,CES5747,ZPPP,ZBTJ,34500,46500,35820,46380,B738,35.8,ChinaEasternAirlines,16L,216,B5647
20180718,CES5748,ZBTJ,ZPPP,52200,64200,51060,61500,B738,35.8,ChinaEasternAirlines,16R,216,B5647
20180718,CSN3301,ZGGG,ZBTJ,38700,50400,47940,56940,B738,35.8,ChinaSouthernAirlines,16L,221,B5677
20180718,CSN3302,ZBTJ,ZGGG,54000,65100,61800,71760,B738,35.8,ChinaSouthernAirlines,16R,221,B5677
20180718,CCA1670,ZGHA,ZBTJ,-12600,1800,4440,11040,B738,35.8,AirChina,16L,109,B5680
20180718,CCA171,ZBTJ,RKSI,31800,38700,32880,39780,B738,35.8,AirChina,16R,118,B5680
20180718,CCA172,RKSI,ZBTJ,42300,48600,44040,48840,B738,35.8,AirChina,16L,202,B5680
20180718,CCA751,ZBTJ,RCMQ,52500,63900,52680,64080,B738,35.8,AirChina,16R,202,B5680
20180718,CCA752,RCMQ,ZBTJ,67500,79200,66960,77040,B738,35.8,AirChina,16L,117,B5680
20180718,CCA1656,ZSPD,ZBTJ,32700,41700,34800,40980,B738,35.8,AirChina,16L,203,B5681
20180718,CCA1441,ZBTJ,ZBYN,47100,52200,47100,50100,B738,35.8,AirChina,16R,107,B5681
20180718,CCA1442,ZBYN,ZBTJ,75000,79500,76920,80640,B738,35.8,AirChina,16L,212,B5681
20180718,CXA8297,ZBTJ,ZLXN,36300,45300,43800,51540,B738,35.8,XiamenAirlines,16R,227,B5688
20180718,CXA8298,ZLXN,ZBTJ,48300,56400,54960,61740,B738,35.8,XiamenAirlines,16L,229,B5688
20180718,CXA8469,ZBTJ,ZUCK,61200,70500,66660,75480,B738,35.8,XiamenAirlines,16R,230,B5688
20180718,CDG4801,ZSAM,ZBTJ,26700,37200,27060,35520,B738,35.8,shandongAirlines,16L,109,B5787
20180718,CDG4693,ZBTJ,ZGSD,40800,53100,41940,52740,B738,35.8,shandongAirlines,16R,109,B5787
20180718,CDG4694,ZGSD,ZBTJ,56100,66900,55800,65940,B738,35.8,shandongAirlines,16L,108,B5787
20180718,CDG4802,ZBTJ,ZSAM,75900,600,80880,89280,B738,35.8,shandongAirlines,16R,108,B5787
20180718,CCA1320,ZGSZ,ZBTJ,-17400,240,-8820,240,B737,35.8,AirChina,16L,117,B5793
20180718,CCA103,ZBTJ,VHHH,30900,42600,31980,43140,B738,35.8,AirChina,16R,117,B5793
20180718,CCA104,VHHH,ZBTJ,46200,58500,58860,68040,B738,35.8,AirChina,16L,118,B5793
20180718,CCA8361,ZBTJ,ZGSZ,72500,84530,77880,89040,B738,35.8,AirChina,16R,201,B5793
20180718,CHH7202,ZGGG,ZBTJ,55800,66900,69720,79920,B738,35.8,HainanAirlines,16L,418,B5797
20180718,RLH6515,ZHXF,ZBTJ,60300,67500,59940,65640,B737,35.8,SENDI,16L,116,B5811
20180718,RLH6516,ZBTJ,ZHXF,72300,79200,72480,78600,B737,35.8,SENDI,16R,112,B5811
20180718,OKA2883,ZLXY,ZBTJ,25200,30000,26040,31080,B738,35.8,OkayAirways,16L,224,B5843
20180718,OKA2931,ZBTJ,ZGHA,37800,47100,38400,45240,B738,35.8,OkayAirways,16R,226,B5843
20180718,OKA2932,ZGHA,ZBTJ,72300,80100,74400,81240,B738,35.8,OkayAirways,16L,225,B5843
20180718,CCA750,VTBS,ZBTJ,11100,27900,19980,35700,B738,35.8,AirChina,16L,212,B5849
20180718,CCA801,ZBTJ,RKSI,49200,55500,49320,55620,B738,35.8,AirChina,16R,118,B5849
20180718,CCA802,RKSI,ZBTJ,60000,66300,60420,65220,B738,35.8,AirChina,16L,107,B5849
20180718,CCA1655,ZBTJ,ZSPD,74400,80100,73500,79440,B737,35.8,AirChina,16R,203,B5849
20180718,CHH7629,ZSQZ,ZBTJ,40200,49800,42120,49920,B738,35.8,HainanAirlines,16L,419,B5853
20180718,CHH7630,ZBTJ,ZSQZ,54900,63300,54360,63120,B738,35.8,HainanAirlines,16R,419,B5853
20180717,OKA2966,ZLXN,ZBTJ,-5100,-83400,-660,6240,B738,35.8,OkayAirways,16L,222,B6026
20180718,OKA2777,ZBTJ,ZGSZ,28500,40200,32400,42420,B738,35.8,OkayAirways,16R,222,B6026
20180718,CCA1824,ZBTJ,ZBAA,84600,780,6660,9240,A319,34.09,AirChina,16R,201,B6038
20180718,RLH5313,ZHES,ZBTJ,35400,42300,35040,42300,B737,35.8,SENDI,16L,111,B6110
20180718,RLH5314,ZBTJ,ZHES,46200,54600,46740,54780,B737,35.8,SENDI,16R,111,B6110
20180718,CCA1771,ZSHC,ZBTJ,58800,66600,61140,66660,A319,34.09,AirChina,16L,203,B6213
20180718,CCA1772,ZBTJ,ZSHC,71400,79500,73320,78780,A319,34.09,AirChina,16R,202,B6213
20180718,CCA177X,ZBTJ,ZSHC,33600,39600,32700,39000,A319,34.09,AirChina,16R,107,B6236
20180718,CSN3125,ZGHA,ZBTJ,48000,56700,62760,70200,A321,34.1,ChinaSouthernAirlines,16L,220,B6282
20180718,CSN3125,ZBTJ,ZYHB,60300,68400,75480,81900,A321,34.1,ChinaSouthernAirlines,16R,220,B6282
20180718,CSZ9797,ZSQZ,ZBTJ,25500,34500,25560,34020,A320,34.1,ShenzhenAirlines,16L,117,B6352
20180718,CSZ9798,ZBTJ,ZSQZ,38100,48000,47460,56160,A320,34.1,ShenzhenAirlines,16R,117,B6352
20180718,CCA4187,ZUUU,ZBTJ,26700,35700,27300,35400,A321,34.1,AirChina,16L,118,B6362
20180718,CCA4188,ZBTJ,ZUUU,39900,51600,40800,49380,A321,34.1,AirChina,16R,118,B6362
20180718,CSC8045,ZPPP,ZBTJ,63600,76200,65460,76680,A319,34.09,SichuanAirlines,16L,115,B6422
20180718,TBA9907,ZUCK,ZBTJ,49800,59400,55620,63180,A319,34.09,TIBET,16L,114,B6437
20180718,TBA9908,ZBTJ,ZUCK,66000,76500,67440,76020,A319,34.09,TIBET,16R,114,B6437
20180717,CXA8240,ZLXY,ZBTJ,-7500,-900,6300,11220,B738,35.8,XiamenAirlines,16L,227,B6485
20180718,CXA8313,ZBTJ,ZGGG,29700,40800,33960,43200,B738,35.8,XiamenAirlines,16R,227,B6485
20180718,CXA8314,ZGGG,ZBTJ,45300,56700,50940,60360,B738,35.8,XiamenAirlines,16L,228,B6485
20180718,CXA8383,ZBTJ,ZGKL,61800,72000,64860,73740,B738,35.8,XiamenAirlines,16R,228,B6485
20180718,CXA8365,ZBTJ,ZGSZ,27000,38400,26700,36480,B738,35.8,XiamenAirlines,16R,229,B6486
20180718,CXA8366,ZGSZ,ZBTJ,42000,54000,49560,58620,B738,35.8,XiamenAirlines,16L,230,B6486
20180718,CXA8379,ZBTJ,ZGSZ,58200,70500,64380,74940,B738,35.8,XiamenAirlines,16R,230,B6486
20180718,CCA1619,ZBTJ,ZGSD,31200,43200,33660,44100,B738,35.8,AirChina,16R,201,B6499
20180718,CCA1620,ZGSD,ZBTJ,46800,57600,63780,73680,B738,35.8,AirChina,16L,212,B6499
20180718,CCA1395,ZBTJ,ZGGG,64200,75900,84060,93180,B738,35.8,AirChina,16R,202,B6499
20180718,CSN3135,ZGGG,ZBTJ,56700,67800,73440,82920,A320,34.1,ChinaSouthernAirlines,16L,217,B6581
20180718,CSC8357,ZBTJ,ZJHK,24900,39000,25200,36480,A321,34.1,SichuanAirlines,16R,116,B6598
20180718,CSC8358,ZJHK,ZBTJ,42300,55500,43080,55320,A321,34.1,SichuanAirlines,16L,110,B6598
20180718,CSC8809,ZBTJ,ZUCK,62400,71700,62820,71340,A321,34.1,SichuanAirlines,16R,112,B6598
20180718,CCA8211,ZBTJ,ZBAA,3000,6240,3600,5580,A320,34.1,AirChina,16R,108,B6610
20180718,CCA8225,ZHHH,ZBTJ,29400,36000,29100,34680,A320,34.1,AirChina,16L,202,B6611
20180718,CCA8225,ZBTJ,ZYDQ,40200,46500,40260,46680,A320,34.1,AirChina,16R,202,B6611
20180718,CCA8226,ZYDQ,ZBTJ,50100,57000,49800,55920,A320,34.1,AirChina,16L,109,B6611
20180718,CCA8226,ZBTJ,ZHHH,60600,67500,60420,66360,A320,34.1,AirChina,16R,109,B6611
20180718,CES5143,ZSSS,ZBTJ,40200,48600,41580,47580,A320,34.1,ChinaEasternAirlines,16L,217,B6696
20180718,CES5143,ZBTJ,ZYHB,54300,62100,55740,61980,A320,34.1,ChinaEasternAirlines,16R,217,B6696
20180718,CES5144,ZYHB,ZBTJ,65400,73200,66660,73500,A320,34.1,ChinaEasternAirlines,16L,215,B6696
20180718,CES5144,ZBTJ,ZSSS,77100,84600,84240,89880,A320,34.1,ChinaEasternAirlines,16R,215,B6696
20180718,CCA1931,ZSWZ,ZBTJ,-15000,100,-6300,540,A320,34.1,AirChina,16L,203,B6731
20180718,CCA1921,ZBTJ,ZSWZ,31200,39300,32220,39900,A320,34.1,AirChina,16R,212,B6731
20180718,CCA1922,ZSWZ,ZBTJ,43500,52200,44580,51780,A320,34.1,AirChina,16L,212,B6731
20180718,CSC8833,ZBTJ,ZBAA,83400,3600,1800,3360,A320,34.1,SichuanAirlines,16R,113,B6732
20180718,CSC8353,ZBTJ,ZSCN,32100,39600,34500,41160,A320,34.1,SichuanAirlines,16R,115,B6778
20180718,CSC8354,ZSCN,ZBTJ,61500,69600,65160,70860,A320,34.1,SichuanAirlines,16L,113,B6778
20180718,CSN6579,ZYTL,ZBTJ,26700,30600,27360,29880,A320,34.1,ChinaSouthernAirlines,16L,218,B6786
20180718,CSN6579,ZBTJ,ZUCK,34200,44100,35700,43320,A320,34.1,ChinaSouthernAirlines,16R,218,B6786
20180718,CSN6580,ZUCK,ZBTJ,47700,56100,48480,56340,A320,34.1,ChinaSouthernAirlines,16L,220,B6786
20180718,CSN6580,ZBTJ,ZYTL,60000,64200,59880,63000,A320,34.1,ChinaSouthernAirlines,16R,220,B6786
20180718,GCR7577,ZWWW,ZBTJ,33300,47100,33900,45960,A321,34.1,TianjinAirlines,16L,414R,B6789
20180718,GCR7577,ZBTJ,ZYCC,51300,57300,52620,59220,A321,34.1,TianjinAirlines,16R,414L,B6789
20180718,GCR7578,ZYCC,ZBTJ,61200,67800,63540,70140,A321,34.1,TianjinAirlines,16L,415L,B6789
20180718,GCR7578,ZBTJ,ZWWW,72000,600,78180,91260,A321,34.1,TianjinAirlines,16R,415L,B6789
20180718,LKE972S,ZSJN,ZBTJ,28800,31800,32460,34980,B738,35.8,LUCKYAIR,16L,415R,B6809
20180718,LKE972R,ZBTJ,ZUMY,34200,42300,38700,47040,B738,35.8,LUCKYAIR,16R,415R,B6809
20180717,CSC8040,ZSNB,ZBTJ,-17400,-9900,4800,10680,A321,34.1,SichuanAirlines,16L,116,B6810
20180718,CSC8349,ZBTJ,ZGNN,24000,36900,24420,35160,A321,34.1,SichuanAirlines,16R,110,B6810
20180718,GCR7993,ZBTJ,RKSI,29400,34200,29940,34740,A320,34.1,TianjinAirlines,16R,416L,B6837
20180718,GCR7994,RKSI,ZBTJ,38700,44700,40200,44820,A320,34.1,TianjinAirlines,16L,416R,B6837
20180718,GCR7875,ZBTJ,ZLXY,48900,55800,50100,55800,A320,34.1,TianjinAirlines,16R,416R,B6837
20180718,CSC8810,ZUCK,ZBTJ,28800,37200,31560,39300,A321,34.1,SichuanAirlines,16L,111,B6838
20180718,CSC835U,ZBTJ,ZGOW,48700,57600,50280,59220,A321,34.1,SichuanAirlines,16R,111,B6838
20180718,CSC835T,ZGOW,ZBTJ,61200,70100,62520,71160,A321,34.1,SichuanAirlines,16L,114,B6838
20180718,CSC8355,ZBTJ,ZGOW,74500,83200,75720,84060,A321,34.1,SichuanAirlines,16R,112,B6838
20180718,CSC8350,ZGNN,ZBTJ,46800,59700,51120,62280,A321,34.1,SichuanAirlines,16L,115,B6845
20180718,CSC8033,ZBTJ,ZBLA,57000,65400,66780,74520,A321,34.1,SichuanAirlines,16R,115,B6845
20180718,CSC8034,ZBLA,ZBTJ,68400,77400,78120,86280,A321,34.1,SichuanAirlines,16L,116,B6845
20180718,CSH9131,ZSPD,ZBTJ,31800,41100,32460,38940,B738,35.8,ShanghaiAirlines,16L,610,B6866
20180718,CSH9132,ZBTJ,ZSPD,45000,51900,45780,51720,B738,35.8,ShanghaiAirlines,16R,610,B6866
20180718,LKE9728,ZBTJ,ZUMY,80700,3300,6540,14400,B738,35.8,LUCKYAIR,16R,417R,B6943
20180718,LKE9631,ZUMY,ZBTJ,34800,43800,36660,44400,B738,35.8,LUCKYAIR,16L,418R,B6943
20180718,LKE9632,ZBTJ,ZUMY,47400,56400,48420,56940,B738,35.8,LUCKYAIR,16R,418R,B6943
20180718,LKE9727,ZUMY,ZBTJ,67800,77100,67860,75960,B738,35.8,LUCKYAIR,16L,419R,B6943
20180718,CQH8813,ZSPD,ZBTJ,25500,34200,27240,33600,A320,34.1,ShanghaiSpringAirlines,16L,110,B6971
20180718,CQH8814,ZBTJ,ZSPD,38100,45600,40140,46200,A320,34.1,ShanghaiSpringAirlines,16R,110,B6971
20180718,EPA6245,ZGCJ,ZBTJ,46500,56100,52320,60720,B738,35.8,DONGHAIAIR,16L,204,B6982
20180718,EPA6246,ZBTJ,ZGCJ,60600,70800,67200,75900,B738,35.8,DONGHAIAIR,16R,204,B6982
20180718,OKA3035,ZBTJ,ZSNT,27300,34200,27840,34020,B738,35.8,OkayAirways,16R,223,B6997
20180718,OKA3036,ZSNT,ZBTJ,68400,74700,71580,77160,B738,35.8,OkayAirways,16L,223,B6997
20180718,OKA2989,ZBTJ,RJTT,80100,7200,81240,95340,B738,35.8,OkayAirways,16R,226,B6997
20180718,FZA6569,ZSLY,ZBTJ,61500,66900,62700,66180,B738,35.8,STRAITAIR,16L,207,B7113
20180718,FZA6570,ZBTJ,ZSLY,70800,75300,70860,74160,B738,35.8,STRAITAIR,16R,207,B7113
20180718,CHH7497,ZYTL,ZBTJ,30600,34500,30840,33600,B738,35.8,HainanAirlines,16L,206,B7171
20180718,CHH7498,ZBTJ,ZYTL,38100,42000,40920,43920,B738,35.8,HainanAirlines,16R,206,B7171
20180718,CXA8090,ZBLA,ZBTJ,63900,72300,64560,73200,B738,35.8,XiamenAirlines,16L,227,B7176
20180718,CXA8239,ZBTJ,ZLXY,67200,74100,80640,86580,B738,35.8,XiamenAirlines,16R,227,B7176
20180718,CXA8139,ZBTJ,ZSAM,27000,36600,35880,45300,B738,35.8,XiamenAirlines,16R,229,B7177
20180718,CXA833X,ZSJN,ZBTJ,32400,36900,36960,39540,B738,35.8,XiamenAirlines,16L,230,B7179
20180718,CXA8331,ZBTJ,ZSFZ,32700,42300,46440,55860,B738,35.8,XiamenAirlines,16R,230,B7179
20180718,CCA8291,ZBTJ,ZLIC,31800,39900,32940,39060,B738,35.8,AirChina,16R,203,B7182
20180718,CCA8292,ZLIC,ZBTJ,42900,50700,43800,49620,B738,35.8,AirChina,16L,107,B7182
20180718,CCA1401,ZBTJ,ZPPP,56400,69300,56820,67380,B738,35.8,AirChina,16R,107,B7182
20180718,CCA1402,ZPPP,ZBTJ,73200,84900,73260,85000,B738,35.8,AirChina,16L,117,B7182
20180718,CUA2215,ZSPD,ZBTJ,45300,54600,52260,58440,B738,35.8,LIANHANG,16L,112,B7561
20180718,CUA2216,ZBTJ,ZSPD,58200,65700,62760,68640,B738,35.8,LIANHANG,16R,114,B7561
20180718,CXA8033,ZSFZ,ZBTJ,28800,37800,37740,45840,B738,35.8,XiamenAirlines,16L,229,B7816
20180718,CXA8033,ZBTJ,ZYCC,42300,48000,51480,58260,B738,35.8,XiamenAirlines,16R,229,B7816
20180718,CXA8034,ZYCC,ZBTJ,51900,58800,62700,69660,B738,35.8,XiamenAirlines,16L,228,B7816
20180718,CXA8034,ZBTJ,ZSFZ,62400,72000,73680,81840,B738,35.8,XiamenAirlines,16R,228,B7816
20180718,CCA777,ZBTJ,ZSLG,28200,33300,28500,32880,B738,35.8,AirChina,16R,201,B7890
20180718,CCA778,ZSLG,ZBTJ,75600,80400,77580,81660,B738,35.8,AirChina,16L,108,B7890
20180718,CCA1317,ZBTJ,ZGGG,27600,39000,29280,38520,B738,35.8,AirChina,16R,109,B7893
20180718,CCA1318,ZGGG,ZBTJ,42900,54600,55560,64320,B738,35.8,AirChina,16L,108,B7893
20180718,CCA1251,ZBTJ,ZLXY,63300,70500,68460,74460,B738,35.8,AirChina,16R,201,B7893
20180718,CCA1252,ZLXY,ZBTJ,74400,81000,79440,85740,B738,35.8,AirChina,16L,212,B7893
20180718,GCR7977,ZBTJ,RJBB,30900,39900,31620,40620,A320,34.1,TianjinAirlines,16R,208,B8075
20180718,GCR7978,RJBB,ZBTJ,44400,55200,45840,54600,A320,34.1,TianjinAirlines,16L,209,B8075
20180718,GCR7891,ZBTJ,ZSAM,69300,79500,69480,78240,E190,28.72,TianjinAirlines,16R,209,B8075
20180718,CBJ5718,ZBTJ,ZGGG,78900,13680,4740,13920,A321,34.1,BeijingCapitalAirlines,16R,210,B8107
20180718,CBJ5195,ZJSY,ZBTJ,61800,75300,63840,76920,A321,34.1,BeijingCapitalAirlines,16L,211,B8107
20180717,CBJ5195,ZJSY,ZBTJ,-24600,-11100,-11160,1800,A321,34.1,BeijingCapitalAirlines,16L,213,B8187
20180718,CSC8815,ZSHC,ZBTJ,25200,32700,27300,33180,A320,34.1,SichuanAirlines,16L,113,B8330
20180718,CSC8815,ZBTJ,ZYCC,36900,42600,39060,44460,A320,34.1,SichuanAirlines,16R,113,B8330
20180718,CSC8816,ZYCC,ZBTJ,45600,53100,48000,53520,A320,34.1,SichuanAirlines,16L,116,B8330
20180718,CSC8816,ZBTJ,ZSHC,57300,63600,58080,63900,A320,34.1,SichuanAirlines,16R,116,B8330
20180718,GCR7819,ZBTJ,ZGHA,27000,36300,28200,35400,A320,34.1,TianjinAirlines,16R,214,B8381
20180718,GCR7820,ZGHA,ZBTJ,58200,66000,58020,64560,A320,34.1,TianjinAirlines,16L,411,B8381
20180718,GCR7863,ZBTJ,ZHHH,70500,77700,70260,76140,A320,34.1,TianjinAirlines,16R,410,B8381
20180718,CBG8819,ZHYC,ZBTJ,57000,64200,57180,63840,E190,28.72,SPRAY,16L,111,B8388
20180718,CBG8820,ZBTJ,ZHYC,69000,76800,69360,75900,E190,28.72,SPRAY,16R,112,B8388
20180718,GCR7857,ZBTJ,ZLXY,27000,33900,27360,33300,A320,34.1,TianjinAirlines,16R,412,B8389
20180718,GCR7858,ZLXY,ZBTJ,62100,69000,62160,67740,A320,34.1,TianjinAirlines,16L,413,B8389
20180718,CHB6237,ZUCK,ZBTJ,60600,69600,60660,68580,A320,34.1,Westair,16L,414,B8422
20180718,CHB6238,ZBTJ,ZUCK,73200,82800,75960,85800,A320,34.1,Westair,16R,414,B8422
20180718,GCR7583,ZLXY,ZBTJ,24600,31200,25860,30840,A320,34.1,TianjinAirlines,16L,416,B8505
20180718,GCR7583,ZBTJ,ZYHB,34800,41700,35100,41460,A320,34.1,TianjinAirlines,16R,418,B8505
20180718,GCR7584,ZYHB,ZBTJ,45000,52800,45840,52620,A320,34.1,TianjinAirlines,16L,416L,B8505
20180718,GCR7584,ZBTJ,ZLXY,56700,63300,57060,62940,A320,34.1,TianjinAirlines,16R,416L,B8505
20180718,DKH1136,ZYBS,ZBTJ,44100,51300,44880,50520,A321,34.1,ShanghaiJuneyaoAirlines,16L,115,B8540
20180718,DKH1136,ZBTJ,ZSPD,55200,63000,56880,62640,A321,34.1,ShanghaiJuneyaoAirlines,16R,115,B8540
20180718,GCR7855,ZBTJ,ZPPP,30300,43500,31500,41580,A332,60.3,TianjinAirlines,16R,415,B8596
20180718,GCR7856,ZPPP,ZBTJ,48300,60000,49740,59940,A332,60.3,TianjinAirlines,16L,416,B8596
20180718,GCR7869,ZBTJ,ZSDY,35700,39600,37260,40080,E190,28.72,TianjinAirlines,16R,414L,B8597
20180718,GCR7870,ZSDY,ZBTJ,63600,66900,69300,71160,E190,28.72,TianjinAirlines,16L,414R,B8597
20180718,UEA2775,ZUUU,ZBTJ,28500,38400,29100,37500,A320,34.1,ChengduAirlines,16L,114,B8608
20180718,UEA2775,ZBTJ,ZBUL,42900,50400,43620,49560,A320,34.1,ChengduAirlines,16R,114,B8608
20180718,UEA2776,ZBUL,ZBTJ,54600,62100,54600,61500,A320,34.1,ChengduAirlines,16L,111,B8608
20180718,UEA2776,ZBTJ,ZUUU,66600,77400,67680,77400,A320,34.1,ChengduAirlines,16R,112,B8608
20180718,CSC8567,ZYHB,ZBTJ,27300,34800,27600,34140,A321,34.1,SichuanAirlines,16L,116,B8686
20180718,CSC8567,ZBTJ,ZLLL,39900,48000,39540,46800,A321,34.1,SichuanAirlines,16R,116,B8686
20180718,CSC8568,ZLLL,ZBTJ,51000,58800,51060,58080,A321,34.1,SichuanAirlines,16L,113,B8686
20180718,CSC8568,ZBTJ,ZYHB,62880,69900,63300,69540,A321,34.1,SichuanAirlines,16R,116,B8686
20180718,CCA1931,ZSWZ,ZBTJ,71400,81000,72000,80340,A320,34.1,AirChina,16L,118,B8743
20180718,GCR7965,ZBTJ,ZUCK,37500,46800,37920,45660,A332,60.3,TianjinAirlines,16R,418,B8776
20180718,TBA9878,ZBTJ,ZUUU,77700,2100,5280,13980,A320,34.1,TIBET,16R,110,B8842
20180718,TBA9877,ZUUU,ZBTJ,21000,30600,21960,29940,A320,34.1,TIBET,16L,110,B8842
20180718,TBA9877,ZBTJ,ZYCC,35400,41400,36360,41760,A320,34.1,TIBET,16R,111,B8842
20180718,TBA9878,ZYCC,ZBTJ,67500,74100,68040,74280,A320,34.1,TIBET,16L,113,B8842
20180718,GCR7905,ZBTJ,ZUCK,76800,86100,240,8100,A320,34.1,TianjinAirlines,16R,417R,B8952
20180718,GCR7906,ZUCK,ZBTJ,26700,36300,27840,36000,A320,34.1,TianjinAirlines,16L,419R,B8952
20180718,GCR7895,ZBTJ,ZGGG,41700,52800,42720,52020,A320,34.1,TianjinAirlines,16R,419R,B8952
20180718,GCR7896,ZGGG,ZBTJ,57300,68100,57900,67380,A320,34.1,TianjinAirlines,16L,205,B8952
20180717,GCR7902,ZLXY,ZBTJ,-3000,-83100,-2100,2760,E190,28.72,TianjinAirlines,16L,208,B8953
20180718,GCR7881,ZBTJ,ZSPD,29100,36300,29520,35280,A320,34.1,TianjinAirlines,16R,210,B8953
20180718,GCR7882,ZSPD,ZBTJ,40800,49200,42120,48300,A320,34.1,TianjinAirlines,16L,211,B8953
20180718,GCR7865,ZBTJ,ZJHK,54300,66300,52980,64560,A320,34.1,TianjinAirlines,16R,211,B8953
20180718,GCR7866,ZJHK,ZBTJ,70800,83100,72180,85440,A320,34.1,TianjinAirlines,16L,213,B8953
20180718,GCR7889,ZBTJ,ZSAM,33900,43500,34980,44220,A332,60.3,TianjinAirlines,16R,417,B8959
20180718,GCR7890,ZSAM,ZBTJ,48000,58500,50280,57960,A332,60.3,TianjinAirlines,16L,419,B8959
20180718,GCR7851,ZBTJ,ZSHC,63900,70800,65160,71040,E190,28.72,TianjinAirlines,16R,419,B8959
20180718,GCR7852,ZSHC,ZBTJ,75000,83100,77400,84060,E190,28.72,TianjinAirlines,16L,214,B8959
20180718,CQH8914,RKPC,ZBTJ,37200,45600,37500,44160,A320,34.1,ShanghaiSpringAirlines,16L,112,B8963
20180718,CQH8989,ZBTJ,ZSYA,49800,56100,50640,55380,A320,34.1,ShanghaiSpringAirlines,16R,112,B8963
20180718,CQH8990,ZSYA,ZBTJ,58800,64500,59340,64200,A320,34.1,ShanghaiSpringAirlines,16L,112,B8963
20180718,CQH8913,ZBTJ,RKPC,70500,77100,70380,76080,A320,34.1,ShanghaiSpringAirlines,16R,114,B8963
20180718,CES5175,ZBTJ,ZBAA,85500,4440,2520,4020,A320,34.1,ChinaEasternAirlines,16R,216,B8975
20180718,CES2369,ZSPD,ZBTJ,37800,45900,38820,46200,A320,34.1,ChinaEasternAirlines,16L,218,B9972
20180718,CES2369,ZBTJ,ZBCF,50400,55500,52080,56340,A320,34.1,ChinaEasternAirlines,16R,218,B9972
20180718,CES2370,ZBCF,ZBTJ,59700,63900,60480,64320,A320,34.1,ChinaEasternAirlines,16L,219,B9972
20180718,CES2370,ZBTJ,ZSPD,68400,75900,68820,74940,A320,34.1,ChinaEasternAirlines,16R,219,B9972
20180718,GCR6510,ZJSY,ZBTJ,33900,47100,42120,54480,A320,34.1,TianjinAirlines,16L,409,B9989
20180718,GCR7897,ZBTJ,ZUCK,50700,60000,58920,66960,A320,34.1,TianjinAirlines,16R,409,B9989
20180718,CRK363,ZBTJ,VHHH,26700,37800,27540,38640,A332,60.3,HongKongAirlines,16R,105,BLNU
20180718,CRK9366,ZHCC,ZBTJ,41100,47700,43440,47160,A332,60.3,HongKongAirlines,16L,105,BLNZ
20180718,CRK9366,ZBTJ,VHHH,52800,65700,56640,69540,A332,60.3,HongKongAirlines,16R,105,BLNZ
20180718,AAR997,RKSI,ZBTJ,34200,41400,36060,41460,B763,47.57,AsianaAirways,16L,104,HL7423
20180718,AAR998,ZBTJ,RKSI,55800,63000,57180,61620,B763,47.57,AsianaAirways,16R,104,HL7423
20180718,KAL805,RKSI,ZBTJ,29700,36600,31920,36600,A332,60.3,KoreanAirLines,16L,101,HL7525
20180718,KAL806,ZBTJ,RKSI,40800,47400,44040,50640,A332,60.3,KoreanAirLines,16R,101,HL7525
20180718,AAR327,RKSI,ZBTJ,26700,33000,26880,31800,A321,34.1,AsianaAirways,16L,106,HL7789
20180718,AAR328,ZBTJ,RKSI,37200,43200,38220,43080,A321,34.1,AsianaAirways,16R,106,HL7789
20180718,KAL863,RKSI,ZBTJ,42000,48600,43380,48180,B739,34.3,KoreanAirLines,16L,102,HL8026
20180718,KAL864,ZBTJ,RKSI,52800,59400,56460,63060,B739,34.3,KoreanAirLines,16R,102,HL8026
20180718,KAL317,RKSI,ZBTJ,37200,44400,38940,43560,B77L,64.8,KoreanAirLines,16L,105,HL8285
20180718,KAL318,ZBTJ,RKSI,57600,63600,58200,64200,B77L,64.8,KoreanAirLines,16R,105,HL8285
20180718,NCT879,ZBTJ,VTBD,80400,10800,780,17580,B772,60.9,NokScoot,16R,101,HSXBB
20180718,NCT880,VTBD,ZBTJ,60900,76500,59580,74640,B772,60.9,NokScoot,16L,102,HSXBB
20180718,SJO1031,RJAA,ZBTJ,42600,56100,45120,55680,B738,35.8,SpringJapan,16L,103,JA04GR
20180718,SJO1032,ZBTJ,RJAA,60240,70800,60720,71820,B738,35.8,SpringJapan,16R,103,JA04GR
20180718,JAL841,RJGG,ZBTJ,35100,46200,36300,45600,B738,35.8,JapanAirlines,16L,104,JA303J
20180718,JAL840,ZBTJ,RJGG,50400,62400,53220,65220,B738,35.8,JapanAirlines,16R,104,JA303J
20180718,ANA8503,RJAA,ZBTJ,30000,43500,33060,43320,B763,47.57,AllNipponAirways,16L,106,JA8356
20180718,ANA8494,ZBTJ,RJBB,48900,58500,50880,60480,B763,47.57,AllNipponAirways,16R,106,JA8356
20180718,HVN501,ZBTJ,VVCR,54000,68400,57360,71880,A321,34.1,VientnamAirlines,16R,106,VNA359
20180718,HVN489,ZBTJ,VVDN,81600,8700,5580,19080,A321,34.1,VientnamAirlines,16R,103,VNA614
20180718,HVN488,VVDN,ZBTJ,61200,77400,61500,75420,A321,34.1,VientnamAirlines,16L,104,VNA614
20180718,VJC5320,VVCR,ZBTJ,44700,60900,44100,59640,A321,34.1,VietJet,16L,101,VNA635
20180718,VJC5321,ZBTJ,VVCR,65100,81360,66480,82260,A321,34.1,VietJet,16R,101,VNA635
