data,callsign,departure,arrivee,TTOT,TLDT,ATOT,ALDT,Type,Wingspan,Airline,QFU,Parking,registration,changing times,remote numbers
20170806,ICU939,ZBYN,ZBTJ,77400,83400,78300,84240,DHC6,19.8,AisaMedical,16R,897,B10GF,165.0,5.0
20170806,CCA1242,ZLXN,ZBTJ,68700,77400,68760,75720,B738,35.8,AirChina,16R,108,B1418,,
20170806,CCA1427,ZBTJ,ZUUU,27300,37800,28500,37500,B738,35.8,AirChina,16R,118,B1418,,
20170806,CCA1428,ZUUU,ZBTJ,42600,51900,42600,50880,B738,35.8,AirChina,16L,118,B1418,,
20170806,CCA1241,ZBTJ,ZLXN,55800,64500,57120,64620,B738,35.8,AirChina,16R,109,B1418,,
20170806,OKA2990,RJTT,ZBTJ,10800,21600,10200,20640,B738,35.8,OkayAirways,16R,222,B1450,,
20170806,OKA2865,ZBTJ,ZYTL,23400,27900,24540,26940,B738,35.8,OkayAirways,16R,222,B1450,,
20170806,OKA2866,ZYTL,ZBTJ,30600,34800,31080,34080,B738,35.8,OkayAirways,16L,223,B1450,,
20170806,OKA2787,ZBTJ,ZGGG,24900,36000,37320,46808,B738,35.8,OkayAirways,16R,223,B1450,,
20170806,OKA2844,RJSA,ZBTJ,58500,67500,54900,66300,B738,35.8,OkayAirways,16L,223,B1450,,
20170806,OKA2788,ZBTJ,ZGGG,78000,3300,79260,88380,B739,34.3,OkayAirways,16R,223,B1450,,
20170806,CSH9063,ZSSS,ZBTJ,57300,66000,60540,66960,B738,35.8,ShanghaiAirlines,16L,219,B1451,,
20170806,CSH9064,ZBTJ,ZSSS,71400,78900,71880,77280,B738,35.8,ShanghaiAirlines,16R,218,B1451,,
20170806,FZA6556,ZYHB,ZBTJ,41700,49500,41760,48360,B738,35.8,STRAITAIR,16L,211,B1480,,
20170806,FZA6556,ZBTJ,ZSFZ,53100,62400,54240,62280,B738,35.8,STRAITAIR,16R,211,B1480,,
20170805,OKA2946,ZGSZ,ZBTJ,-24000,-12900,-3720,5460,B739,34.3,OkayAirways,16R,222,B1522,,
20170806,OKA2851,ZBTJ,ZUUU,42300,53100,43080,51960,B739,34.3,OkayAirways,16R,223,B1522,,
20170806,OKA2852,ZUUU,ZBTJ,57300,66300,60240,68760,B739,34.3,OkayAirways,16L,222,B1522,,
20170806,OKA2877,ZBTJ,ZSNB,57900,65700,73260,79800,B738,35.8,OkayAirways,16R,222,B1522,,
20170806,CCA124T,ZBAA,ZBTJ,28800,31500,0,31080,B738,35.8,AirChina,16L,201,B1528,,
20170806,CCA103,ZBTJ,VHHH,30900,42600,36300,47580,B738,35.8,AirChina,16R,107,B1528,,
20170806,CCA104,VHHH,ZBTJ,46200,58500,53640,63900,B738,35.8,AirChina,16R,203,B1528,,
20170806,CCA1251,ZBTJ,ZLXY,63300,70500,68520,74160,B738,35.8,AirChina,16R,109,B1528,,
20170806,CCA1252,ZLXY,ZBTJ,74400,81000,80220,85560,B738,35.8,AirChina,16R,109,B1528,,
20170806,EPA6283,ZLLL,ZBTJ,45600,54600,45900,52260,B738,35.8,DONGHAIAIR,16L,214,B1532,,
20170806,EPA6284,ZBTJ,ZLLL,58800,67500,59460,67560,B738,35.8,DONGHAIAIR,16R,208,B1532,,
20170806,CJX8961,ZSCN,ZBTJ,27600,35400,27660,34860,B738,35.8,AIRCRANE,16L,111,B1558,,
20170806,CJX8962,ZBTJ,ZSCN,39000,44700,40740,46980,B738,35.8,AIRCRANE,16R,110,B1558,,
20170806,FZA6555,ZSFZ,ZBTJ,65400,74400,65040,73440,B738,35.8,STRAITAIR,16R,215,B1559,,
20170806,FZA6555,ZBTJ,ZYHB,78000,85200,78900,84780,B738,35.8,STRAITAIR,16R,210,B1559,,
20170805,OKA2708,ZYTL,ZBTJ,-2400,-84600,6060,9000,B739,34.3,OkayAirways,16R,222,B1581,,
20170806,OKA2831,ZBTJ,ZGSD,29700,41100,30900,41040,B739,34.3,OkayAirways,16R,224,B1581,,
20170806,OKA2832,ZGSD,ZBTJ,60900,72000,63240,73080,B739,34.3,OkayAirways,16R,223,B1581,,
20170806,OKA2707,ZBTJ,ZYTL,76800,81000,77280,79860,B739,34.3,OkayAirways,16R,224,B1581,,
20170806,LKE9727,ZUMY,ZBTJ,69000,77100,74700,82920,B738,35.8,LUCKYAIR,16R,215,B1587,,
20170806,CSZ9123,ZGSZ,ZBTJ,55500,66300,57180,67200,A320,34.1,ShenzhenAirlines,16L,203,B1602,,
20170806,CSZ9124,ZBTJ,ZGSZ,70800,82500,71460,81120,A320,34.1,ShenzhenAirlines,16R,107,B1602,,
20170806,QDA9853,ZSQD,ZBTJ,24600,29700,25920,29400,A320,34.1,SKYLEGEND,16L,110,B1617,,
20170806,QDA9853,ZBTJ,ZBLA,36000,45300,36840,44400,A320,34.1,SKYLEGEND,16R,110,B1617,,
20170806,GCR7896,ZUCK,ZBTJ,32400,41100,34200,41400,A320,34.1,TianjinAirlines,16L,213,B1618,,
20170806,GCR7813,ZBTJ,ZYTL,51600,55200,52380,55920,A320,34.1,TianjinAirlines,16R,210,B1618,,
20170806,GCR7577,ZWWW,ZBTJ,32400,45600,33480,45540,A320,34.1,TianjinAirlines,16R,213,B1619,,
20170806,GCR7577,ZBTJ,ZYCC,49800,56700,50220,55500,A320,34.1,TianjinAirlines,16R,210,B1619,,
20170806,GCR7578,ZYCC,ZBTJ,61200,67200,62640,68040,A320,34.1,TianjinAirlines,16L,214,B1619,,
20170806,GCR7578,ZBTJ,ZWWW,71700,600,74220,88440,A320,34.1,TianjinAirlines,16R,210,B1619,,
20170806,EVA729,ZBTJ,RCTP,49800,60300,50700,0,A321,34.1,EVAAir,16R,102,B16216,,
20170806,EVA730,RCTP,ZBTJ,33900,45300,35160,45300,A321,34.1,EVAAir,16R,103,B16216,,
20170806,GCR7584,ZYHB,ZBTJ,45000,52800,45300,52080,A320,34.1,TianjinAirlines,16L,213,B1659,,
20170806,GCR7584,ZBTJ,ZLXY,56700,63600,60000,65700,A320,34.1,TianjinAirlines,16R,209,B1659,,
20170806,CSC8567,ZYHB,ZBTJ,27300,34800,28620,35040,A321,34.1,SichuanAirlines,16L,112,B1677,,
20170806,CSC8567,ZBTJ,ZLLL,38700,47400,40140,47340,A321,34.1,SichuanAirlines,16R,111,B1677,,
20170806,CXA8139,ZBTJ,ZSAM,27000,36900,30180,38100,B738,35.8,XiamenAirlines,16R,227,B1707,,
20170806,CXA8140,ZSAM,ZBTJ,60300,70800,67980,77040,B738,35.8,XiamenAirlines,16R,225,B1707,,
20170806,CXA8621,ZBTJ,ZGHA,75300,84000,81060,88020,B738,35.8,XiamenAirlines,16R,226,B1707,,
20170806,JYH1055,ZGGG,ZBTJ,23100,35100,24240,34260,B738,35.8,TRANSJADE,16L,110,B1715,,
20170806,JYH1056,ZBTJ,ZGGG,44100,54900,44760,53820,B738,35.8,TRANSJADE,16R,111,B1716,,
20170805,OKA2898,ZPPP,ZBTJ,-20400,-9000,2880,13560,B738,35.8,OkayAirways,16R,223,B1732,,
20170806,OKA2777,ZBTJ,ZGSZ,27900,40200,29880,40080,B738,35.8,OkayAirways,16R,223,B1732,,
20170806,OKA2778,ZGSZ,ZBTJ,62700,73800,64320,74520,B738,35.8,OkayAirways,16R,222,B1732,,
20170806,CCA1677,ZYHB,ZBTJ,28200,36300,29040,36000,B738,35.8,AirChina,16L,117,B1762,,
20170806,CCA1677,ZBTJ,ZGKL,42300,50400,42240,50820,B738,35.8,AirChina,16R,107,B1762,,
20170805,GCR7970,UHWW,ZBTJ,-73500,-63000,13080,20580,A320,34.1,TianjinAirlines,16R,213,B184,,
20170805,GCR7860,ZHHH,ZBTJ,-4500,-84000,-3180,2400,A320,34.1,TianjinAirlines,16R,210,B1849,,
20170806,GCR7815,ZBTJ,ZSQD,27900,32100,28200,30720,A320,34.1,TianjinAirlines,16R,205,B1849,,
20170806,GCR7816,ZSQD,ZBTJ,55500,60300,61320,64560,A320,34.1,TianjinAirlines,16R,210,B1849,,
20170806,GCR7895,ZBTJ,ZUCK,64500,74700,69180,76860,A320,34.1,TianjinAirlines,16R,211,B1849,,
20170806,GCR7977,ZBTJ,RJBB,30900,39900,31440,0,A320,34.1,TianjinAirlines,16R,206,B1851,,
20170806,GCR7990,RJTT,ZBTJ,1800,14100,12000,22500,A320,34.1,TianjinAirlines,16R,213,B1851,,
20170806,GCR7978,RJBB,ZBTJ,44400,55200,45600,53940,A320,34.1,TianjinAirlines,16L,213,B1851,,
20170806,GCR7877,ZBTJ,ZLXN,60300,69900,60960,68400,A320,34.1,TianjinAirlines,16R,210,B1851,,
20170806,GCR7878,ZLXN,ZBTJ,72600,81300,72120,79200,A320,34.1,TianjinAirlines,16R,213,B1851,,
20170806,CSC8357,ZBTJ,ZJHK,24900,39000,25380,36420,A320,34.1,SichuanAirlines,16R,111,B1887,,
20170806,CSC8861,ZUUU,ZBTJ,68100,77100,71820,80760,A320,34.1,SichuanAirlines,16R,112,B1887,,
20170806,FZA6601,ZSZS,ZBTJ,33900,41400,33360,39720,B738,35.8,STRAITAIR,16L,213,B1906,,
20170806,FZA6602,ZBTJ,ZSZS,45000,52200,45960,52560,B738,35.8,STRAITAIR,16R,210,B1906,,
20170806,CXA855,ZBTJ,ZSAM,50700,60300,50520,58260,B738,35.8,XiamenAirlines,16R,226,B1970,,
20170806,CDG4801,ZSAM,ZBTJ,26700,37200,28680,37620,B738,35.8,shandongAirlines,16L,108,B1987,,
20170806,CDG8709,ZBTJ,ZLIC,40500,48300,41580,48180,B738,35.8,shandongAirlines,16R,108,B1987,,
20170806,CDG8710,ZLIC,ZBTJ,64800,72600,65700,71880,B738,35.8,shandongAirlines,16L,109,B1987,,
20170806,CDG4802,ZBTJ,ZSAM,76500,86100,80640,88920,B738,35.8,shandongAirlines,16R,117,B1987,,
20170805,CHH7202,ZGGG,ZBTJ,-28200,-17100,-6360,2700,B738,35.8,HainanAirlines,16R,214,B1997,,
20170805,CAO1036,EHAM,ZBTJ,-25500,-76800,-23640,7020,B77L,64.8,AirChinaInternationalCorporation,16R,105,B2095,,
20170806,CAO1036,ZBTJ,ZSPD,16800,24300,13800,19080,B77L,64.8,AirChinaInternationalCorporation,16R,101,B2095,,
20170806,CSN3301,ZGGG,ZBTJ,38700,50100,39420,48660,A320,34.1,ChinaSouthernAirlines,16L,220,B2406,,
20170806,CSN3302,ZBTJ,ZGGG,53700,65100,55980,65040,A320,34.1,ChinaSouthernAirlines,16R,218,B2406,,
20170805,YZR7498,EHAM,ZBTJ,-29700,-82800,-21600,9540,B744,64.4,YangtzeRiverExpress,16R,897,B2435,,
20170806,YZR7498,ZBTJ,ZSPD,10800,18000,16380,21600,B744,64.4,YangtzeRiverExpress,16R,876,B2435,,
20170806,CAO1014,EDDF,ZBTJ,5400,39900,6600,37260,B744,64.4,AirChinaInternationalCorporation,16L,105,B2476,,
20170806,CAO1014,ZBTJ,ZSPD,73800,81000,73980,80160,B744,64.4,AirChinaInternationalCorporation,16R,101,B2476,,
20170806,CHH779R,ZBTJ,ZSCN,36000,42300,37380,43080,B738,35.8,HainanAirlines,16R,209,B2676,,
20170806,CHH760R,ZBTJ,ZBAA,47400,50400,51660,53040,B788,60.0,HainanAirlines,16R,415,B2728,,
20170806,GCR7835,ZBTJ,ZBTL,33000,37800,35280,40260,E145,20.04,TianjinAirlines,16R,211,B3081,,
20170806,GCR7836,ZBTL,ZBTJ,52200,57000,56820,61980,E145,20.04,TianjinAirlines,16R,214,B3081,,
20170806,GCR7923,ZBTJ,ZSYT,46200,50400,49320,52260,E145,20.04,TianjinAirlines,16R,208,B3092,,
20170806,GCR7924,ZSYT,ZBTJ,53100,57000,55500,58440,E145,20.04,TianjinAirlines,16R,211,B3092,,
20170806,GCR7849,ZBTJ,ZYCY,60000,63600,63180,66240,E145,20.04,TianjinAirlines,16R,209,B3092,,
20170806,GCR7850,ZYCY,ZBTJ,71700,76500,70560,73260,E145,20.04,TianjinAirlines,16R,214,B3092,,
20170806,GCR7889,ZBTJ,ZSAM,33900,43500,38940,47100,A332,60.3,TianjinAirlines,16R,415,B3100,,
20170806,GCR7890,ZSAM,ZBTJ,48000,58500,56640,66600,A332,60.3,TianjinAirlines,16L,212,B3100,,
20170806,GCR7921,ZBTJ,ZSYT,72000,76500,72180,74700,E190,28.72,TianjinAirlines,16R,208,B3100,,
20170806,GCR7922,ZSYT,ZBTJ,78900,83100,79320,82380,E190,28.72,TianjinAirlines,16R,211,B3100,,
20170806,GCR6658,ZYTL,ZBTJ,65700,69900,71520,74220,E190,28.72,TianjinAirlines,16R,213,B3120,,
20170806,CBG882V,ZBTJ,ZUKJ,25200,37800,27360,36900,E190,28.72,SPRAY,16R,110,B3125,,
20170806,GCR7843,ZBTJ,ZHCC,32400,38100,34320,38640,E190,28.72,TianjinAirlines,16R,209,B3129,,
20170806,GCR7844,ZHCC,ZBTJ,63300,68100,64620,69480,E190,28.72,TianjinAirlines,16L,212,B3129,,
20170806,GCR7853,ZBTJ,ZSHC,29700,36600,32100,37800,E190,28.72,TianjinAirlines,16R,204,B3157,,
20170806,GCR7854,ZSHC,ZBTJ,60300,67800,63540,70080,E190,28.72,TianjinAirlines,16L,206,B3157,,
20170806,CBG885X,ZBTJ,ZHNY,45000,51600,45420,50580,E190,28.72,SPRAY,16R,110,B3159,,
20170806,GCR7831,ZBTJ,ZUGY,31200,41100,32280,42060,E190,28.72,TianjinAirlines,16R,205,B3167,,
20170806,GCR7832,ZUGY,ZBTJ,44700,54300,48600,58680,E190,28.72,TianjinAirlines,16R,213,B3167,,
20170806,GCR787Z,ZHHH,ZBTJ,27000,33600,28860,35220,E190,28.72,TianjinAirlines,16L,213,B3168,,
20170806,GCR7909,ZBTJ,ZYQQ,40800,48000,41940,49020,E190,28.72,TianjinAirlines,16R,209,B3168,,
20170806,GCR7910,ZYQQ,ZBTJ,50700,58200,52440,59640,E190,28.72,TianjinAirlines,16R,213,B3168,,
20170806,GCR7851,ZBTJ,ZSHC,64200,71100,68100,73740,E190,28.72,TianjinAirlines,16R,208,B3168,,
20170806,GCR7852,ZSHC,ZBTJ,75000,83100,78840,85800,E190,28.72,TianjinAirlines,16R,214,B3168,,
20170806,GCR6433,ZYTL,ZBTJ,63600,67500,65700,68460,E190,28.72,TianjinAirlines,16L,209,B3170,,
20170806,GCR6434,ZBTJ,ZYTL,71100,74700,72060,74580,E190,28.72,TianjinAirlines,16R,209,B3170,,
20170806,GCR782S,ZBTJ,ZBDS,28800,35100,31380,35760,E190,28.72,TianjinAirlines,16R,209,B3171,,
20170806,CBG8821,ZUNC,ZBTJ,44700,53100,47280,54840,E190,28.72,SPRAY,16R,111,B3180,,
20170806,CBG8822,ZBTJ,ZUNC,57300,66600,66420,74760,E190,28.72,SPRAY,16R,113,B3180,,
20170806,GCR6657,ZBHH,ZBTJ,64800,69900,80280,84720,E190,28.72,TianjinAirlines,16R,213,B3182,,
20170806,GCR7911,ZBTJ,ZBCF,30300,35100,31080,34140,E145,20.04,TianjinAirlines,16R,208,B3189,,
20170806,GCR7912,ZBCF,ZBTJ,37500,42000,37200,40380,E145,20.04,TianjinAirlines,16L,214,B3189,,
20170806,GCR7927,ZBTJ,ZBHH,48000,53400,48660,52740,E190,28.72,TianjinAirlines,16R,205,B3189,,
20170806,GCR7928,ZBHH,ZBTJ,67500,72900,72420,76440,E190,28.72,TianjinAirlines,16R,214,B3189,,
20170806,GCR7819,ZBTJ,ZGHA,28800,35400,28320,35820,E190,28.72,TianjinAirlines,16R,211,B3192,,
20170806,GCR7820,ZGHA,ZBTJ,53400,61800,57000,65700,E190,28.72,TianjinAirlines,16L,213,B3192,,
20170806,GCR7581,ZLXY,ZBTJ,49500,56400,60300,65700,E190,28.72,TianjinAirlines,16L,214,B3195,,
20170806,GCR7581,ZBTJ,ZBXH,60000,65700,70320,74580,E190,28.72,TianjinAirlines,16R,208,B3195,,
20170806,GCR7582,ZBXH,ZBTJ,68100,73500,76980,81000,E190,28.72,TianjinAirlines,16R,210,B3195,,
20170806,GCR7582,ZBTJ,ZLXY,77100,84000,84840,90480,E190,28.72,TianjinAirlines,16R,210,B3195,,
20170806,GCR7821,ZBTJ,ZYTL,33900,37800,34800,37620,E190,28.72,TianjinAirlines,16R,210,B3235,,
20170806,GCR7822,ZYTL,ZBTJ,40800,44700,41040,43980,E190,28.72,TianjinAirlines,16R,214,B3235,,
20170806,GCR7809,ZBTJ,ZSCN,52500,58200,52680,59220,A320,34.1,TianjinAirlines,16R,205,B3235,,
20170805,GCR7918,ZBLA,ZBTJ,-9300,-600,5820,13260,E190,28.72,TianjinAirlines,16R,211,B3238,,
20170806,GCR7817,ZBTJ,ZSFY,30600,35700,30540,35640,E190,28.72,TianjinAirlines,16R,204,B3238,,
20170806,GCR7818,ZSFY,ZBTJ,58200,64200,62280,67020,E190,28.72,TianjinAirlines,16L,213,B3238,,
20170806,CGZ7121,ZUWX,ZBTJ,58800,66900,67140,75300,E190,28.72,ChinaEasternAirlines,16R,219,B3242,,
20170806,CGZ7122,ZBTJ,ZUWX,70500,78600,78120,85380,E190,28.72,ChinaEasternAirlines,16R,219,B3242,,
20170805,GCR7852,ZSHC,ZBTJ,-11400,-3300,-3120,3420,E190,28.72,TianjinAirlines,16R,213,B3245,,
20170806,GCR7859,ZBTJ,ZHHH,30000,37200,31140,37080,A320,34.1,TianjinAirlines,16R,207,B3245,,
20170806,HXA2841,ZBOW,ZBTJ,73200,78600,76080,80580,CRJ9,23.2,Chinaexpressair,16R,601,B3251,,
20170806,HXA2842,ZBTJ,ZBOW,82600,1200,84420,88560,CRJ9,23.2,Chinaexpressair,16R,601,B3251,,
20170805,HXA2926,ZYTL,ZBTJ,-7800,-3600,8220,10920,CRJ9,23.2,Chinaexpressair,16R,601,B3252,,
20170806,HXA2905,ZBTJ,ZLTS,25500,34800,25920,33000,CRJ9,23.2,Chinaexpressair,16R,601,B3252,,
20170806,HXA2906,ZLTS,ZBTJ,38700,46800,37800,44220,CRJ9,23.2,Chinaexpressair,16R,601,B3252,,
20170806,HXA2669,ZBTJ,ZLGY,57900,65400,61800,68220,CRJ9,23.2,Chinaexpressair,16R,602,B3252,,
20170806,HXA2670,ZLGY,ZBTJ,49800,55800,66840,72900,CRJ9,23.2,Chinaexpressair,16R,418,B3363,,
20170806,HXA2656,ZBTJ,ZBZJ,62700,67200,76740,79920,CRJ9,23.2,Chinaexpressair,16R,418,B3363,,
20170806,HXA2785,ZBXZ,ZBTJ,33000,36000,32100,35400,CRJ9,23.2,Chinaexpressair,16L,601,B3372,,
20170806,HXA2786,ZBTJ,ZBXZ,39600,42600,40560,43440,CRJ9,23.2,Chinaexpressair,16R,414R,B3372,,
20170806,JOY1610,ZBTJ,ZBOW,26400,34800,27120,33840,MA60,29.2,Joyair,16R,501,B3440,,
20170806,JOY1609,ZBOW,ZBTJ,54600,60900,54600,61380,MA60,29.2,Joyair,16R,502,B3440,,
20170805,JOY159T,ZSYT,ZBTJ,-41400,-37200,240,4200,MA60,29.2,Joyair,16R,501,B3710,,
20170806,JOY1602,ZBTJ,ZBSJ,23700,27900,24240,27120,MA60,29.2,Joyair,16R,501,B3710,,
20170806,JOY1601,ZBSJ,ZBTJ,41700,45900,47100,49800,MA60,29.2,Joyair,16L,501,B3710,,
20170806,JOY1595,ZBTJ,ZSYT,64500,70200,63660,67200,MA60,29.2,Joyair,16R,501,B3710,,
20170806,JOY1596,ZSYT,ZBTJ,74700,80100,75000,79080,MA60,29.2,Joyair,16R,501,B3710,,
20170806,CYZ9101,ZBTJ,ZSNJ,1500,7800,840,5040,B733,28.3,ChinaPost,16R,876,B5065,,
20170806,CYZ9102,ZSNJ,ZBTJ,22200,28500,22860,27840,B734,28.9,ChinaPost,16R,897,B5065,,
20170806,CYZ9111,ZBTJ,ZLLL,33300,42300,33960,41520,B734,28.9,ChinaPost,16R,876,B5065,,
20170806,CYZ9112,ZLLL,ZBTJ,76200,84900,77220,83820,B734,28.9,ChinaPost,16R,906,B5065,,
20170806,CSZ9122,ZBTJ,ZGSZ,39900,51600,41400,51300,B738,35.8,ShenzhenAirlines,16R,118,B5102,,
20170806,CHH7731,ZUGY,ZBTJ,37800,47700,39240,48780,B738,35.8,HainanAirlines,16L,214,B5136,,
20170806,CHH7732,ZBTJ,ZUGY,52500,62400,53220,62100,B738,35.8,HainanAirlines,16R,209,B5136,,
20170806,CXA8682,ZSAM,ZBTJ,69600,80100,76740,85860,B738,35.8,XiamenAirlines,16R,225,B5151,,
20170805,CXA8322,ZSHC,ZBTJ,-9300,-1200,-5580,660,B738,35.8,XiamenAirlines,16R,225,B5161,,
20170806,CXA8134,ZBTJ,ZHHH,27300,34500,29340,34920,B738,35.8,XiamenAirlines,16R,226,B5161,,
20170806,OKA2923,ZBTJ,ZGDY,26100,35100,26160,33420,B738,35.8,OkayAirways,16R,224,B5181,,
20170806,OKA2924,ZGDY,ZBTJ,38400,47100,39960,47580,B738,35.8,OkayAirways,16L,222,B5181,,
20170806,OKA2931,ZBTJ,ZGHA,51230,58700,52500,59700,B738,35.8,OkayAirways,16R,224,B5181,,
20170806,CSN3168,ZHHH,ZBTJ,58200,64800,58500,64080,B738,35.8,ChinaSouthernAirlines,16R,221,B5189,,
20170806,CSN3167,ZBTJ,ZHHH,68700,75600,69780,75240,B738,35.8,ChinaSouthernAirlines,16R,218,B5189,,
20170806,CCA454R,ZBTJ,ZGGG,52800,64740,55320,64080,B737,35.8,AirChina,16R,118,B5201,,
20170806,CCA801,ZBTJ,RKSI,51000,55500,51300,0,B737,35.8,AirChina,16R,108,B5211,,
20170806,CCA1249,ZBTJ,ZLXY,26700,33600,29700,35760,B737,35.8,AirChina,16R,117,B5211,,
20170806,CCA1250,ZLXY,ZBTJ,37500,44700,39960,44880,B737,35.8,AirChina,16R,201,B5211,,
20170806,CCA802,RKSI,ZBTJ,60000,66300,61140,65940,B737,35.8,AirChina,16L,202,B5211,,
20170806,CCA1533,ZBTJ,ZSSS,28800,35700,31680,37080,B737,35.8,AirChina,16R,202,B5213,,
20170806,CCA1534,ZSSS,ZBTJ,39300,47700,41400,47340,B737,35.8,AirChina,16L,203,B5213,,
20170806,CCA1523,ZBTJ,ZSSS,54000,61500,55740,61140,B737,35.8,AirChina,16R,203,B5213,,
20170806,CCA1524,ZSSS,ZBTJ,65100,73200,68220,73980,B737,35.8,AirChina,16R,108,B5213,,
20170806,CCA1371,ZBTJ,ZGSZ,28200,39900,30060,39840,B737,35.8,AirChina,16R,118,B5227,,
20170806,CCA1372,ZGSZ,ZBTJ,43500,54900,45000,54240,B737,35.8,AirChina,16R,117,B5227,,
20170806,CCA1527,ZBTJ,ZSSS,60000,66900,65100,70800,B737,35.8,AirChina,16R,107,B5227,,
20170806,CCA1528,ZSSS,ZBTJ,70800,78900,75060,81780,B737,35.8,AirChina,16R,107,B5227,,
20170806,LKE9713,ZPPP,ZBTJ,63600,75900,70320,81180,B737,35.8,LUCKYAIR,16R,213,B5268,,
20170806,CES5747,ZPPP,ZBTJ,35100,46500,36660,47520,B738,35.8,ChinaEasternAirlines,16L,215,B5271,,
20170806,CES5748,ZBTJ,ZPPP,51300,64800,51900,62280,B738,35.8,ChinaEasternAirlines,16R,219,B5271,,
20170806,CSN3135,ZGGG,ZBTJ,56700,68100,61740,73200,A320,34.1,ChinaSouthernAirlines,16R,220,B5281,,
20170806,CSN3136,ZBTJ,ZGGG,71400,83400,76500,84900,A320,34.1,ChinaSouthernAirlines,16R,220,B5281,,
20170806,CES5947,ZPDL,ZBTJ,34200,45600,36600,48240,B737,35.8,ChinaEasternAirlines,16L,216,B5282,,
20170806,CES5948,ZBTJ,ZPDL,50100,61800,51720,62400,B737,35.8,ChinaEasternAirlines,16R,216,B5282,,
20170806,CSN8558,ZBTJ,ZGGG,23700,35100,23760,32460,B737,35.8,ChinaSouthernAirlines,16R,218,B5291,,
20170806,CXA8313,ZBTJ,ZGGG,25500,36600,25740,34680,B738,35.8,XiamenAirlines,16R,229,B5306,,
20170806,CXA8314,ZGGG,ZBTJ,40500,51900,41040,50700,B738,35.8,XiamenAirlines,16L,226,B5306,,
20170806,CXA8239,ZBTJ,ZLXY,63600,70800,67680,73260,B738,35.8,XiamenAirlines,16R,225,B5306,,
20170806,CXA8240,ZLXY,ZBTJ,75900,82800,78600,84000,B738,35.8,XiamenAirlines,16R,225,B5306,,
20170806,CSH9131,ZSPD,ZBTJ,32700,41100,34020,40140,B738,35.8,ShanghaiAirlines,16L,219,B5320,,
20170806,CSH9132,ZBTJ,ZSPD,45000,52200,45780,51780,B738,35.8,ShanghaiAirlines,16R,218,B5320,,
20170806,CXA8203,ZYTL,ZBTJ,30900,34800,31260,34440,B738,35.8,XiamenAirlines,16L,226,B5388,,
20170806,CXA8203,ZBTJ,ZLXN,41400,48000,39780,48000,B738,35.8,XiamenAirlines,16R,226,B5388,,
20170806,CXA8204,ZLXN,ZBTJ,50700,59400,51420,58260,B738,35.8,XiamenAirlines,16R,226,B5388,,
20170806,CXA8204,ZBTJ,ZYTL,63000,67500,63000,65640,B738,35.8,XiamenAirlines,16R,225,B5388,,
20170806,CCA1641,ZBTJ,ZSFZ,26400,35400,28680,36780,B738,35.8,AirChina,16R,107,B5391,,
20170806,CCA1642,ZSFZ,ZBTJ,40500,50100,54600,63060,B738,35.8,AirChina,16R,202,B5391,,
20170806,CCA1669,ZBTJ,ZGHA,61500,70200,68400,75300,B738,35.8,AirChina,16R,108,B5391,,
20170806,CSZ9141,ZGGG,ZBTJ,46200,58200,48420,57840,B738,35.8,ShenzhenAirlines,16R,201,B5413,,
20170806,CSZ9142,ZBTJ,ZGGG,62700,73800,63300,72600,B738,35.8,ShenzhenAirlines,16R,109,B5413,,
20170806,CHH7304,ZBTJ,ZGSZ,39600,51000,40320,49980,B738,35.8,HainanAirlines,16R,210,B5418,,
20170806,FZA6619,ZSNT,ZBTJ,59100,65100,60720,66120,B738,35.8,STRAITAIR,16L,211,B5430,,
20170806,FZA6620,ZBTJ,ZSNT,68700,75000,70140,75060,B738,35.8,STRAITAIR,16R,210,B5430,,
20170806,CCA1678,ZGKL,ZBTJ,53700,63900,55740,64920,B738,35.8,AirChina,16L,201,B5442,,
20170806,CCA1678,ZBTJ,ZYHB,69000,76200,69480,75000,B738,35.8,AirChina,16R,107,B5442,,
20170805,CSN3168,ZHHH,ZBTJ,-28200,-21600,-1260,4320,B738,35.8,ChinaSouthernAirlines,16R,221,B5445,,
20170806,CCA8276,ZSWZ,ZBTJ,75300,84000,77880,85140,B738,35.8,AirChina,16R,107,B5447,,
20170806,CCA1619,ZBTJ,ZGSD,31200,43200,33480,43740,B738,35.8,AirChina,16R,203,B5447,,
20170806,CCA1620,ZGSD,ZBTJ,46800,57300,48960,58740,B738,35.8,AirChina,16R,108,B5447,,
20170806,CCA8275,ZBTJ,ZSWZ,64800,71700,63420,70080,B738,35.8,AirChina,16R,107,B5447,,
20170806,CHH7202,ZGGG,ZBTJ,58200,69300,60600,69900,B738,35.8,HainanAirlines,16L,211,B5481,,
20170806,CHH7201,ZBTJ,ZGGG,72900,84300,73800,82380,B738,35.8,HainanAirlines,16R,209,B5481,,
20170806,CHH7725,ZGHA,ZBTJ,35700,44400,38940,46080,B738,35.8,HainanAirlines,16R,209,B5483,,
20170806,CHH7725,ZBTJ,ZYHB,48300,55500,49860,55260,B738,35.8,HainanAirlines,16R,209,B5483,,
20170806,CHH7726,ZYHB,ZBTJ,59100,66600,60420,66720,B738,35.8,HainanAirlines,16L,210,B5483,,
20170806,CHH7726,ZBTJ,ZGHA,70200,78600,70740,77520,B738,35.8,HainanAirlines,16R,205,B5483,,
20170806,CCA8290,ZBHH,ZBTJ,28800,33900,30000,33420,B738,35.8,AirChina,16L,202,B5485,,
20170806,CCA1481,ZBTJ,ZBYC,42900,49200,43260,47640,B737,35.8,AirChina,16R,203,B5485,,
20170806,CCA171,ZBTJ,RKSI,31800,38700,33600,0,B738,35.8,AirChina,16R,118,B5508,,
20170806,CCA187,ZBTJ,RCSS,53100,63900,53820,0,B738,35.8,AirChina,16R,109,B5508,,
20170805,CCA1672,ZGSZ,ZBTJ,-28800,-18000,-1380,7860,B738,35.8,AirChina,16R,201,B5508,,
20170806,CCA172,RKSI,ZBTJ,42300,48600,44580,49380,B738,35.8,AirChina,16L,117,B5508,,
20170806,CCA188,RCSS,ZBTJ,67500,78600,67320,77160,B738,35.8,AirChina,16R,108,B5508,,
20170805,CCA1402,ZPPP,ZBTJ,-13200,-1500,-1440,8760,B738,35.8,AirChina,16R,108,B5509,,
20170806,CCA1245,ZBTJ,ZLLL,30600,39600,31560,39060,B738,35.8,AirChina,16R,108,B5509,,
20170806,CCA1246,ZLLL,ZBTJ,42600,51900,43380,49500,B738,35.8,AirChina,16L,201,B5509,,
20170806,CCA1467,ZBTJ,ZPPP,61800,72300,68700,79320,B738,35.8,AirChina,16R,117,B5509,,
20170806,CCA138R,ZGGG,ZBTJ,25200,36000,26700,36120,B738,35.8,AirChina,16L,202,B5510,,
20170806,CCA1671,ZBTJ,ZGSZ,42000,54000,42720,52200,B738,35.8,AirChina,16R,117,B5510,,
20170806,CCA1672,ZGSZ,ZBTJ,57600,68400,59700,69660,B738,35.8,AirChina,16L,201,B5510,,
20170805,CCA1390,ZJSY,ZBTJ,-14400,-300,-6120,6300,B738,35.8,AirChina,16R,109,B5518,,
20170806,CCA1663,ZBTJ,ZSWH,30000,35100,30780,34080,B738,35.8,AirChina,16R,107,B5518,,
20170806,CCA1664,ZSWH,ZBTJ,38400,42600,38940,41940,B738,35.8,AirChina,16L,108,B5518,,
20170806,CCA8279,ZBTJ,ZBYN,47100,52200,48780,51780,B738,35.8,AirChina,16R,107,B5518,,
20170806,CCA8280,ZBYN,ZBTJ,75000,79500,75360,78180,B738,35.8,AirChina,16R,108,B5518,,
20170806,CCA1319,ZBTJ,ZGSZ,52500,64200,54480,64260,B738,35.8,AirChina,16R,117,B5519,,
20170806,CCA1320,ZGSZ,ZBTJ,69000,80100,70200,80220,B738,35.8,AirChina,16R,107,B5519,,
20170806,CSH9147,ZSSS,ZBTJ,29700,37500,31800,37800,B738,35.8,ShanghaiAirlines,16L,218,B5523,,
20170806,CSH9148,ZBTJ,ZSSS,41100,48900,41700,47640,B738,35.8,ShanghaiAirlines,16R,218,B5523,,
20170806,CCA1396,ZGGG,ZBTJ,31500,42600,42420,51660,B738,35.8,AirChina,16L,202,B5525,,
20170806,CCA1395,ZBTJ,ZGGG,64200,75900,64680,73740,B738,35.8,AirChina,16R,108,B5525,,
20170806,OKA2861,ZBTJ,ZGHA,30600,39900,32940,40020,B738,35.8,OkayAirways,16R,226,B5562,,
20170806,OKA2862,ZGHA,ZBTJ,68700,78080,70860,79200,B738,35.8,OkayAirways,16R,223,B5562,,
20170806,OKA2918,ZBTJ,ZYHB,76200,84300,82620,88560,B738,35.8,OkayAirways,16R,223,B5562,,
20170806,OKA2917,ZYHB,ZBTJ,24000,31500,24420,30960,B738,35.8,OkayAirways,16L,222,B5571,,
20170806,OKA2917,ZBTJ,ZGKL,37800,48000,38220,46800,B738,35.8,OkayAirways,16R,226,B5571,,
20170806,CCA1260,ZUGY,ZBTJ,37800,47400,38460,48000,B738,35.8,AirChina,16L,202,B5572,,
20170806,CCA1389,ZBTJ,ZJSY,54000,68700,56400,68460,B738,35.8,AirChina,16R,108,B5572,,
20170805,OKA2932,ZGHA,ZBTJ,-5700,-84000,5940,12900,B738,35.8,OkayAirways,16R,224,B5573,,
20170806,OKA2823,ZBTJ,ZLXY,25200,32100,25500,31800,B738,35.8,OkayAirways,16R,225,B5573,,
20170806,OKA2824,ZLXY,ZBTJ,78600,85500,80820,86280,B738,35.8,OkayAirways,16R,222,B5573,,
20170805,OKA2820,ZGHA,ZBTJ,-3600,-73680,6720,13680,B738,35.8,OkayAirways,16R,222,B5575,,
20170805,OKA2806,ZSHC,ZBTJ,-6000,-84600,3120,9120,B738,35.8,OkayAirways,16R,224,B5578,,
20170806,OKA2819,ZBTJ,ZGKL,25800,36600,26700,35160,B738,35.8,OkayAirways,16R,222,B5578,,
20170806,OKA2820,ZGKL,ZBTJ,41700,52200,42540,51240,B738,35.8,OkayAirways,16L,222,B5578,,
20170806,OKA2751,ZBTJ,ZSHC,61200,68100,61500,66840,B738,35.8,OkayAirways,16R,223,B5578,,
20170805,CCA1468,ZPPP,ZBTJ,-21300,-9600,-3000,7500,B738,35.8,AirChina,16R,109,B5585,,
20170806,CCA151,ZBTJ,ZYTL,35400,36600,33240,36000,B738,35.8,AirChina,16R,117,B5585,,
20170806,CCA152,ZYTL,ZBTJ,66000,69600,66420,69000,B738,35.8,AirChina,16L,109,B5585,,
20170806,CCA8289,ZBTJ,ZBHH,75600,81000,75960,79800,B738,35.8,AirChina,16R,107,B5585,,
20170806,CSN6329,ZGSD,ZBTJ,31200,41700,34980,45060,B738,35.8,ChinaSouthernAirlines,16R,217,B5586,,
20170806,CSN6330,ZBTJ,ZGSD,45660,57300,52260,62280,B738,35.8,ChinaSouthernAirlines,16R,218,B5598,,
20170806,CSZ9121,ZGSZ,ZBTJ,25200,36300,26700,36600,B739,34.3,ShenzhenAirlines,16L,109,B5615,,
20170806,CXA856,ZSAM,ZBTJ,51300,62100,59580,68460,B738,35.8,XiamenAirlines,16L,227,B5635,,
20170806,CCD8923,ZYTL,ZBTJ,24600,28200,25140,28140,B738,35.8,XIANGJIAN,16R,110,B5639,,
20170806,CCD8923,ZBTJ,ZLIC,31800,39900,33840,40680,B738,35.8,XIANGJIAN,16R,110,B5639,,
20170806,CXA8033,ZSFZ,ZBTJ,39300,49200,44400,54000,B738,35.8,XiamenAirlines,16L,226,B5657,,
20170806,CXA8033,ZBTJ,ZYCC,52800,58800,56400,61440,B738,35.8,XiamenAirlines,16R,226,B5657,,
20170806,CXA8034,ZYCC,ZBTJ,61800,67800,65280,70380,B738,35.8,XiamenAirlines,16L,226,B5657,,
20170806,CXA8034,ZBTJ,ZSFZ,72000,81600,75480,83940,B738,35.8,XiamenAirlines,16R,229,B5657,,
20170806,CCA811,ZBTJ,VTBS,73800,6300,74880,0,B738,35.8,AirChina,16R,109,B5680,,
20170806,CCA951,ZBTJ,ZYTL,25800,30000,25800,28080,B738,35.8,AirChina,16R,108,B5680,,
20170806,CCA812,VTBS,ZBTJ,11100,27900,31760,43680,B738,35.8,AirChina,16R,201,B5680,,
20170806,CCA815,ZBTJ,ROAH,36600,48000,31260,0,B738,35.8,AirChina,16R,117,B5681,,
20170805,CCA1320,ZGSZ,ZBTJ,-17400,-6300,540,9780,B738,35.8,AirChina,16R,107,B5681,,
20170806,CCA816,ROAH,ZBTJ,51600,64200,49560,59520,B738,35.8,AirChina,16R,202,B5681,,
20170806,CCA1655,ZBTJ,ZSPD,72900,80100,72540,78900,B738,35.8,AirChina,16R,108,B5681,,
20170805,CES9737,ZPPP,ZBTJ,-10200,-84900,-8580,2100,B738,35.8,ChinaEasternAirlines,16R,215,B5683,,
20170806,CES9738,ZBTJ,ZPPP,34860,47400,36000,46800,B738,35.8,ChinaEasternAirlines,16R,218,B5683,,
20170806,CSH9264,ZSSS,ZBTJ,50400,59100,56580,62640,B738,35.8,ShanghaiAirlines,16R,219,B5730,,
20170806,CSH9134,ZBTJ,ZSSS,64700,69900,66060,70920,B738,35.8,ShanghaiAirlines,16R,219,B5730,,
20170806,CSN3133,ZGGG,ZBTJ,30300,41400,34080,43320,B738,35.8,ChinaSouthernAirlines,16R,217,B5745,,
20170806,CSN3134,ZBTJ,ZGGG,45000,56400,47640,56460,B738,35.8,ChinaSouthernAirlines,16R,222,B5747,,
20170806,CXA8681,ZBTJ,ZSAM,36300,46500,36480,44040,B738,35.8,XiamenAirlines,16R,225,B5750,,
20170806,CXA8321,ZBTJ,ZSHC,37800,45000,38760,44220,B738,35.8,XiamenAirlines,16R,227,B5788,,
20170805,CCA1524,ZSSS,ZBTJ,-21300,-13200,10260,15660,B737,35.8,AirChina,16R,108,B5793,,
20170806,CCA1417,ZBTJ,ZUGY,34200,44700,34620,43680,B738,35.8,AirChina,16R,107,B5793,,
20170806,CCA1418,ZUGY,ZBTJ,47700,57300,55440,65340,B738,35.8,AirChina,16L,109,B5793,,
20170806,CCA1259,ZBTJ,ZUGY,61500,71400,69600,78600,B738,35.8,AirChina,16R,201,B5793,,
20170806,RLH6515,ZHXF,ZBTJ,59700,66600,59100,65460,B737,35.8,SENDI,16L,111,B5829,,
20170806,RLH6516,ZBTJ,ZHXF,72300,78600,72720,78540,B737,35.8,SENDI,16R,110,B5829,,
20170806,RLH5313,ZHES,ZBTJ,35400,42300,35340,42660,B737,35.8,SENDI,16L,112,B5830,,
20170806,RLH5314,ZBTJ,ZHES,46200,54000,48060,55560,B737,35.8,SENDI,16R,110,B5830,,
20170806,CSH9115,ZSSS,ZBTJ,36300,44100,40320,46380,B738,35.8,ShanghaiAirlines,16R,219,B5831,,
20170806,CSH9116,ZBTJ,ZSSS,48840,55800,51000,56640,B738,35.8,ShanghaiAirlines,16R,414R,B5831,,
20170805,OKA3036,ZSNT,ZBTJ,-9000,-2700,8400,13320,B738,35.8,OkayAirways,16R,225,B5841,,
20170806,OKA2833,ZBTJ,ZSCN,46800,52800,47460,53760,B738,35.8,OkayAirways,16R,224,B5841,,
20170806,OKA2834,ZSCN,ZBTJ,75900,84300,77040,84420,B738,35.8,OkayAirways,16R,222,B5841,,
20170805,OKA2758,ZGDY,ZBTJ,-23400,-14700,-84660,8700,B738,35.8,OkayAirways,16R,223,B5842,,
20170806,OKA2897,ZBTJ,ZPPP,35100,48000,36600,47760,B738,35.8,OkayAirways,16R,224,B5842,,
20170806,OKA2898,ZPPP,ZBTJ,66000,77400,68880,79800,B738,35.8,OkayAirways,16R,222,B5842,,
20170806,OKA3040,VVDN,ZBTJ,5400,24900,0,36420,B738,35.8,OkayAirways,16L,224,B5843,,
20170806,OKA2987,ZBTJ,ZYBS,39600,46800,43380,49140,B738,35.8,OkayAirways,16R,224,B5843,,
20170806,OKA2988,ZYBS,ZBTJ,49500,56700,53700,59040,B738,35.8,OkayAirways,16R,222,B5843,,
20170806,OKA2727,ZBTJ,ZLXN,65700,75000,66240,74640,B738,35.8,OkayAirways,16R,224,B5843,,
20170806,OKA2728,ZLXN,ZBTJ,78300,600,78240,85320,B738,35.8,OkayAirways,16R,224,B5843,,
20170806,CCD8924,ZLIC,ZBTJ,46200,53400,47100,53100,B738,35.8,XIANGJIAN,16L,112,B5850,,
20170806,CCD8924,ZBTJ,ZYTL,63000,66900,62700,65340,B738,35.8,XIANGJIAN,16R,110,B5850,,
20170806,CHH7167,ZYTL,ZBTJ,26400,30900,27120,30000,B738,35.8,HainanAirlines,16L,213,B6060,,
20170806,CHH7303,ZGSZ,ZBTJ,23400,34800,24240,33900,B738,35.8,HainanAirlines,16L,214,B6063,,
20170806,CBJ5729,ZPLJ,ZBTJ,64500,75900,67740,78600,A319,34.09,BeijingCapitalAirlines,16R,211,B6179,,
20170806,CBJ5730,ZBTJ,ZPLJ,81200,5100,82440,92520,A319,34.09,BeijingCapitalAirlines,16R,211,B6179,,
20170806,CCA1771,ZSHC,ZBTJ,58800,66600,62940,69300,A319,34.09,AirChina,16L,202,B6236,,
20170806,CCA1772,ZBTJ,ZSHC,72500,78300,74580,80040,A319,34.09,AirChina,16R,203,B6236,,
20170806,CSN312T,ZYHB,ZBTJ,36000,43500,38640,46860,A320,34.1,ChinaSouthernAirlines,16L,221,B6281,,
20170806,CSN312T,ZBTJ,ZGHA,46800,53700,51120,58200,A320,34.1,ChinaSouthernAirlines,16R,221,B6281,,
20170806,CQH8814,ZBTJ,ZSPD,38100,45300,38520,44400,A320,34.1,ShanghaiSpringAirlines,16R,110,B6309,,
20170806,CSZ9798,ZBTJ,ZSQZ,38100,47700,39420,47340,A320,34.1,ShenzhenAirlines,16R,107,B6313,,
20170806,CSC8815,ZSHC,ZBTJ,25200,32700,26040,31800,A320,34.1,SichuanAirlines,16L,112,B6347,,
20170806,CSC8816,ZBTJ,ZYCC,36900,42900,37680,42840,A320,34.1,SichuanAirlines,16R,111,B6347,,
20170806,CSC8817,ZYCC,ZBTJ,45900,52200,49740,55500,A320,34.1,SichuanAirlines,16R,110,B6347,,
20170806,CSC8818,ZBTJ,ZSHC,57100,63600,58920,63900,A320,34.1,SichuanAirlines,16R,110,B6347,,
20170806,CCA4188,ZBTJ,ZUUU,39300,50700,42420,51300,A321,34.1,AirChina,16R,109,B6365,,
20170806,TBA9907,ZUCK,ZBTJ,49800,59400,51420,59160,A319,34.09,TIBET,16R,112,B6440,,
20170806,TBA9908,ZBTJ,ZUCK,66000,76500,67380,75240,A319,34.09,TIBET,16R,110,B6440,,
20170806,TBA9937,ZLXH,ZBTJ,32100,39300,32820,40500,A319,34.09,TIBET,16L,112,B6451,,
20170806,TBA9938,ZBTJ,ZLXH,46500,54600,46620,55140,A319,34.09,TIBET,16R,111,B6451,,
20170806,CXA8365,ZBTJ,ZGSZ,26100,38100,26880,36660,B738,35.8,XiamenAirlines,16R,227,B6488,,
20170805,CCA8284,ZBYC,ZBTJ,-2700,-83700,7680,11940,B738,35.8,AirChina,16R,108,B6499,,
20170806,CCA1529,ZBTJ,ZSAM,24900,35100,25620,33540,B738,35.8,AirChina,16R,117,B6499,,
20170806,CCA1530,ZSAM,ZBTJ,40200,51000,40560,49080,B738,35.8,AirChina,16L,202,B6499,,
20170806,CCA1401,ZBTJ,ZPPP,56400,69300,59700,70260,B738,35.8,AirChina,16R,203,B6499,,
20170806,CCA1402,ZPPP,ZBTJ,73200,84900,74280,85080,B738,35.8,AirChina,16R,108,B6499,,
20170806,CES2083,ZSPD,ZBTJ,35700,44400,37800,43500,A320,34.1,ChinaEasternAirlines,16R,215,B6560,,
20170806,CES2083,ZBTJ,ZBCF,51900,55800,50880,54120,A320,34.1,ChinaEasternAirlines,16R,218,B6560,,
20170806,CES2084,ZBCF,ZBTJ,59700,64800,59220,62340,A320,34.1,ChinaEasternAirlines,16R,215,B6560,,
20170806,CES2084,ZBTJ,ZSPD,68400,75900,68820,74340,A320,34.1,ChinaEasternAirlines,16R,216,B6560,,
20170806,CES5189,ZSSS,ZBTJ,46200,54900,46980,53100,A321,34.1,ChinaEasternAirlines,16L,215,B6643,,
20170806,CES5190,ZBTJ,ZSSS,58500,65700,62520,67800,A321,34.1,ChinaEasternAirlines,16R,219,B6643,,
20170806,CSN6569,ZYCC,ZBTJ,29100,35100,29280,34560,A320,34.1,ChinaSouthernAirlines,16L,220,B6655,,
20170806,CSN6569,ZBTJ,ZLXY,38700,45900,38820,44760,A320,34.1,ChinaSouthernAirlines,16R,217,B6655,,
20170806,CCA4187,ZUUU,ZBTJ,26700,35700,29340,37080,A321,34.1,AirChina,16L,201,B6701,,
20170806,CSC8568,ZLLL,ZBTJ,50100,58800,51780,58020,A321,34.1,SichuanAirlines,16R,112,B6718,,
20170806,CSC8568,ZBTJ,ZYHB,62400,69900,64080,69360,A321,34.1,SichuanAirlines,16R,111,B6718,,
20170806,GCR7839,ZBTJ,ZWWW,28500,43800,30480,44520,A320,34.1,TianjinAirlines,16R,210,B6727,,
20170806,CSC8349,ZBTJ,ZGNN,24000,34800,24720,34380,A320,34.1,SichuanAirlines,16R,110,B6732,,
20170806,CSC8350,ZGNN,ZBTJ,44700,55500,46680,57180,A320,34.1,SichuanAirlines,16R,111,B6732,,
20170806,GCR7583,ZLXY,ZBTJ,24600,31200,25500,31200,A320,34.1,TianjinAirlines,16L,211,B6789,,
20170806,GCR7583,ZBTJ,ZYHB,34800,42000,35640,41520,A320,34.1,TianjinAirlines,16R,208,B6789,,
20170806,CSN3125,ZGHA,ZBTJ,48000,56700,49080,56100,A320,34.1,ChinaSouthernAirlines,16R,220,B6816,,
20170806,CSN3125,ZBTJ,ZYHB,60600,68100,61200,67200,A320,34.1,ChinaSouthernAirlines,16R,217,B6816,,
20170806,CSN3126,ZYHB,ZBTJ,70800,78300,71040,76980,A320,34.1,ChinaSouthernAirlines,16R,217,B6816,,
20170806,CSN3126,ZBTJ,ZGHA,82500,4800,82560,89460,A320,34.1,ChinaSouthernAirlines,16R,218,B6816,,
20170805,CSN3301,ZHCC,ZBTJ,-1200,-81600,1020,4860,A320,34.1,ChinaSouthernAirlines,16R,220,B6826,,
20170806,GCR6579,ZGHA,ZBTJ,39000,47100,41160,48600,A320,34.1,TianjinAirlines,16L,206,B6837,,
20170806,GCR6580,ZBTJ,ZGHA,50700,59700,54000,60480,A320,34.1,TianjinAirlines,16R,210,B6837,,
20170806,CQH8813,ZSPD,ZBTJ,25500,34200,26880,32880,A320,34.1,ShanghaiSpringAirlines,16L,112,B6851,,
20170805,GCR7878,ZLXN,ZBTJ,-13800,-5100,-4260,2220,A320,34.1,TianjinAirlines,16R,213,B6865,,
20170806,GCR7857,ZBTJ,ZLXY,27000,34200,30360,36240,A320,34.1,TianjinAirlines,16R,211,B6865,,
20170806,GCR7858,ZLXY,ZBTJ,62100,69000,63420,68820,A320,34.1,TianjinAirlines,16L,216,B6865,,
20170806,GCR7917,ZBTJ,ZBLA,65400,74400,73680,80640,E190,28.72,TianjinAirlines,16R,211,B6865,,
20170806,GCR7993,ZBTJ,RKSI,29100,34200,29460,0,A320,34.1,TianjinAirlines,16R,206,B6903,,
20170806,GCR7994,RKSI,ZBTJ,38700,44700,39540,44340,A320,34.1,TianjinAirlines,16R,206,B6903,,
20170806,GCR7875,ZBTJ,ZLXY,49800,55800,52140,58200,A320,34.1,TianjinAirlines,16R,207,B6903,,
20170806,CSN6570,ZLXY,ZBTJ,49800,57000,52260,57660,A320,34.1,ChinaSouthernAirlines,16R,218,B6945,,
20170806,CSN6570,ZBTJ,ZYCC,62400,67500,62340,67620,A320,34.1,ChinaSouthernAirlines,16R,218,B6945,,
20170806,CQH8509,ZSYN,ZBTJ,59100,65700,58680,63720,A320,34.1,ShanghaiSpringAirlines,16R,112,B6971,,
20170806,CQH8510,ZBTJ,ZSYN,71100,77400,71220,75480,A320,34.1,ShanghaiSpringAirlines,16R,110,B6971,,
20170806,CQH8914,RKPC,ZBTJ,37200,45900,44580,51120,A320,34.1,ShanghaiSpringAirlines,16L,110,B6972,,
20170806,CQH8989,ZBTJ,ZSYA,54000,58000,54720,58800,A320,34.1,ShanghaiSpringAirlines,16R,110,B6972,,
20170806,CQH8990,ZSYA,ZBTJ,62000,67800,64080,69180,A320,34.1,ShanghaiSpringAirlines,16L,112,B6972,,
20170806,CQH8913,ZBTJ,RKPC,70500,77100,72900,78300,A320,34.1,ShanghaiSpringAirlines,16R,112,B6972,,
20170806,OKA2883,ZLXY,ZBTJ,22800,30300,23940,29100,B738,35.8,OkayAirways,16L,222,B6997,,
20170806,OKA2884,ZBTJ,ZLXY,81000,2400,81480,87120,B738,35.8,OkayAirways,16R,224,B6997,,
20170806,CDG4718,ZBHH,ZBTJ,42900,48000,46320,50640,B738,35.8,shandongAirlines,16L,201,B7087,,
20170806,CDG4719,ZBTJ,ZSQD,52000,56800,54600,57360,B738,35.8,shandongAirlines,16R,107,B7087,,
20170806,CXA8331,ZBTJ,ZSFZ,42300,51300,42900,51180,B738,35.8,XiamenAirlines,16R,225,B7176,,
20170806,CCA8293,ZBTJ,ZWTL,33600,48000,35820,49860,B738,35.8,AirChina,16R,108,B7182,,
20170806,CCA8294,ZWTL,ZBTJ,67800,80400,67260,78720,B738,35.8,AirChina,16R,109,B7182,,
20170806,CXA8366,ZGSZ,ZBTJ,42000,53100,45600,55260,B738,35.8,XiamenAirlines,16R,225,B7197,,
20170806,CXA8379,ZBTJ,ZGSZ,63900,75900,64200,74340,B738,35.8,XiamenAirlines,16R,227,B7197,,
20170806,OKA2849,ZGHA,ZBTJ,26100,34500,28380,36300,B738,35.8,OkayAirways,16L,222,B7373,,
20170806,OKA2849,ZBTJ,ZYHB,39600,46200,39540,45120,B738,35.8,OkayAirways,16R,222,B7373,,
20170806,OKA2850,ZYHB,ZBTJ,49800,57900,51600,57780,B738,35.8,OkayAirways,16R,222,B7373,,
20170806,OKA2850,ZBTJ,ZGHA,61800,70800,62100,68880,B738,35.8,OkayAirways,16R,222,B7373,,
20170806,CHH7168,ZBTJ,ZYTL,36900,40500,37860,40740,B738,35.8,HainanAirlines,16R,211,B7379,,
20170805,CXA8332,ZSFZ,ZBTJ,-10200,-900,8940,16860,B738,35.8,XiamenAirlines,16R,225,B7560,,
20170806,CXA8459,ZBTJ,ZLXY,28800,35400,30720,36600,B738,35.8,XiamenAirlines,16R,225,B7560,,
20170806,CXA8460,ZLXY,ZBTJ,58500,65100,62700,67680,B738,35.8,XiamenAirlines,16L,225,B7560,,
20170806,CXA8469,ZBTJ,ZUCK,69360,78300,72420,80700,B738,35.8,XiamenAirlines,16R,229,B7560,,
20170806,CSH9070,ZBTJ,ZSPD,27600,35400,28800,34680,B738,35.8,ShanghaiAirlines,16R,218,B7632,,
20170806,HXA2901,ZBUC,ZBTJ,34500,38700,35580,38640,CRJ9,23.2,Chinaexpressair,16L,602,B7693,,
20170806,HXA2923,ZBTJ,ZYBA,55200,62100,56640,62340,CRJ9,23.2,Chinaexpressair,16R,414R,B7693,,
20170806,HXA2924,ZYBA,ZBTJ,64800,71700,65760,71220,CRJ9,23.2,Chinaexpressair,16L,601,B7693,,
20170806,HXA2902,ZBTJ,ZBUC,75000,79800,75360,78840,CRJ9,23.2,Chinaexpressair,16R,414R,B7693,,
20170806,CXA8271,ZBTJ,ZBLA,25200,33900,26040,33600,B738,35.8,XiamenAirlines,16R,226,B7819,,
20170806,CXA8272,ZBLA,ZBTJ,36900,45900,37440,44460,B738,35.8,XiamenAirlines,16R,225,B7819,,
20170806,CXA8603,ZBTJ,ZBHH,59100,64500,58980,62940,B738,35.8,XiamenAirlines,16R,225,B7819,,
20170806,CXA8604,ZBHH,ZBTJ,67200,72300,71100,74820,B738,35.8,XiamenAirlines,16R,227,B7819,,
20170806,CXA8126,ZBTJ,ZSAM,74100,84000,79620,87480,B738,35.8,XiamenAirlines,16R,225,B7819,,
20170806,CXA8229,ZSHC,ZBTJ,27300,34800,28020,34740,B738,35.8,XiamenAirlines,16L,227,B7847,,
20170806,CXA8229,ZBTJ,ZWWW,39600,53700,39060,53460,B738,35.8,XiamenAirlines,16R,225,B7847,,
20170806,CXA8230,ZWWW,ZBTJ,57900,71100,59280,71460,B738,35.8,XiamenAirlines,16L,227,B7847,,
20170806,CXA8230,ZBTJ,ZSHC,76200,83400,76620,82440,B738,35.8,XiamenAirlines,16R,225,B7847,,
20170805,CCA1252,ZLXY,ZBTJ,-12000,-5400,-3120,1560,B738,35.8,AirChina,16R,109,B7890,,
20170806,CCA1317,ZBTJ,ZGGG,27600,39000,29160,38280,B738,35.8,AirChina,16R,203,B7890,,
20170806,CCA1318,ZGGG,ZBTJ,42600,54600,45720,55020,B738,35.8,AirChina,16R,107,B7890,,
20170806,CCA1673,ZBTJ,ZSHC,58200,65100,59280,64860,B738,35.8,AirChina,16R,117,B7890,,
20170806,CCA1674,ZSHC,ZBTJ,69000,76500,76200,82440,B738,35.8,AirChina,16R,109,B7890,,
20170805,CCA1670,ZGHA,ZBTJ,-12600,-3900,4980,11700,B738,35.8,AirChina,16R,109,B7893,,
20170806,CCA1679,ZBTJ,ZUCK,28500,38400,29520,37620,B738,35.8,AirChina,16R,109,B7893,,
20170806,CCA1680,ZUCK,ZBTJ,42000,51600,42540,50220,B738,35.8,AirChina,16L,203,B7893,,
20170806,CCA1387,ZBTJ,ZGGG,53400,64800,54900,63840,B737,35.8,AirChina,16R,202,B7893,,
20170806,CCA1388,ZGGG,ZBTJ,69000,80700,70140,79560,B737,35.8,AirChina,16R,108,B7893,,
20170806,CDG4825,ZSQD,ZBTJ,28200,33300,30120,33600,B738,35.8,shandongAirlines,16L,203,B7975,,
20170806,CDG4825,ZBTJ,ZBHH,37200,42600,38100,41940,B738,35.8,shandongAirlines,16R,107,B7975,,
20170806,CDG4717,ZSQD,ZBTJ,25200,30000,25560,29160,B738,35.8,shandongAirlines,16L,201,B7979,,
20170806,CDG4717,ZBTJ,ZBHH,34020,39000,34920,39060,B738,35.8,shandongAirlines,16R,109,B7979,,
20170806,CQH8799,ZBTJ,RJBB,81900,2700,81780,0,A320,34.1,ShanghaiSpringAirlines,16R,110,B8012,,
20170806,CQH8800,RJBB,ZBTJ,64500,77700,66120,75060,A320,34.1,ShanghaiSpringAirlines,16R,110,B8012,,
20170805,GCR7902,ZLXY,ZBTJ,-4500,-84300,6780,12060,A332,60.3,TianjinAirlines,16R,212,B8075,,
20170806,GCR7825,ZBTJ,ZYTL,24600,28800,34140,37020,A320,34.1,TianjinAirlines,16R,208,B8075,,
20170806,GCR7826,ZYTL,ZBTJ,67500,71400,68040,70560,A320,34.1,TianjinAirlines,16L,213,B8075,,
20170806,GCR7865,ZBTJ,ZJHK,77700,4800,78780,89640,A320,34.1,TianjinAirlines,16R,209,B8075,,
20170806,CBJ5739,ZPLJ,ZBTJ,28200,39000,34320,45240,A320,34.1,BeijingCapitalAirlines,16R,214,B8171,,
20170806,CBJ5740,ZBTJ,ZPLJ,42600,55200,49920,60180,A320,34.1,BeijingCapitalAirlines,16R,205,B8171,,
20170806,UEA2249,ZUUU,ZBTJ,30600,39300,32640,40680,A320,34.1,ChengduAirlines,16L,110,B8186,,
20170806,UEA2249,ZBTJ,ZBLA,42900,51900,44460,50640,A320,34.1,ChengduAirlines,16R,110,B8186,,
20170806,UEA2250,ZBLA,ZBTJ,54900,63600,58080,65100,A320,34.1,ChengduAirlines,16L,112,B8186,,
20170806,UEA2250,ZBTJ,ZUUU,67200,78300,69960,78840,A320,34.1,ChengduAirlines,16R,110,B8186,,
20170806,CBJ5195,ZJSY,ZBTJ,55800,69900,70680,84900,A321,34.1,BeijingCapitalAirlines,16R,211,B8188,,
20170806,LLJ821,ZBAA,ZBTJ,21600,23400,22560,24060,FA7X,26.21,MinshengFinancialLeasing,16R,897,B8211,,
20170806,CSC8358,ZJHK,ZBTJ,42000,54300,42900,54960,A320,34.1,SichuanAirlines,16R,112,B8323,,
20170806,CSC8355,ZBTJ,ZGOW,59700,70800,60420,68580,A320,34.1,SichuanAirlines,16R,110,B8323,,
20170806,CSC8356,ZGOW,ZBTJ,73500,84600,74280,83160,A320,34.1,SichuanAirlines,16R,112,B8323,,
20170806,CCA1921,ZSWZ,ZBTJ,30600,39900,31080,38400,A320,34.1,AirChina,16L,117,B8337,,
20170806,CCA1922,ZBTJ,ZSWZ,43500,52200,43560,50340,A320,34.1,AirChina,16R,107,B8337,,
20170806,TBA9877,ZUUU,ZBTJ,22800,31500,24840,32520,A320,34.1,TIBET,16L,111,B8419,,
20170806,TBA9877,ZBTJ,ZYCC,35100,41400,36180,41220,A320,34.1,TIBET,16R,113,B8419,,
20170806,TBA9878,ZYCC,ZBTJ,67500,74100,75180,80100,A320,34.1,TIBET,16R,111,B8419,,
20170806,TBA9878,ZBTJ,ZUUU,77700,2100,83880,92400,A320,34.1,TIBET,16R,110,B8419,,
20170805,CSC8356,ZGOW,ZBTJ,-12900,-1800,-780,7680,A320,34.1,SichuanAirlines,16R,110,B8470,,
20170806,CSC8353,ZBTJ,ZSCN,32100,37800,42060,48300,A320,34.1,SichuanAirlines,16R,111,B8470,,
20170806,CSC8354,ZSCN,ZBTJ,61200,69300,73020,79380,A320,34.1,SichuanAirlines,16R,112,B8470,,
20170806,CSC8862,ZBTJ,ZUUU,81000,5400,85800,94260,A320,34.1,SichuanAirlines,16R,110,B8470,,
20170806,CBG8819,ZHYC,ZBTJ,54900,62400,55080,61200,A320,34.1,SPRAY,16R,112,B8511,,
20170806,CBG8820,ZBTJ,ZHYC,66000,73800,66120,72300,A320,34.1,SPRAY,16R,110,B8511,,
20170806,DKH1136,ZYBS,ZBTJ,44100,51300,44700,50400,A321,34.1,ShanghaiJuneyaoAirlines,16L,112,B8539,,
20170806,DKH1136,ZBTJ,ZSPD,55200,62400,55860,61620,A321,34.1,ShanghaiJuneyaoAirlines,16R,113,B8539,,
20170806,CSC8863,ZUCK,ZBTJ,49800,58800,61740,69720,A321,34.1,SichuanAirlines,16L,111,B8605,,
20170806,CSC8863,ZBTJ,ZYCC,62400,68400,73440,78420,A321,34.1,SichuanAirlines,16R,111,B8605,,
20170806,GCR7966,ZUCK,ZBTJ,71100,80400,73380,81360,A332,60.3,TianjinAirlines,16R,212,B8659,,
20170806,LKE9647,ZSSH,ZBTJ,38700,43800,39000,43200,A320,34.1,LUCKYAIR,16L,211,B8732,,
20170806,LKE9648,ZBTJ,ZSSH,47400,52800,48360,52440,A320,34.1,LUCKYAIR,16R,211,B8732,,
20170806,GCR788R,ZUUU,ZBTJ,22500,31500,32220,39960,A332,60.3,TianjinAirlines,16L,212,B8776,,
20170806,GCR7855,ZBTJ,ZPPP,30300,43500,55140,65400,A332,60.3,TianjinAirlines,16R,212,B8776,,
20170806,GCR7856,ZPPP,ZBTJ,48300,60000,70740,81660,A332,60.3,TianjinAirlines,16R,418,B8776,,
20170806,CBG8853,ZGCD,ZBTJ,37500,45600,40200,46800,A320,34.1,SPRAY,16R,112,B8850,,
20170806,CBG8854,ZBTJ,ZGCD,49200,57000,52980,60060,A320,34.1,SPRAY,16R,111,B8850,,
20170805,GCR7956,UUEE,ZBTJ,-8100,-67200,-7440,17160,A332,60.3,TianjinAirlines,16R,212,B8959,,
20170806,GCR7955,ZBTJ,UUEE,31500,61200,32640,61560,A332,60.3,TianjinAirlines,16R,414,B8959,,
20170805,CSC8864,ZYCC,ZBTJ,-15000,-8700,-2220,3300,A321,34.1,SichuanAirlines,16R,110,B8961,,
20170806,CSZ9797,ZSQZ,ZBTJ,25200,34500,25200,33720,A320,34.1,ShenzhenAirlines,16L,201,B9909,,
20170806,CSN6579,ZYTL,ZBTJ,27000,30600,27240,30300,A320,34.1,ChinaSouthernAirlines,16L,220,B9916,,
20170806,CSN6579,ZBTJ,ZUCK,34200,44100,35460,43980,A320,34.1,ChinaSouthernAirlines,16R,217,B9916,,
20170806,CSN6580,ZUCK,ZBTJ,47700,56400,48900,56580,A320,34.1,ChinaSouthernAirlines,16R,217,B9916,,
20170806,CSN6580,ZBTJ,ZYTL,60300,64200,60540,63060,A320,34.1,ChinaSouthernAirlines,16R,218,B9916,,
20170806,QDA9854,ZBLA,ZBTJ,55200,64500,56160,63480,A320,34.1,SKYLEGEND,16R,110,B9956,,
20170806,QDA9854,ZBTJ,ZSQD,75000,79500,78600,81660,A320,34.1,SKYLEGEND,16R,110,B9956,,
20170806,DKH1135,ZSPD,ZBTJ,51300,59700,54660,60720,A321,34.1,ShanghaiJuneyaoAirlines,16R,111,B9957,,
20170806,DKH1135,ZBTJ,ZSPD,63300,69600,65460,76800,A321,34.1,ShanghaiJuneyaoAirlines,16R,111,B9957,,
20170806,GCR6510,ZHHH,ZBTJ,36300,43200,46560,51900,A320,34.1,TianjinAirlines,16L,215,B9983,,
20170806,GCR6509,ZBTJ,ZHHH,47400,54600,55620,60960,A320,34.1,TianjinAirlines,16R,210,B9983,,
20170806,GCR7971,ZBTJ,RJCC,52800,64800,53100,0,A320,34.1,TianjinAirlines,16R,208,B9987,,
20170805,GCR7866,ZJHK,ZBTJ,-14100,-1800,-8700,2940,A320,34.1,TianjinAirlines,16R,211,B9987,,
20170806,GCR7881,ZBTJ,ZSPD,29400,36600,30000,35760,E190,28.72,TianjinAirlines,16R,209,B9987,,
20170806,GCR7882,ZSPD,ZBTJ,40500,48900,42660,49020,E190,28.72,TianjinAirlines,16L,213,B9987,,
20170806,GCR7972,RJCC,ZBTJ,68700,82800,69780,82140,A320,34.1,TianjinAirlines,16R,213,B9987,,
20170806,CRK363,ZBTJ,VHHH,26700,37800,27600,0,A333,60.3,HongKongAirlines,16R,101,BLNE,,
20170805,CRK362,VHHH,ZBTJ,-11100,-600,6780,16140,A332,60.3,HongKongAirlines,16R,105,BLNE,,
20170806,CRK362,VHHH,ZBTJ,75300,85800,75600,86040,A332,60.3,HongKongAirlines,16R,105,BLNI,,
20170806,AMU237,ZBTJ,VMMC,44100,55200,46380,0,A319,34.09,AirMacau,16R,101,BMAK,,
20170806,AMU238,VMMC,ZBTJ,29400,40500,31020,40860,A320,34.1,AirMacau,16L,103,BMAK,,
20170806,AMU237D,ZBTJ,VMMC,32400,42900,35100,0,A319,34.09,AirMacau,16R,101,BMAN,,
20170806,AAR997,RKSI,ZBTJ,61500,67800,61620,66360,B763,47.57,AsianaAirways,16L,103,HL7507,,
20170806,AAR998,ZBTJ,RKSI,73200,79500,73140,77640,B763,47.57,AsianaAirways,16R,102,HL7507,,
20170806,KAL318,ZBTJ,RKSI,57600,63600,58440,0,B77L,64.8,KoreanAirLines,16R,101,HL7605,,
20170806,KAL317,RKSI,ZBTJ,43200,49800,45180,50100,B77L,64.8,KoreanAirLines,16L,105,HL7605,,
20170806,KAL806,ZBTJ,RKSI,40800,47400,42540,0,B772,60.9,KoreanAirLines,16R,101,HL8208,,
20170806,KAL864,ZBTJ,RKSI,52800,59400,54780,0,B739,34.3,KoreanAirLines,16R,101,HL8247,,
20170806,KAL805,ZBTJ,RKSI,29700,36600,31620,36780,B772,60.9,KoreanAirLines,16R,101,HL8247,,
20170806,KAL863,RKSI,ZBTJ,41700,48300,43620,48600,B739,34.3,KoreanAirLines,16L,103,HL8247,,
20170806,AAR327,RKSI,ZBTJ,26700,33000,27060,32100,A321,34.1,AsianaAirways,16L,103,HL8279,,
20170806,AAR328,ZBTJ,RKSI,36900,43200,37500,41880,A321,34.1,AsianaAirways,16R,101,HL8279,,
20170806,VGO892,ZBTJ,VTSG,86100,18600,2100,0,B738,35.8,NewEraofThaiAirways,16R,101,HSNGE,,
20170806,VGO891,VTSG,ZBTJ,59700,82200,62340,81900,B738,35.8,NewEraofThaiAirways,16R,103,HSNGE,,
20170806,NCT879,ZBTJ,VTBD,66900,82800,67080,0,B772,60.9,NokScoot,16R,101,HSXBC,,
20170806,NCT880,VTBD,ZBTJ,44400,61200,45180,60300,B772,60.9,NokScoot,16R,105,HSXBC,,
20170806,JAL840,ZBTJ,RJGG,50400,62400,51780,0,B738,35.8,JapanAirlines,16R,101,JA315J,,
20170806,JAL841,RJGG,ZBTJ,35100,46200,38160,47040,B738,35.8,JapanAirlines,16L,103,JA315J,,
20170806,ANA8413,RJAA,ZBTJ,30000,43500,31320,41700,B763,47.57,AllNipponAirways,16L,104,JA8362,,
20170806,ANA8413,ZBTJ,ZYTL,48900,52800,49680,52440,B763,47.57,AllNipponAirways,16R,101,JA8362,,
20170806,VJC5320,VVCR,ZBTJ,44700,60900,44040,59280,A321,34.1,VietJet,16R,103,VNA642,,
20170806,VJC5321,ZBTJ,VVCR,65100,81600,65280,80160,A321,34.1,VietJet,16R,101,VNA642,,
