data,callsign,departure,arrivee,TTOT,TLDT,ATOT,ALDT,Type,Wingspan,Airline,QFU,Parking,registration
20170814,VJT895,ZBTJ,RJTT,67200,77400,69060,0,GLEX,28.5,VistaJet,16R,876,9HVJP
20170814,TGW187,ZBTJ,WSSS,33600,55200,34380,0,B788,60.0,SCOOTER,16R,101,9VOJC
20170814,TGW188,WSSS,ZBTJ,5400,27000,6180,26640,B788,60.0,SCOOTER,16R,105,9VOJC
20170814,AIB000S,ZBTJ,ZBAA,36000,39600,37020,39600,A320,34.1,ChinaEasternAirlines,16R,219,B000S
20170814,AIB000V,ZBTJ,ZBAA,50400,57600,53220,58200,A320,34.1,ChinaEasternAirlines,16R,217,B000V
20170814,DKH1135,ZSPD,ZBTJ,51300,59700,57360,63240,A321,34.1,ShanghaiJuneyaoAirlines,16R,113,B1001
20170814,DKH1135,ZBTJ,ZYBS,66300,69600,67140,72480,A321,34.1,ShanghaiJuneyaoAirlines,16R,113,B1001
20170814,CCA1245,ZBTJ,ZLLL,30600,39600,31380,38580,B738,35.8,AirChina,16R,117,B1418
20170814,CCA1246,ZLLL,ZBTJ,42600,51000,43140,50640,B738,35.8,AirChina,16L,117,B1418
20170814,CCA1241,ZBTJ,ZLXN,55800,64500,56340,63660,B738,35.8,AirChina,16R,117,B1418
20170814,CCA1242,ZLXN,ZBTJ,68700,77400,68280,75180,B738,35.8,AirChina,16L,108,B1418
20170814,CDG1441,PGUM,ZBTJ,60,18000,0,48540,B738,35.8,shandongAirlines,16R,117,B1441
20170814,CSH9147,ZSSS,ZBTJ,29700,37500,33600,39960,B738,35.8,ShanghaiAirlines,16L,219,B1448
20170814,CSH9148,ZBTJ,ZSSS,43100,48900,44160,49680,B738,35.8,ShanghaiAirlines,16R,610,B1448
20170814,OKA2868,VTSP,ZBTJ,9600,33000,18660,37320,B738,35.8,OkayAirways,16R,222,B1450
20170814,OKA2861,ZBTJ,ZGHA,30600,39900,42520,49600,B738,35.8,OkayAirways,16R,223,B1450
20170814,OKA2862,ZGHA,ZBTJ,62700,70800,68700,75960,B738,35.8,OkayAirways,16R,224,B1450
20170814,OKA2867,ZBTJ,VTSP,74400,6000,81120,99840,B738,35.8,OkayAirways,16R,224,B1450
20170814,FZA6601,ZSZS,ZBTJ,33900,41400,40980,47580,B738,35.8,STRAITAIR,16R,209,B1480
20170814,FZA6602,ZBTJ,ZSZS,45000,52200,51060,57420,B738,35.8,STRAITAIR,16R,209,B1480
20170814,CHH1491,PGUM,ZBTJ,48600,60600,0,61080,B738,35.8,HainanAirlines,16L,204,B1491
20170814,CDG4718,ZBHH,ZBTJ,42900,48000,46980,52800,B738,35.8,shandongAirlines,16L,109,B1506
20170814,CDG4718,ZBTJ,ZSQD,54600,55800,56640,59880,B738,35.8,shandongAirlines,16R,109,B1506
20170813,CDG4826,ZBHH,ZBTJ,-11700,-6600,12900,16560,B738,35.8,shandongAirlines,16R,109,B1508
20170814,OKA2851,ZBTJ,ZUUU,42300,53100,42900,51420,B739,34.3,OkayAirways,16R,226,B1522
20170814,OKA2852,ZUUU,ZBTJ,57300,66300,58560,66780,B739,34.3,OkayAirways,16L,223,B1522
20170814,OKA2707,ZBTJ,ZYTL,76800,81000,78060,80520,B739,34.3,OkayAirways,16R,226,B1522
20170814,CCA1656,ZSPD,ZBTJ,33600,41700,53040,59580,B738,35.8,AirChina,16L,108,B1528
20170814,CCA8289,ZBTJ,ZBHH,74700,80100,75480,79680,B738,35.8,AirChina,16R,201,B1528
20170814,CHH7202,ZGGG,ZBTJ,58200,69300,60600,70200,B738,35.8,HainanAirlines,16L,205,B1542
20170814,CHH7201,ZBTJ,ZGGG,72900,84300,73620,82860,B738,35.8,HainanAirlines,16R,205,B1542
20170814,JYH1056,ZBTJ,ZGGG,44100,54900,43440,52860,B738,35.8,TRANSJADE,16R,110,B1556
20170814,CJX8961,ZSCN,ZBTJ,49500,57600,57420,63780,B738,35.8,AIRCRANE,16R,112,B1558
20170814,CJX8962,ZBTJ,ZSCN,62100,67500,68940,75300,B738,35.8,AIRCRANE,16R,113,B1558
20170814,FZA6555,ZSFZ,ZBTJ,65400,74400,65580,73740,B738,35.8,STRAITAIR,16L,204,B1559
20170814,FZA6555,ZBTJ,ZYHB,78000,85200,78240,84240,B738,35.8,STRAITAIR,16R,204,B1559
20170814,LKE9713,ZPPP,ZBTJ,63600,75900,64200,75060,B737,35.8,LUCKYAIR,16L,207,B1563
20170813,OKA2708,ZYTL,ZBTJ,-2400,-84600,5160,7680,B739,34.3,OkayAirways,16R,222,B1581
20170814,OKA2859,ZBTJ,ZGSZ,27900,40200,28680,39900,B738,35.8,OkayAirways,16R,222,B1581
20170814,OKA2860,ZGSZ,ZBTJ,62700,73500,63480,72900,B738,35.8,OkayAirways,16L,222,B1581
20170814,OKA2788,ZBTJ,ZGGG,78000,3300,79140,88740,B739,34.3,OkayAirways,16R,223,B1581
20170814,LKE9727,ZUMY,ZBTJ,69000,77100,69240,77040,B738,35.8,LUCKYAIR,16R,416R,B1587
20170814,LKE9728,ZBTJ,ZUMY,80700,3000,81540,89100,B738,35.8,LUCKYAIR,16R,410,B1587
20170814,CSZ9123,ZGSZ,ZBTJ,55500,66300,57720,67260,A320,34.1,ShenzhenAirlines,16L,118,B1602
20170814,CSZ9124,ZBTJ,ZGSZ,70800,82500,71280,81480,A320,34.1,ShenzhenAirlines,16R,118,B1602
20170814,QDA9853,ZSQD,ZBTJ,24600,29700,25020,27660,A320,34.1,SKYLEGEND,16R,113,B1617
20170814,QDA9853,ZBTJ,ZBLA,36000,45300,36240,44580,A320,34.1,SKYLEGEND,16R,113,B1617
20170814,QDA9854,ZBLA,ZBTJ,58200,67500,58920,65940,A320,34.1,SKYLEGEND,16L,110,B1617
20170814,QDA9854,ZBTJ,ZSQD,75000,79500,75240,78240,A320,34.1,SKYLEGEND,16R,110,B1617
20170814,GCR7577,ZWWW,ZBTJ,33600,46800,34320,46500,A320,34.1,TianjinAirlines,16L,414R,B1618
20170814,GCR7577,ZBTJ,ZYCC,51000,57300,51420,56520,A320,34.1,TianjinAirlines,16R,414R,B1618
20170814,GCR7578,ZYCC,ZBTJ,61200,67200,62880,68220,A320,34.1,TianjinAirlines,16L,212,B1618
20170814,GCR7578,ZBTJ,ZWWW,72000,600,72960,86820,A320,34.1,TianjinAirlines,16R,212,B1618
20170813,GCR7888,ZUUU,ZBTJ,-2400,-79800,6600,14700,A332,60.3,TianjinAirlines,16R,212,B1658
20170814,GCR7839,ZBTJ,ZWWW,28500,43800,29400,43080,A320,34.1,TianjinAirlines,16R,413,B1658
20170814,GCR7840,ZWWW,ZBTJ,68400,81900,68040,80040,A320,34.1,TianjinAirlines,16R,204,B1658
20170813,GCR7972,RJCC,ZBTJ,-17700,-3600,-7020,6060,A320,34.1,TianjinAirlines,16R,211,B1692
20170814,GCR7815,ZBTJ,ZSQD,27900,32100,28860,32220,A320,34.1,TianjinAirlines,16R,414L,B1692
20170814,GCR7816,ZSQD,ZBTJ,55500,60300,56040,59460,A320,34.1,TianjinAirlines,16L,213,B1692
20170814,GCR7895,ZBTJ,ZUCK,64500,74700,65040,72780,A320,34.1,TianjinAirlines,16R,213,B1692
20170814,JYH1055,ZGGG,ZBTJ,23100,35100,24120,32940,B738,35.8,TRANSJADE,16L,112,B1716
20170814,CHH7726,ZYHB,ZBTJ,59100,66600,62760,68580,B738,35.8,HainanAirlines,16L,211,B1728
20170814,CHH7726,ZBTJ,ZGHA,70200,78600,72660,79740,B738,35.8,HainanAirlines,16R,211,B1728
20170814,CHH7303,ZGSZ,ZBTJ,23400,34800,24780,33900,B738,35.8,HainanAirlines,16L,213,B1729
20170814,CHH7304,ZBTJ,ZGSZ,39600,51000,40020,50460,B738,35.8,HainanAirlines,16R,415L,B1729
20170814,CXA868,ZSAM,ZBTJ,54600,64500,60180,69900,B738,35.8,XiamenAirlines,16L,227,B1749
20170814,CXA8126,ZBTJ,ZSAM,74100,84000,74760,83220,B738,35.8,XiamenAirlines,16R,230,B1749
20170814,CSZ9122,ZBTJ,ZGSZ,39900,51600,40440,51660,B738,35.8,ShenzhenAirlines,16R,108,B1759
20170814,CCA1677,ZYHB,ZBTJ,28200,36300,35100,41460,B738,35.8,AirChina,16L,201,B1762
20170814,CCA1677,ZBTJ,ZGKL,44300,53400,46260,55020,B738,35.8,AirChina,16R,201,B1762
20170814,CCA167R,ZBTJ,ZYHB,21600,28800,21240,26940,B738,35.8,AirChina,16R,107,B1767
20170814,CES5747,ZPPP,ZBTJ,35100,46500,37320,49620,B738,35.8,ChinaEasternAirlines,16R,218,B1791
20170814,CES5748,ZBTJ,ZPPP,52020,64200,57840,69180,B738,35.8,ChinaEasternAirlines,16R,218,B1791
20170814,CSN312T,ZYHB,ZBTJ,27000,34500,32880,39180,A320,34.1,ChinaSouthernAirlines,16R,217,B1800
20170814,CSN312T,ZBTJ,ZGHA,37200,45900,44820,52080,A320,34.1,ChinaSouthernAirlines,16R,217,B1800
20170814,CSC8815,ZSHC,ZBTJ,25200,32700,26520,32460,A320,34.1,SichuanAirlines,16L,114,B1818
20170814,CSC8815,ZBTJ,ZYCC,36900,42900,37320,42240,A320,34.1,SichuanAirlines,16R,114,B1818
20170814,CSC8816,ZYCC,ZBTJ,45900,52200,46440,52200,A320,34.1,SichuanAirlines,16L,113,B1818
20170814,CSC8816,ZBTJ,ZSHC,56100,63600,58920,64200,A320,34.1,SichuanAirlines,16R,113,B1818
20170814,GCR7896,ZUCK,ZBTJ,32400,41100,42000,50520,A320,34.1,TianjinAirlines,16L,415R,B1849
20170814,GCR6580,ZBTJ,ZGHA,55500,62700,60540,67320,A320,34.1,TianjinAirlines,16R,409,B1849
20170814,GCR6579,ZGHA,ZBTJ,39000,47100,42060,50100,A320,34.1,TianjinAirlines,16R,409,B1850
20170814,GCR7813,ZBTJ,ZYTL,51600,55200,55200,57600,A320,34.1,TianjinAirlines,16R,415R,B1850
20170814,GCR7853,ZBTJ,ZSHC,29760,36600,30120,35880,E190,28.72,TianjinAirlines,16R,415R,B1851
20170814,GCR7854,ZSHC,ZBTJ,60300,67800,70380,76440,E190,28.72,TianjinAirlines,16R,215,B1851
20170814,GCR7865,ZBTJ,ZJHK,73200,600,80100,91680,A320,34.1,TianjinAirlines,16R,215,B1851
20170813,CSC8354,ZSCN,ZBTJ,-25200,-17100,-3960,1620,A320,34.1,SichuanAirlines,16R,110,B1885
20170814,CSC8015,ZBTJ,ZUXC,24000,36000,24120,33600,A320,34.1,SichuanAirlines,16R,110,B1885
20170814,CSC8016,ZUXC,ZBTJ,60000,70200,61860,71640,A320,34.1,SichuanAirlines,16L,112,B1885
20170814,CSC8862,ZBTJ,ZUUU,79200,3300,81960,90780,A320,34.1,SichuanAirlines,16R,110,B1885
20170814,CSC8567,ZYHB,ZBTJ,27300,34800,30660,37200,A321,34.1,SichuanAirlines,16R,110,B1890
20170814,CSC8567,ZBTJ,ZLLL,38700,47400,40800,48480,A321,34.1,SichuanAirlines,16R,110,B1890
20170814,CSC8568,ZLLL,ZBTJ,50100,58800,52440,59220,A321,34.1,SichuanAirlines,16L,111,B1890
20170814,CSC8568,ZBTJ,ZYHB,62400,69900,63960,70200,A321,34.1,SichuanAirlines,16R,111,B1890
20170814,FZA6556,ZYHB,ZBTJ,41700,49500,42060,48960,B738,35.8,STRAITAIR,16R,215,B1905
20170814,FZA6556,ZBTJ,ZSFZ,53400,62400,53100,61200,B738,35.8,STRAITAIR,16R,215,B1905
20170814,CSZ9121,ZGSZ,ZBTJ,25200,36300,25200,35040,B739,34.3,ShenzhenAirlines,16L,203,B1941
20170813,CXA8322,ZSHC,ZBTJ,-9300,-1200,8580,14100,B738,35.8,XiamenAirlines,16R,225,B1970
20170814,CXA8313,ZBTJ,ZGGG,25500,36600,26040,35160,B738,35.8,XiamenAirlines,16R,227,B1970
20170814,CXA8314,ZGGG,ZBTJ,40500,51900,41940,51600,B738,35.8,XiamenAirlines,16L,228,B1970
20170814,CXA8379,ZBTJ,ZGSZ,63900,75900,65220,75240,B738,35.8,XiamenAirlines,16R,230,B1970
20170814,CDG4801,ZSAM,ZBTJ,26700,37200,27780,36420,B738,35.8,shandongAirlines,16R,203,B1987
20170814,CDG8709,ZBTJ,ZLIC,40500,48300,41880,47940,B738,35.8,shandongAirlines,16R,203,B1987
20170814,CDG8710,ZLIC,ZBTJ,64800,72600,64980,72000,B738,35.8,shandongAirlines,16L,107,B1987
20170814,CDG4802,ZBTJ,ZSAM,76500,86100,77940,86280,B738,35.8,shandongAirlines,16R,107,B1987
20170814,CKK214,EKCH,ZBTJ,64800,8700,34080,64320,B77L,64.8,ChinaCargoAirlines,16R,876,B2077
20170814,CKK214,ZBTJ,ZSPD,15900,22800,69840,75600,B77L,64.8,ChinaCargoAirlines,16R,876,B2077
20170814,CAO1018,KJFK,ZBTJ,77100,43800,-10080,39480,B77L,64.8,AirChinaInternationalCorporation,16R,101,B2096
20170814,CAO1018,ZBTJ,ZSPD,65100,72600,66120,72120,B77L,64.8,AirChinaInternationalCorporation,16R,101,B2096
20170814,CES208V,ZBTJ,ZSPD,28800,36000,29880,36360,A320,34.1,ChinaEasternAirlines,16R,218,B2415
20170814,CES2083,ZSPD,ZBTJ,36000,44400,43200,49800,A320,34.1,ChinaEasternAirlines,16R,219,B2415
20170814,CES2084,ZBTJ,ZBCF,52400,55800,54300,57360,A320,34.1,ChinaEasternAirlines,16R,218,B2415
20170814,CES2085,ZBCF,ZBTJ,59700,64800,60720,64080,A320,34.1,ChinaEasternAirlines,16R,219,B2415
20170814,CES2086,ZBTJ,ZSPD,68400,75900,68760,74880,A320,34.1,ChinaEasternAirlines,16R,219,B2415
20170814,YZR7478,PANC,ZBTJ,63900,8100,6900,34800,B744,64.4,YangtzeRiverExpress,16L,897,B2435
20170814,YZR747R,ZBTJ,ZSPD,25200,32400,43200,49200,B744,64.4,YangtzeRiverExpress,16R,876,B2435
20170814,CCA4547,ZGGG,ZBTJ,26400,37800,27780,36660,B737,35.8,AirChina,16R,108,B2612
20170814,CCA4547,ZBTJ,ZYTN,41400,47700,42660,47400,B737,35.8,AirChina,16R,108,B2612
20170814,CCA4548,ZYTN,ZBTJ,50400,56700,50100,55260,B737,35.8,AirChina,16L,203,B2612
20170814,CCA4548,ZBTJ,ZGGG,60300,71400,61140,70380,B737,35.8,AirChina,16R,203,B2612
20170814,CSN3168,ZHHH,ZBTJ,58200,64800,59820,65760,B738,35.8,ChinaSouthernAirlines,16L,220,B2694
20170814,CSN3167,ZBTJ,ZHHH,68700,75600,69720,75480,B738,35.8,ChinaSouthernAirlines,16R,220,B2694
20170814,CYZ9101,ZBTJ,ZSNJ,1500,7800,2640,7560,B733,28.3,ChinaPost,16R,876,B2892
20170814,CYZ9102,ZSNJ,ZBTJ,22200,28500,22560,27300,B734,28.9,ChinaPost,16R,897,B2892
20170814,CYZ9111,ZBTJ,ZLLL,33900,42900,35220,42600,B734,28.9,ChinaPost,16R,876,B2892
20170814,CYZ9112,ZLLL,ZBTJ,76200,84900,77700,84420,B734,28.9,ChinaPost,16R,897,B2892
20170814,GCR7927,ZBTJ,ZBHH,48000,53400,48540,52500,E190,28.72,TianjinAirlines,16R,209,B3030
20170814,GCR7928,ZBHH,ZBTJ,67500,72900,67980,71820,E190,28.72,TianjinAirlines,16L,206,B3030
20170814,GCR7835,ZBTJ,ZBTL,32400,37200,33780,38460,E145,20.04,TianjinAirlines,16R,214,B3083
20170814,GCR7836,ZBTL,ZBTJ,52500,57300,51780,56460,E145,20.04,TianjinAirlines,16L,417R,B3083
20170814,GCR7849,ZBTJ,ZYCY,60000,63600,59880,62880,E145,20.04,TianjinAirlines,16R,417R,B3083
20170814,GCR7850,ZYCY,ZBTJ,71700,76500,70500,73260,E145,20.04,TianjinAirlines,16L,419L,B3083
20170814,GCR7911,ZBTJ,ZBCF,30300,35400,30480,34440,E145,20.04,TianjinAirlines,16R,419L,B3087
20170814,GCR7912,ZBCF,ZBTJ,38400,43200,37980,41700,E145,20.04,TianjinAirlines,16L,419L,B3087
20170814,GCR7923,ZBTJ,ZSYT,46200,50400,46380,49320,E145,20.04,TianjinAirlines,16R,418,B3087
20170814,GCR7924,ZSYT,ZBTJ,53400,57300,54420,57360,E145,20.04,TianjinAirlines,16L,417L,B3087
20170814,GCR6528,ZBTJ,ZGSD,37200,49200,37500,48000,E190,28.72,TianjinAirlines,16R,215,B3100
20170813,GCR7810,ZSCN,ZBTJ,-8400,-300,780,7260,A320,34.1,TianjinAirlines,16R,209,B3108
20170814,GCR7889,ZBTJ,ZSAM,33900,43500,40140,48780,A332,60.3,TianjinAirlines,16R,419,B3108
20170814,GCR7890,ZSAM,ZBTJ,48000,58500,52860,62400,A332,60.3,TianjinAirlines,16R,418,B3108
20170814,GCR7851,ZBTJ,ZSHC,64200,71100,65580,71760,E190,28.72,TianjinAirlines,16R,418,B3108
20170814,GCR7817,ZBTJ,ZSFY,29700,35700,36120,40980,E190,28.72,TianjinAirlines,16R,217,B3117
20170814,GCR7818,ZSFY,ZBTJ,58200,64200,65640,70560,E190,28.72,TianjinAirlines,16L,206,B3117
20170814,HXA2670,ZLGY,ZBTJ,49800,55800,50580,57000,CRJ9,23.2,Chinaexpressair,16L,601,B3118
20170814,HXA2656,ZBTJ,ZBZJ,62700,67200,63540,66420,CRJ9,23.2,Chinaexpressair,16R,601,B3118
20170814,GCR6433,ZYTL,ZBTJ,63600,67500,69960,73200,E190,28.72,TianjinAirlines,16L,206,B3120
20170814,GCR6434,ZBTJ,ZYTL,71100,74700,76500,79080,E190,28.72,TianjinAirlines,16R,206,B3120
20170814,GCR7821,ZBTJ,ZYTL,33900,37800,39660,42660,E190,28.72,TianjinAirlines,16R,205,B3121
20170814,GCR7822,ZYTL,ZBTJ,40800,44700,48120,51420,E190,28.72,TianjinAirlines,16L,409,B3121
20170813,GCR7928,ZBHH,ZBTJ,-18900,-13500,-720,3000,E190,28.72,TianjinAirlines,16R,214,B3123
20170814,GCR7913,ZBTJ,ZBDS,32700,39000,34200,39060,E190,28.72,TianjinAirlines,16R,416L,B3123
20170814,GCR7914,ZBDS,ZBTJ,51900,57600,54420,59100,E190,28.72,TianjinAirlines,16L,417,B3123
20170814,GCR7582,ZBTJ,ZBXH,68100,73500,73920,77580,E190,28.72,TianjinAirlines,16R,209,B3123
20170814,GCR7819,ZBTJ,ZGHA,27000,36000,27420,35460,E190,28.72,TianjinAirlines,16R,216,B3151
20170814,GCR7820,ZGHA,ZBTJ,53400,61800,57600,65700,E190,28.72,TianjinAirlines,16L,417R,B3151
20170814,GCR6657,ZBTJ,ZYTL,73200,77100,80580,83280,E190,28.72,TianjinAirlines,16R,212,B3151
20170814,GCR7831,ZBTJ,ZUGY,31200,41100,31800,41580,E190,28.72,TianjinAirlines,16R,411,B3156
20170814,GCR7832,ZUGY,ZBTJ,44700,54300,46920,56700,E190,28.72,TianjinAirlines,16L,415R,B3156
20170814,GCR7917,ZBTJ,ZBLA,65400,74400,66360,72840,E190,28.72,TianjinAirlines,16R,415L,B3156
20170814,GCR7918,ZBLA,ZBTJ,77100,85800,77160,84120,E190,28.72,TianjinAirlines,16R,410,B3156
20170814,GCR7581,ZLXY,ZBTJ,49500,56400,57900,63540,E190,28.72,TianjinAirlines,16R,205,B3157
20170814,GCR7581,ZBTJ,ZBXH,60060,65700,67620,71460,E190,28.72,TianjinAirlines,16R,205,B3157
20170814,GCR7909,ZBTJ,ZYQQ,40800,48000,41520,48360,E190,28.72,TianjinAirlines,16R,409,B3161
20170814,GCR7910,ZYQQ,ZBTJ,50400,57900,51780,58380,E190,28.72,TianjinAirlines,16L,419R,B3161
20170814,GCR7921,ZBTJ,ZSYT,64500,68700,65400,68100,E190,28.72,TianjinAirlines,16R,416R,B3161
20170814,GCR7922,ZSYT,ZBTJ,71400,75600,75000,77940,E190,28.72,TianjinAirlines,16R,217,B3161
20170814,CBG8821,ZUNC,ZBTJ,44700,53100,47640,55380,E190,28.72,SPRAY,16L,110,B3165
20170814,CBG8822,ZBTJ,ZUNC,57000,66600,58440,66480,E190,28.72,SPRAY,16R,110,B3165
20170814,GCR6658,ZYTL,ZBTJ,65700,69900,74100,77220,E190,28.72,TianjinAirlines,16R,205,B3169
20170814,GCR6658,ZBTJ,ZBHH,73500,78900,81420,85500,E190,28.72,TianjinAirlines,16R,205,B3169
20170814,GCR7843,ZBTJ,ZHCC,32400,38100,33480,37740,E190,28.72,TianjinAirlines,16R,211,B3189
20170814,GCR7844,ZHCC,ZBTJ,64500,69300,64560,69240,E190,28.72,TianjinAirlines,16L,213,B3189
20170813,GCR7860,ZHHH,ZBTJ,-4500,-84000,-180,5760,A320,34.1,TianjinAirlines,16R,204,B3232
20170814,GCR7881,ZBTJ,ZSPD,29400,36600,32340,38580,E190,28.72,TianjinAirlines,16R,419R,B3232
20170814,GCR7882,ZSPD,ZBTJ,40500,48900,48600,55080,E190,28.72,TianjinAirlines,16L,413,B3232
20170814,GCR7809,ZBTJ,ZSCN,52500,58200,58620,66000,A320,34.1,TianjinAirlines,16R,413,B3232
20170814,HXA2905,ZBTJ,ZLTS,25500,34800,25200,32100,CRJ9,23.2,Chinaexpressair,16R,601,B3237
20170814,HXA2906,ZLTS,ZBTJ,38700,46800,38340,45360,CRJ9,23.2,Chinaexpressair,16L,601,B3237
20170814,HXA2669,ZBTJ,ZLGY,57900,65400,57960,64140,CRJ9,23.2,Chinaexpressair,16R,601,B3237
20170814,CGZ7121,ZUWX,ZBTJ,58800,66900,58800,66720,E190,28.72,COLORFUL,16L,110,B3242
20170814,CGZ7122,ZBTJ,ZUWX,70500,78600,70560,79020,E190,28.72,COLORFUL,16R,110,B3242
20170814,HXA2785,ZBXZ,ZBTJ,37200,40200,36660,40140,CRJ9,23.2,Chinaexpressair,16L,601,B3362
20170814,HXA2786,ZBTJ,ZBXZ,43800,46800,44040,47040,CRJ9,23.2,Chinaexpressair,16R,601,B3362
20170814,HXA2655,ZBZJ,ZBTJ,82200,85500,82140,84960,CRJ9,23.2,Chinaexpressair,16R,601,B3369
20170814,HXA2841,ZBOW,ZBTJ,73200,78600,77760,82140,CRJ9,23.2,Chinaexpressair,16R,601,B3377
20170814,HXA2842,ZBTJ,ZBOW,81600,1200,85020,89580,CRJ9,23.2,Chinaexpressair,16R,601,B3377
20170814,HXA2901,ZBUC,ZBTJ,34500,38700,34500,38040,CRJ9,23.2,Chinaexpressair,16R,601,B3378
20170814,HXA2923,ZBTJ,ZYBA,55200,62100,55680,61080,CRJ9,23.2,Chinaexpressair,16R,601,B3378
20170814,HXA2924,ZYBA,ZBTJ,64800,71700,65100,70680,CRJ9,23.2,Chinaexpressair,16L,601,B3378
20170814,HXA2902,ZBTJ,ZBUC,75000,79800,75780,79140,CRJ9,23.2,Chinaexpressair,16R,601,B3378
20170814,JOY159T,ZSYT,ZBTJ,34800,38400,58920,62580,MA60,29.2,Joyair,16R,501,B3710
20170814,JOY1602,ZBTJ,ZBSJ,24300,28200,24800,27520,MA60,29.2,Joyair,16R,501,B3722
20170814,JOY1601,ZBSJ,ZBTJ,41700,45900,45180,48240,MA60,29.2,Joyair,16R,501,B3722
20170814,JOY1595,ZBTJ,ZSYT,51000,55100,51240,55200,MA60,29.2,Joyair,16R,501,B3722
20170814,JOY1596,ZSYT,ZBTJ,56050,61500,57780,61860,MA60,29.2,Joyair,16R,501,B3722
20170814,CSY3827,ZBTJ,ZBAA,60,86340,45600,72000,Y12,17.24,AVIC,16R,876,B3827
20170814,ICU716,ZBAA,ZBTJ,1800,3600,0,72420,LJ60,13.35,Aisa Medical,16L,897,B3935
20170814,CHH7731,ZUGY,ZBTJ,37800,47700,38820,49380,B738,35.8,HainanAirlines,16R,206,B5139
20170814,CHH7732,ZBTJ,ZUGY,52200,62400,53880,63180,B738,35.8,HainanAirlines,16R,419,B5139
20170814,OKA2831,ZBTJ,ZGSD,29700,41100,29640,40320,B739,34.3,OkayAirways,16R,226,B5181
20170814,OKA2832,ZGSD,ZBTJ,60900,72000,61980,72600,B739,34.3,OkayAirways,16L,225,B5181
20170814,FZA6619,ZSNT,ZBTJ,59100,65100,60840,66180,B738,35.8,STRAITAIR,16L,409,B5182
20170814,FZA6620,ZBTJ,ZSNT,68700,75000,69420,74400,B738,35.8,STRAITAIR,16R,409,B5182
20170814,CSN3134,ZBTJ,ZGGG,45000,56400,45780,55080,B738,35.8,ChinaSouthernAirlines,16R,222,B5189
20170814,CCA1533,ZBTJ,ZSSS,28800,35700,33000,39180,B737,35.8,AirChina,16R,117,B5211
20170814,CCA1534,ZSSS,ZBTJ,39300,47700,42840,49800,B737,35.8,AirChina,16R,202,B5211
20170813,CCA1528,ZSSS,ZBTJ,-15600,-7500,3960,9660,B737,35.8,AirChina,16R,108,B5213
20170814,CCA1427,ZBTJ,ZUUU,27300,37800,27600,36180,B738,35.8,AirChina,16R,109,B5213
20170814,CCA1428,ZUUU,ZBTJ,42600,51900,43380,52140,B738,35.8,AirChina,16L,203,B5213
20170814,CCA801,ZBTJ,RKSI,51000,55500,55500,0,B737,35.8,AirChina,16R,107,B5228
20170814,CCA1249,ZBTJ,ZLXY,27600,33600,27900,34020,B737,35.8,AirChina,16R,202,B5228
20170814,CCA1250,ZLXY,ZBTJ,37500,44700,38640,44700,B737,35.8,AirChina,16L,108,B5228
20170814,CCA802,RKSI,ZBTJ,60000,66300,66420,71580,B737,35.8,AirChina,16L,203,B5228
20170814,CES5947,ZPDL,ZBTJ,34200,45600,37560,51420,B737,35.8,ChinaEasternAirlines,16L,219,B5243
20170814,CES5948,ZBTJ,ZPDL,50220,61800,53520,65040,B737,35.8,ChinaEasternAirlines,16R,,B5243
20170814,CXA8139,ZBTJ,ZSAM,27000,36900,34020,42240,B738,35.8,XiamenAirlines,16R,227,B5309
20170814,CXA8140,ZSAM,ZBTJ,60300,70800,65760,74520,B738,35.8,XiamenAirlines,16L,225,B5309
20170814,CXA8621,ZBTJ,ZGHA,75900,84600,78960,85800,B738,35.8,XiamenAirlines,16R,227,B5309
20170814,EPA6283,ZLLL,ZBTJ,45600,54600,51780,58740,B738,35.8,DONGHAIAIR,16L,413,B5313
20170814,EPA6284,ZBTJ,ZLLL,60800,67500,62340,69900,B738,35.8,DONGHAIAIR,16R,413,B5313
20170814,OKA3025,ZBTJ,RJBB,49500,53080,54900,58080,B738,35.8,OkayAirways,16R,222,B5367
20170813,OKA2878,ZSNB,ZBTJ,-18000,-10200,-5160,1200,B738,35.8,OkayAirways,16R,222,B5367
20170814,OKA2923,ZBTJ,ZGDY,26100,35100,26220,33540,B738,35.8,OkayAirways,16R,223,B5367
20170814,OKA2924,ZGDY,ZBTJ,38400,47100,39300,46260,B738,35.8,OkayAirways,16L,224,B5367
20170814,OKA3026,RJBB,ZBTJ,64800,72600,67860,78000,B738,35.8,OkayAirways,16R,223,B5367
20170814,CHH7168,ZBTJ,ZYTL,36900,40500,36660,39120,B738,35.8,HainanAirlines,16R,414R,B5373
20170814,CXA8204,ZLXN,ZBTJ,50700,59400,50640,57660,B738,35.8,XiamenAirlines,16L,225,B5382
20170814,CXA8204,ZBTJ,ZYTL,63000,67500,65760,68160,B738,35.8,XiamenAirlines,16R,225,B5382
20170813,CCA1252,ZLXY,ZBTJ,-12000,-5400,960,6120,B738,35.8,AirChina,16R,108,B5391
20170814,CCA1619,ZBTJ,ZGSD,31200,43200,31980,42360,B738,35.8,AirChina,16R,109,B5391
20170814,CCA1620,ZGSD,ZBTJ,46800,57300,49500,60060,B738,35.8,AirChina,16L,203,B5391
20170814,CCA8275,ZBTJ,ZSWZ,63000,71700,64140,70500,B738,35.8,AirChina,16R,108,B5391
20170814,CCA8276,ZSWZ,ZBTJ,75000,84000,76200,83340,B738,35.8,AirChina,16R,108,B5391
20170814,CCA1371,ZBTJ,ZGSZ,28200,39900,29160,39360,B737,35.8,AirChina,16R,108,B5442
20170814,CCA1372,ZGSZ,ZBTJ,43500,54900,45540,54840,B737,35.8,AirChina,16L,107,B5442
20170814,CCA1527,ZBTJ,ZSSS,59400,66900,67980,73080,B737,35.8,AirChina,16R,118,B5442
20170814,CCA1528,ZSSS,ZBTJ,70800,78900,78480,84240,B737,35.8,AirChina,16R,109,B5442
20170814,CCA1641,ZBTJ,ZSFZ,26400,35400,29760,38400,B738,35.8,AirChina,16R,109,B5447
20170814,CCA1642,ZSFZ,ZBTJ,40500,49800,46200,54360,B738,35.8,AirChina,16L,202,B5447
20170814,CCA1389,ZBTJ,ZJSY,53700,68700,58320,70800,B738,35.8,AirChina,16R,117,B5447
20170814,CSH9264,ZSSS,ZBTJ,50400,59100,51960,59700,B738,35.8,ShanghaiAirlines,16L,219,B5460
20170814,CSH9134,ZBTJ,ZSSS,62700,69900,70380,75600,B738,35.8,ShanghaiAirlines,16R,218,B5460
20170814,CCA1260,ZUGY,ZBTJ,37800,47400,41640,51780,B738,35.8,AirChina,16L,202,B5485
20170814,CCA1678,ZGKL,ZBTJ,53700,63900,59340,67500,B738,35.8,AirChina,16L,107,B5485
20170814,CCA1678,ZBTJ,ZYHB,69000,76200,72120,78000,B738,35.8,AirChina,16R,107,B5485
20170813,CCA1402,ZPPP,ZBTJ,-13200,-1500,-420,10500,B738,35.8,AirChina,16R,201,B5495
20170814,CCA151,ZBTJ,ZYTL,32700,36600,33360,36120,B738,35.8,AirChina,16R,108,B5495
20170814,CCA152,ZYTL,ZBTJ,66000,69600,66780,69360,B738,35.8,AirChina,16L,203,B5495
20170814,CCA811,ZBTJ,VTBS,74700,6300,74580,0,B738,35.8,AirChina,16R,202,B5508
20170814,CCA812,VTBS,ZBTJ,11100,27900,12720,35220,B738,35.8,AirChina,16L,107,B5508
20170814,CCA1671,ZBTJ,ZGSZ,42000,54000,42780,52860,B738,35.8,AirChina,16R,202,B5508
20170814,CCA1672,ZGSZ,ZBTJ,57600,68400,59640,68760,B738,35.8,AirChina,16L,109,B5508
20170814,CCA1396,ZGGG,ZBTJ,31500,42600,41280,50760,B738,35.8,AirChina,16L,107,B5509
20170814,CCA1319,ZBTJ,ZGSZ,54300,64200,56520,67140,B738,35.8,AirChina,16R,201,B5509
20170814,CCA1320,ZGSZ,ZBTJ,69000,80100,71520,80820,B738,35.8,AirChina,16R,109,B5509
20170814,CCA1317,ZBTJ,ZGGG,27600,39000,28320,37800,B738,35.8,AirChina,16R,201,B5510
20170814,CCA1318,ZGGG,ZBTJ,42600,54600,43620,52740,B738,35.8,AirChina,16L,201,B5510
20170814,CCA1673,ZBTJ,ZSHC,58200,65100,60060,65520,B738,35.8,AirChina,16R,107,B5510
20170814,CCA1674,ZSHC,ZBTJ,69000,76500,77580,83760,B738,35.8,AirChina,16R,201,B5510
20170813,CCA1390,ZJSY,ZBTJ,-14400,-300,-6000,6420,B738,35.8,AirChina,16R,107,B5518
20170814,CCA1417,ZBTJ,ZUGY,34200,44700,41340,50340,B738,35.8,AirChina,16R,117,B5518
20170814,CCA1418,ZUGY,ZBTJ,47700,57300,54120,64500,B738,35.8,AirChina,16R,203,B5518
20170814,CCA1259,ZBTJ,ZUGY,61500,71400,68460,77220,B738,35.8,AirChina,16R,107,B5518
20170814,CHH7725,ZBTJ,ZYHB,49800,55500,52500,58260,B738,35.8,HainanAirlines,16R,204,B5520
20170814,CSH9131,ZSPD,ZBTJ,32700,41100,34380,40920,B738,35.8,ShanghaiAirlines,16L,609,B5523
20170814,CSH9132,ZBTJ,ZSPD,45000,52200,45480,51660,B738,35.8,ShanghaiAirlines,16R,609,B5523
20170813,CCA1388,ZGGG,ZBTJ,-17400,-5700,-8520,180,B737,35.8,AirChina,16R,109,B5525
20170814,CCA103,ZBTJ,VHHH,30900,42600,31620,43080,B738,35.8,AirChina,16R,108,B5525
20170814,CCA104,VHHH,ZBTJ,46200,58500,48420,57840,B738,35.8,AirChina,16L,118,B5525
20170814,CCA1251,ZBTJ,ZLXY,63300,70500,63780,69840,B738,35.8,AirChina,16R,201,B5525
20170814,CCA1252,ZLXY,ZBTJ,74400,81000,74460,79740,B738,35.8,AirChina,16R,203,B5525
20170814,CHH7102,ZBTJ,ZBAA,18000,22020,20220,21780,B738,35.8,HainanAirlines,16R,212,B5540
20170814,CSH9063,ZSSS,ZBTJ,57300,66000,60960,67140,B738,35.8,ShanghaiAirlines,16L,609,B5550
20170814,CSH9064,ZBTJ,ZSSS,71400,78900,74100,79200,B738,35.8,ShanghaiAirlines,16R,219,B5550
20170813,CXA8133,ZHHH,ZBTJ,-6900,-86100,-3120,2280,B738,35.8,XiamenAirlines,16R,228,B5551
20170814,CXA8271,ZBTJ,ZBLA,25200,33900,25560,33300,B738,35.8,XiamenAirlines,16R,226,B5551
20170814,CXA8272,ZBLA,ZBTJ,36900,45900,37080,44040,B738,35.8,XiamenAirlines,16L,227,B5551
20170814,CXA8239,ZBTJ,ZLXY,63600,70800,64680,70500,B738,35.8,XiamenAirlines,16R,226,B5551
20170814,CXA8240,ZLXY,ZBTJ,75900,82800,76260,81300,B738,35.8,XiamenAirlines,16R,228,B5551
20170814,CCD8923,ZYTL,ZBTJ,24600,28200,24660,27480,B738,35.8,XIANGJIAN,16R,110,B5553
20170814,CCD8923,ZBTJ,ZLIC,31800,39900,33120,39120,B738,35.8,XIANGJIAN,16R,110,B5553
20170814,CCD8924,ZLIC,ZBTJ,42600,49800,42840,49800,B738,35.8,XIANGJIAN,16R,110,B5553
20170814,CCD8924,ZBTJ,ZYTL,53700,57900,55920,58260,B738,35.8,XIANGJIAN,16R,110,B5553
20170814,OKA2849,ZBTJ,ZYHB,38400,46200,39000,45600,B738,35.8,OkayAirways,16R,225,B5562
20170814,OKA2917,ZYHB,ZBTJ,24000,31500,27240,34200,B738,35.8,OkayAirways,16L,224,B5562
20170814,OKA2917,ZBTJ,ZGKL,37920,48000,41160,50460,B738,35.8,OkayAirways,16R,224,B5562
20170814,OKA2850,ZYHB,ZBTJ,49800,57900,50820,57060,B738,35.8,OkayAirways,16L,222,B5562
20170814,OKA2850,ZBTJ,ZGHA,61800,70800,64260,71640,B738,35.8,OkayAirways,16R,222,B5562
20170813,OKA2932,ZGHA,ZBTJ,-5700,-84000,4920,11760,B738,35.8,OkayAirways,16R,222,B5571
20170814,OKA2823,ZBTJ,ZLXY,27000,32100,25860,31860,B738,35.8,OkayAirways,16R,222,B5571
20170814,OKA2824,ZLXY,ZBTJ,78600,85500,81000,85920,B738,35.8,OkayAirways,16R,,B5571
20170814,OKA2865,ZBTJ,ZYTL,23400,27900,23460,26220,B738,35.8,OkayAirways,16R,223,B5573
20170814,OKA2866,ZYTL,ZBTJ,30600,34800,31380,34440,B738,35.8,OkayAirways,16L,226,B5573
20170814,OKA2918,ZGKL,ZBTJ,52500,62400,55080,64800,B738,35.8,OkayAirways,16R,224,B5573
20170814,OKA2727,ZBTJ,ZLXN,65700,75000,68640,76260,B738,35.8,OkayAirways,16R,224,B5573
20170814,OKA2918,ZBTJ,ZYHB,76200,84300,76920,82920,B738,35.8,OkayAirways,16R,224,B5573
20170814,OKA2728,ZLXN,ZBTJ,78300,600,79020,86280,B738,35.8,OkayAirways,16R,,B5573
20170814,OKA2819,ZBTJ,ZGKL,25800,36600,26460,36960,B738,35.8,OkayAirways,16R,225,B5575
20170814,OKA2820,ZGKL,ZBTJ,41700,52200,43800,52920,B738,35.8,OkayAirways,16L,226,B5575
20170814,OKA2751,ZBTJ,ZSHC,63000,68100,61800,67500,B738,35.8,OkayAirways,16R,226,B5575
20170814,CCA8290,ZBHH,ZBTJ,28200,33300,49980,53820,B738,35.8,AirChina,16L,108,B5585
20170814,CCA8283,ZBTJ,ZBYC,55100,58900,55620,59220,B738,35.8,AirChina,16R,,B5585
20170814,CCA1523,ZSSS,ZBTJ,64000,69500,64800,70140,B737,35.8,AirChina,16L,109,B5585
20170814,CCA1524,ZBTJ,ZSSS,73000,78000,74880,80520,B737,35.8,AirChina,16R,108,B5585
20170814,CSN6329,ZGSD,ZBTJ,31200,41700,31980,41880,B738,35.8,ChinaSouthernAirlines,16L,218,B5598
20170814,CSN6330,ZBTJ,ZGSD,45300,57300,46020,56700,B738,35.8,ChinaSouthernAirlines,16R,220,B5598
20170814,CXA8203,ZYTL,ZBTJ,30900,34800,32580,35460,B738,35.8,XiamenAirlines,16L,227,B5603
20170814,CXA8203,ZBTJ,ZLXN,39000,48000,39240,46680,B738,35.8,XiamenAirlines,16R,227,B5603
20170814,CSN3739,ZBTJ,ZBAA,17400,21300,19380,20700,B738,35.8,ChinaSouthernAirlines,16R,218,B5676
20170814,CCA951,ZBTJ,ZYTL,25800,30000,25980,28740,B738,35.8,AirChina,16R,202,B5680
20170814,CCA952,ZYTL,ZBTJ,61500,65400,65160,67920,B738,35.8,AirChina,16L,203,B5680
20170814,CCA1655,ZBTJ,ZSPD,72900,80100,73320,78960,B738,35.8,AirChina,16R,108,B5680
20170814,CCA171,ZBTJ,RKSI,33600,38700,32760,0,B738,35.8,AirChina,16R,107,B5681
20170814,CCA8280,ZBYN,ZBTJ,75000,79500,75780,78660,B738,35.8,AirChina,16R,202,B5681
20170814,CCA172,RKSI,ZBTJ,42300,48600,44220,49320,B738,35.8,AirChina,16R,203,B5681
20170814,CCA8279,ZBTJ,ZBYN,47100,52200,53340,56040,B738,35.8,AirChina,16R,109,B5681
20170813,CCA8276,ZSWZ,ZBTJ,-11100,-2400,2880,9780,B738,35.8,AirChina,16R,107,B5696
20170814,CCA1633,ZBTJ,ZHSY,32100,39600,32100,38100,B738,35.8,AirChina,16R,118,B5696
20170814,CCA1634,ZHSY,ZBTJ,42600,49500,42600,48360,B738,35.8,AirChina,16R,202,B5696
20170814,CSN8558,ZBTJ,ZGGG,23700,35700,24600,34200,B737,35.8,ChinaSouthernAirlines,16R,217,B5699
20170814,CSN8557,ZGGG,ZBTJ,75900,600,76500,85680,B737,35.8,ChinaSouthernAirlines,16R,217,B5699
20170813,CXA8240,ZLXY,ZBTJ,-10500,-3600,-2520,2580,B738,35.8,XiamenAirlines,16R,226,B5706
20170814,CXA8134,ZBTJ,ZHHH,30000,34500,28080,34560,B738,35.8,XiamenAirlines,16R,225,B5706
20170814,CHH7167,ZYTL,ZBTJ,26400,30900,26340,29100,B738,35.8,HainanAirlines,16R,412,B5733
20170814,CSN3133,ZGGG,ZBTJ,30300,41400,31440,40560,B738,35.8,ChinaSouthernAirlines,16L,220,B5739
20170814,CXA8380,ZGSZ,ZBTJ,72900,84000,73320,82740,B738,35.8,XiamenAirlines,16R,225,B5788
20170814,CXA8682,ZSAM,ZBTJ,69600,80100,73380,81840,B738,35.8,XiamenAirlines,16R,226,B5789
20170814,CXA8365,ZBTJ,ZGSZ,26100,38100,26760,36780,B738,35.8,XiamenAirlines,16R,228,B5791
20170814,RLH5313,ZHES,ZBTJ,35400,42300,35520,43020,B737,35.8,SENDI,16L,112,B5829
20170814,RLH5314,ZBTJ,ZHES,46200,54000,46800,54300,B737,35.8,SENDI,16R,110,B5829
20170814,RLH6515,ZHXF,ZBTJ,59700,66600,62820,68400,B737,35.8,SENDI,16L,113,B5830
20170814,RLH6516,ZBTJ,ZHXF,72300,78600,73140,78840,B737,35.8,SENDI,16R,110,B5830
20170814,CSH9115,ZSSS,ZBTJ,36300,44100,37920,44340,B738,35.8,ShanghaiAirlines,16L,609,B5833
20170814,CSH9116,ZBTJ,ZSSS,48300,55800,55560,61320,B738,35.8,ShanghaiAirlines,16R,609,B5833
20170814,OKA2833,ZBTJ,ZSCN,46860,52800,48060,54960,B738,35.8,OkayAirways,16R,226,B5841
20170813,OKA2728,ZLXN,ZBTJ,-8100,-85800,3060,10020,B738,35.8,OkayAirways,16R,222,B5842
20170814,OKA2825,ZBTJ,ZSHC,25200,31800,25020,30660,B738,35.8,OkayAirways,16R,225,B5842
20170814,OKA2826,ZSHC,ZBTJ,36000,43500,36900,43200,B738,35.8,OkayAirways,16L,223,B5842
20170814,OKA2931,ZBTJ,ZGHA,48600,57000,53700,60300,B738,35.8,OkayAirways,16R,225,B5842
20170814,OKA2897,ZBTJ,ZPPP,35100,48000,35700,46620,B738,35.8,OkayAirways,16R,223,B5843
20170814,OKA2898,ZPPP,ZBTJ,66000,77400,67560,79200,B738,35.8,OkayAirways,16R,226,B5843
20170814,OKA2884,ZBTJ,ZLXY,81000,2400,82260,88500,B738,35.8,OkayAirways,16R,226,B5843
20170814,CXA8622,ZGHA,ZBTJ,76500,84900,76500,83580,B738,35.8,XiamenAirlines,16R,226,B5845
20170814,OKA2883,ZLXY,ZBTJ,22800,30300,23700,29160,B738,35.8,OkayAirways,16R,226,B6026
20170814,CCA1771,ZSHC,ZBTJ,58800,66900,68220,74340,A319,34.09,AirChina,16L,203,B6216
20170814,CCA1772,ZBTJ,ZSHC,70500,78300,78720,84300,A319,34.09,AirChina,16R,109,B6216
20170814,CBJ5729,ZPLJ,ZBTJ,64500,75600,69420,80280,A319,34.09,BeijingCapitalAirlines,16R,217,B6245
20170814,CBJ5730,ZBTJ,ZPLJ,79500,5100,83640,94920,A319,34.09,BeijingCapitalAirlines,16R,217,B6245
20170814,CSN3125,ZGHA,ZBTJ,48000,56700,51600,58920,A320,34.1,ChinaSouthernAirlines,16L,220,B6251
20170814,CSN3125,ZBTJ,ZYHB,60600,68400,63060,69480,A320,34.1,ChinaSouthernAirlines,16R,220,B6251
20170814,CSN3126,ZYHB,ZBTJ,70800,78300,73380,79920,A320,34.1,ChinaSouthernAirlines,16R,218,B6251
20170814,CSN3126,ZBTJ,ZGHA,82500,4800,83820,90720,A320,34.1,ChinaSouthernAirlines,16R,218,B6251
20170814,CSN3301,ZGGG,ZBTJ,39000,50100,40320,50340,A320,34.1,ChinaSouthernAirlines,16R,220,B6288
20170814,CSN3302,ZBTJ,ZGGG,53700,65100,55860,65040,A320,34.1,ChinaSouthernAirlines,16R,218,B6288
20170814,CCA4187,ZUUU,ZBTJ,26700,35700,27660,36000,A321,34.1,AirChina,16L,109,B6365
20170814,CCA4188,ZBTJ,ZUUU,39600,50700,42060,50160,A321,34.1,AirChina,16R,201,B6365
20170814,TBA9937,ZLXH,ZBTJ,32100,39300,33540,41280,A319,34.09,TIBET,16L,110,B6436
20170814,TBA9938,ZBTJ,ZLXH,46500,54600,46500,54360,A319,34.09,TIBET,16R,111,B6436
20170814,TBA9907,ZUCK,ZBTJ,49800,59400,52740,60780,A319,34.09,TIBET,16L,112,B6473
20170814,TBA9908,ZBTJ,ZUCK,66000,76500,66600,74940,A319,34.09,TIBET,16R,111,B6473
20170814,CXA8125,ZSAM,ZBTJ,31800,42000,32220,40740,B738,35.8,XiamenAirlines,16L,230,B6487
20170814,CXA867,ZBTJ,ZSAM,50700,60900,50700,58620,B738,35.8,XiamenAirlines,16R,227,B6487
20170814,CXA8321,ZBTJ,ZSHC,37800,45000,38340,44220,B738,35.8,XiamenAirlines,16R,229,B6488
20170814,CXA8681,ZBTJ,ZSAM,36300,46800,43080,51540,B738,35.8,XiamenAirlines,16R,229,B6490
20170813,CCA1468,ZPPP,ZBTJ,-10200,-84900,2640,12960,B738,35.8,AirChina,16R,107,B6499
20170814,CCA1529,ZBTJ,ZSAM,24900,35100,24720,33000,B738,35.8,AirChina,16R,118,B6499
20170814,CCA1530,ZSAM,ZBTJ,40200,50400,43440,52200,B738,35.8,AirChina,16L,117,B6499
20170814,CCA1395,ZBTJ,ZGGG,64200,75900,65940,75120,B738,35.8,AirChina,16R,108,B6499
20170814,CSZ9797,ZSQZ,ZBTJ,25200,34500,26340,34320,A320,34.1,ShenzhenAirlines,16L,118,B6589
20170814,CCA8225,ZHHH,ZBTJ,29400,36000,31380,36840,A320,34.1,AirChina,16R,107,B6609
20170814,CCA8225,ZBTJ,ZYDQ,41700,46500,42180,48720,A320,34.1,AirChina,16R,107,B6609
20170814,CCA8226,ZYDQ,ZBTJ,50100,57000,54000,59880,A320,34.1,AirChina,16L,118,B6609
20170814,CCA8226,ZBTJ,ZHHH,63900,67800,64500,70140,A320,34.1,AirChina,16R,118,B6609
20170814,CQH8814,ZBTJ,ZSPD,38100,45300,41700,47940,A320,34.1,ShanghaiSpringAirlines,16R,111,B6667
20170814,CSC8357,ZBTJ,ZJHK,24900,39000,25440,36720,A320,34.1,SichuanAirlines,16R,111,B6700
20170814,CSC8861,ZUUU,ZBTJ,64200,73800,64980,73500,A320,34.1,SichuanAirlines,16L,112,B6700
20170813,GCR7840,ZWWW,ZBTJ,-18000,-4500,-9240,3480,A320,34.1,TianjinAirlines,16R,205,B6727
20170814,GCR7859,ZBTJ,ZHHH,30000,37200,30000,36180,A320,34.1,TianjinAirlines,16R,412,B6727
20170814,GCR7866,ZJHK,ZBTJ,72300,84600,72960,84780,A320,34.1,TianjinAirlines,16R,419R,B6727
20170814,CSC8358,ZJHK,ZBTJ,42000,54300,42720,54540,A320,34.1,SichuanAirlines,16L,112,B6772
20170814,CSC8353,ZBTJ,ZSCN,32100,37800,60420,66660,A320,34.1,SichuanAirlines,16R,111,B6772
20170814,CSC8355,ZBTJ,ZGOW,59700,70800,60180,68700,A320,34.1,SichuanAirlines,16R,113,B6772
20170814,CSC8356,ZGOW,ZBTJ,73500,84600,75000,83940,A320,34.1,SichuanAirlines,16R,110,B6772
20170814,GCR7583,ZLXY,ZBTJ,24600,31200,25020,30000,A320,34.1,TianjinAirlines,16R,213,B6789
20170814,GCR7583,ZBTJ,ZYHB,34920,42000,34920,41760,A320,34.1,TianjinAirlines,16R,213,B6789
20170814,GCR7584,ZYHB,ZBTJ,45000,52800,46680,53160,A320,34.1,TianjinAirlines,16L,416R,B6789
20170814,GCR7584,ZBTJ,ZLXY,56700,63600,57060,62940,A320,34.1,TianjinAirlines,16R,416R,B6789
20170814,CCA1346,ZBTJ,ZBAA,18300,23940,21420,22800,A321,34.1,AirChina,16R,203,B6823
20170814,CSN3135,ZGGG,ZBTJ,56700,68100,59760,69060,A320,34.1,ChinaSouthernAirlines,16L,220,B6826
20170814,CSN3136,ZBTJ,ZGGG,71400,83400,74160,83220,A320,34.1,ChinaSouthernAirlines,16R,220,B6826
20170814,CSZ9798,ZBTJ,ZSQZ,38100,47700,38040,46380,A320,34.1,ShenzhenAirlines,16R,117,B6856
20170814,CQH8914,RKPC,ZBTJ,37200,45900,37860,44160,A320,34.1,ShanghaiSpringAirlines,16L,112,B6862
20170814,CQH8989,ZBTJ,ZSYA,49500,56400,49680,54300,A320,34.1,ShanghaiSpringAirlines,16R,112,B6862
20170814,CQH8990,ZSYA,ZBTJ,59400,66000,60180,65520,A320,34.1,ShanghaiSpringAirlines,16L,112,B6862
20170814,CQH8913,ZBTJ,RKPC,70500,77100,70680,77340,A320,34.1,ShanghaiSpringAirlines,16R,113,B6862
20170814,GCR7993,ZBTJ,RKSI,29100,34200,29520,0,A320,34.1,TianjinAirlines,16R,211,B6865
20170813,GCR7876,ZLXY,ZBTJ,-3000,-82800,-2700,2460,A320,34.1,TianjinAirlines,16R,211,B6865
20170814,GCR7994,RKSI,ZBTJ,38700,44700,40440,45540,A320,34.1,TianjinAirlines,16L,418R,B6865
20170814,GCR7875,ZBTJ,ZLXY,49200,55800,49380,54960,A320,34.1,TianjinAirlines,16R,418R,B6865
20170814,CSN6947,ZBTJ,ZBAA,20100,22920,20640,22080,A320,34.1,ChinaSouthernAirlines,16R,218,B6910
20170814,CSN6569,ZYCC,ZBTJ,29100,35100,30720,36240,A320,34.1,ChinaSouthernAirlines,16R,218,B6975
20170814,CSN6569,ZBTJ,ZLXY,38700,45900,40260,45840,A320,34.1,ChinaSouthernAirlines,16R,218,B6975
20170814,CSN6570,ZLXY,ZBTJ,49800,57000,51120,56340,A320,34.1,ChinaSouthernAirlines,16L,218,B6975
20170814,CSN6570,ZBTJ,ZYCC,61200,67500,61260,66120,A320,34.1,ChinaSouthernAirlines,16R,218,B6975
20170814,OKA2987,ZBTJ,ZYBS,39720,45900,39840,45420,B738,35.8,OkayAirways,16R,223,B6997
20170814,OKA2988,ZYBS,ZBTJ,48600,55800,49020,54720,B738,35.8,OkayAirways,16L,222,B6997
20170814,OKA2877,ZBTJ,ZSNB,58100,64600,59100,65340,B738,35.8,OkayAirways,16R,223,B6997
20170814,OKA2878,ZSNB,ZBTJ,67800,75900,68760,75420,B738,35.8,OkayAirways,16L,222,B6997
20170813,CES9737,ZPPP,ZBTJ,-10200,-84900,-7560,3300,B738,35.8,ChinaEasternAirlines,16R,218,B7170
20170814,CES9738,ZBTJ,ZPPP,34500,47400,35460,45840,B738,35.8,ChinaEasternAirlines,16R,215,B7170
20170814,CCA1679,ZBTJ,ZUCK,28500,38400,30960,38700,B738,35.8,AirChina,16R,107,B7182
20170814,CCA1680,ZUCK,ZBTJ,42000,51600,44280,52260,B738,35.8,AirChina,16L,108,B7182
20170814,CCA1401,ZBTJ,ZPPP,56400,69300,71100,82500,B738,35.8,AirChina,16R,108,B7182
20170813,CXA8332,ZSFZ,ZBTJ,-10200,-900,-7560,60,B738,35.8,XiamenAirlines,16R,225,B7196
20170814,CXA8459,ZBTJ,ZLXY,28800,35400,28500,34200,B738,35.8,XiamenAirlines,16R,227,B7196
20170814,CXA8460,ZLXY,ZBTJ,58500,65400,60060,65400,B738,35.8,XiamenAirlines,16L,225,B7196
20170814,CXA8469,ZBTJ,ZUCK,68700,78300,69240,77400,B738,35.8,XiamenAirlines,16R,227,B7196
20170814,OKA283V,ZSCN,ZBTJ,43200,49500,50040,56760,B738,35.8,OkayAirways,16L,226,B7373
20170814,CXA8229,ZSHC,ZBTJ,27300,34800,27240,33300,B738,35.8,XiamenAirlines,16L,226,B7557
20170814,CXA8229,ZBTJ,ZWWW,38400,53700,38460,51780,B738,35.8,XiamenAirlines,16R,226,B7557
20170814,CCA1496,ZBTJ,ZBAA,16800,24540,21720,22980,B738,35.8,AirChina,16R,108,B7595
20170814,CDG4717,ZSQD,ZBTJ,25200,30000,26520,29460,B738,35.8,shandongAirlines,16R,108,B7669
20170814,CDG4717,ZBTJ,ZBHH,33900,39000,34800,38700,B738,35.8,shandongAirlines,16R,108,B7669
20170814,CXA8033,ZSFZ,ZBTJ,39300,49200,39660,48060,B738,35.8,XiamenAirlines,16R,227,B7816
20170814,CXA8033,ZBTJ,ZYCC,52800,58800,52920,58020,B738,35.8,XiamenAirlines,16R,227,B7816
20170814,CXA8034,ZYCC,ZBTJ,61800,67800,64500,69660,B738,35.8,XiamenAirlines,16L,227,B7816
20170814,CXA8034,ZBTJ,ZSFZ,72000,81600,73860,81660,B738,35.8,XiamenAirlines,16R,227,B7816
20170814,CXA8230,ZWWW,ZBTJ,57900,71100,58860,71040,B738,35.8,XiamenAirlines,16L,227,B7819
20170814,CXA8230,ZBTJ,ZSHC,76200,83400,77100,83160,B738,35.8,XiamenAirlines,16R,227,B7819
20170814,CXA8470,ZUCK,ZBTJ,29700,38400,29640,39000,B738,35.8,XiamenAirlines,16R,228,B7823
20170814,CXA8331,ZBTJ,ZSFZ,42300,51300,43620,51780,B738,35.8,XiamenAirlines,16R,225,B7825
20170814,CXA8332,ZSFZ,ZBTJ,76200,85500,77040,85500,B738,35.8,XiamenAirlines,16R,225,B7825
20170814,CXA8366,ZGSZ,ZBTJ,42000,53100,43980,53700,B738,35.8,XiamenAirlines,16L,227,B7847
20170814,CXA8603,ZBTJ,ZBHH,59100,64500,59340,63120,B738,35.8,XiamenAirlines,16R,227,B7847
20170814,CXA8604,ZBHH,ZBTJ,67200,72300,67620,71280,B738,35.8,XiamenAirlines,16L,225,B7847
20170814,CCA1426,ZBTJ,ZBAA,18300,22680,19920,21120,B738,35.8,AirChina,16R,202,B7869
20170813,CCA1674,ZSHC,ZBTJ,-17400,-9900,5160,10740,B738,35.8,AirChina,16R,117,B7890
20170814,CCA1663,ZBTJ,ZSWH,30600,35100,30780,34200,B738,35.8,AirChina,16R,202,B7890
20170814,CCA1664,ZSWH,ZBTJ,38400,42600,38820,42060,B738,35.8,AirChina,16L,203,B7890
20170814,CCA1387,ZBTJ,ZGGG,53400,64800,56100,65400,B737,35.8,AirChina,16R,203,B7890
20170814,CCA1388,ZGGG,ZBTJ,69000,80700,70020,78900,B737,35.8,AirChina,16R,107,B7890
20170814,CCA166Q,ZBTJ,ZGHA,25200,33300,24900,32580,B738,35.8,AirChina,16R,203,B7893
20170814,CCA167Z,ZGHA,ZBTJ,36000,45000,37260,44640,B738,35.8,AirChina,16L,118,B7893
20170814,CCA1669,ZBTJ,ZGHA,62700,70200,66300,73560,B738,35.8,AirChina,16R,118,B7893
20170814,CCA1670,ZGHA,ZBTJ,73800,82500,77700,85140,B738,35.8,AirChina,16R,107,B7893
20170814,CDG4825,ZSQD,ZBTJ,28200,33300,31320,34620,B738,35.8,shandongAirlines,16L,108,B7976
20170814,CDG4825,ZBTJ,ZBHH,37200,42600,38820,42600,B738,35.8,shandongAirlines,16R,108,B7976
20170814,CDG4826,ZBHH,ZBTJ,74700,79800,77580,81060,B738,35.8,shandongAirlines,16R,107,B7976
20170814,CDG4826,ZBTJ,ZSQD,83700,1500,84300,87360,B738,35.8,shandongAirlines,16R,107,B7976
20170814,DKH1136,ZYBS,ZBTJ,44100,51300,46500,52440,A321,34.1,ShanghaiJuneyaoAirlines,16L,111,B8068
20170814,DKH1136,ZBTJ,ZSPD,55200,62400,56160,62520,A321,34.1,ShanghaiJuneyaoAirlines,16R,111,B8068
20170814,CBJ5739,ZPLJ,ZBTJ,28200,39000,29100,40440,A320,34.1,BeijingCapitalAirlines,16L,416R,B8072
20170814,CBJ5740,ZBTJ,ZPLJ,42600,55200,44640,55320,A320,34.1,BeijingCapitalAirlines,16R,419R,B8072
20170814,UEA2249,ZUUU,ZBTJ,30600,39300,32820,41100,A320,34.1,ChengduAirlines,16L,112,B8186
20170814,UEA2249,ZBTJ,ZBLA,42900,51900,45240,51300,A320,34.1,ChengduAirlines,16R,112,B8186
20170814,UEA2250,ZBLA,ZBTJ,54900,63600,56040,62880,A320,34.1,ChengduAirlines,16R,110,B8186
20170814,UEA2250,ZBTJ,ZUUU,67200,78300,67860,76320,A320,34.1,ChengduAirlines,16R,110,B8186
20170814,CBJ5195,ZJSY,ZBTJ,55800,69900,56520,69900,A321,34.1,BeijingCapitalAirlines,16L,419R,B8188
20170814,CBJ5196,ZBTJ,ZJSY,74700,2700,74820,86760,A321,34.1,BeijingCapitalAirlines,16R,204,B8188
20170814,CES514V,ZBTJ,ZSSS,32400,38400,44520,50220,A321,34.1,ChinaEasternAirlines,16R,219,B8281
20170814,HHG209,ZBTJ,WSSL,32400,53400,35040,0,GLF5,28.5,GOMEHoldings,16R,875,B8297
20170814,HHG161,ZBAA,ZBTJ,21000,22800,25260,27000,GLF5,28.5,GOMEHoldings,16R,906,B8297
20170813,CSC8356,ZGOW,ZBTJ,-12900,-1800,-4500,3840,A320,34.1,SichuanAirlines,16R,110,B8329
20170814,CCA1921,ZSWZ,ZBTJ,30600,39300,31200,38820,A320,34.1,AirChina,16R,202,B8337
20170814,CCA1922,ZBTJ,ZSWZ,43500,52200,43860,51120,A320,34.1,AirChina,16R,109,B8337
20170814,CBG8819,ZHYC,ZBTJ,55500,63000,56760,62760,A320,34.1,SPRAY,16R,112,B8388
20170814,CBG8820,ZBTJ,ZHYC,66600,74400,67320,73800,A320,34.1,SPRAY,16R,112,B8388
20170814,TBA9878,ZYCC,ZBTJ,67500,74100,71880,77400,A320,34.1,TIBET,16R,113,B8418
20170814,TBA9878,ZBTJ,ZUUU,80000,2100,80880,89460,A320,34.1,TIBET,16R,113,B8418
20170814,GCR6510,ZHHH,ZBTJ,36300,43200,37500,42660,A320,34.1,TianjinAirlines,16L,215,B8505
20170814,GCR6509,ZBTJ,ZHHH,47400,54600,47880,53700,A320,34.1,TianjinAirlines,16R,215,B8505
20170814,CES5189,ZSSS,ZBTJ,46200,54900,48240,55500,A321,34.1,ChinaEasternAirlines,16L,219,B8572
20170814,CES5190,ZBTJ,ZSSS,58500,65700,63300,68400,A321,34.1,ChinaEasternAirlines,16R,218,B8572
20170814,CSC8863,ZUCK,ZBTJ,49800,58800,51600,59700,A321,34.1,SichuanAirlines,16L,110,B8601
20170814,CSC8863,ZBTJ,ZYCC,61200,68400,64920,69840,A321,34.1,SichuanAirlines,16R,110,B8601
20170814,CSC8864,ZYCC,ZBTJ,71400,77700,73500,79320,A321,34.1,SichuanAirlines,16R,112,B8601
20170813,UEA2250,ZBLA,ZBTJ,-31500,-22800,-1440,5820,A320,34.1,ChengduAirlines,16R,110,B8610
20170814,UEA225Z,ZBTJ,ZUUU,42300,50700,45060,53460,A320,34.1,ChengduAirlines,16R,111,B8610
20170814,GCR7926,ZUCK,ZBTJ,34800,43500,40500,48720,A332,60.3,TianjinAirlines,16R,419,B8659
20170814,GCR7925,ZBTJ,ZUCK,77400,300,78480,86640,A332,60.3,TianjinAirlines,16R,212,B8659
20170814,LKE9647,ZSSH,ZBTJ,38700,43800,40320,44460,A320,34.1,LUCKYAIR,16L,411,B8732
20170814,LKE9648,ZBTJ,ZSSH,47400,52800,47640,51660,A320,34.1,LUCKYAIR,16R,411,B8732
20170814,GCR7855,ZBTJ,ZPPP,30300,43500,31260,41340,A332,60.3,TianjinAirlines,16R,414,B8776
20170814,GCR7856,ZPPP,ZBTJ,48300,60000,49680,60480,A332,60.3,TianjinAirlines,16L,417,B8776
20170814,GCR7887,ZBTJ,ZUUU,69000,79500,69540,78240,A332,60.3,TianjinAirlines,16R,415,B8776
20170814,TBA9877,ZUUU,ZBTJ,22800,31500,23520,31740,A320,34.1,TIBET,16R,110,B8843
20170814,TBA9877,ZBTJ,ZYCC,35100,41400,35640,40920,A320,34.1,TIBET,16R,110,B8843
20170814,CBG8853,ZGCD,ZBTJ,37500,45600,38340,45060,A320,34.1,SPRAY,16L,110,B8850
20170814,CBG8854,ZBTJ,ZGCD,49200,57000,49260,56280,A320,34.1,SPRAY,16R,110,B8850
20170814,UEA8875,ZBTJ,ZUUU,79800,4800,83340,91920,A320,34.1,ChengduAirlines,16R,111,B8875
20170814,CQH8509,ZSYN,ZBTJ,59100,65700,59880,64860,A320,34.1,ShanghaiSpringAirlines,16L,111,B8963
20170814,CQH8510,ZBTJ,ZSYN,71100,77400,70860,75300,A320,34.1,ShanghaiSpringAirlines,16R,111,B8963
20170814,CES5143,ZSSS,ZBTJ,40200,48600,40980,47100,A321,34.1,ChinaEasternAirlines,16R,219,B9900
20170814,CES5143,ZBTJ,ZYHB,54300,61800,55320,61440,A321,34.1,ChinaEasternAirlines,16R,219,B9900
20170814,CES5144,ZYHB,ZBTJ,65400,72600,66060,72780,A320,34.1,ChinaEasternAirlines,16L,218,B9900
20170814,CES5144,ZBTJ,ZSSS,77100,84600,77580,82740,A320,34.1,ChinaEasternAirlines,16R,218,B9900
20170814,CQH8813,ZSPD,ZBTJ,25500,34200,25980,32040,A320,34.1,ShanghaiSpringAirlines,16R,111,B9920
20170814,GCR7977,ZBTJ,RJBB,30900,39900,43320,0,A320,34.1,TianjinAirlines,16R,215,B9983
20170814,GCR782T,ZYTL,ZBTJ,32400,35400,34140,37020,A320,34.1,TianjinAirlines,16R,417,B9983
20170814,GCR7978,RJBB,ZBTJ,44400,55200,60000,69780,A320,34.1,TianjinAirlines,16L,414L,B9983
20170814,GCR7877,ZBTJ,ZLXN,60600,69900,73980,81480,A320,34.1,TianjinAirlines,16R,413,B9983
20170814,GCR7989,ZBTJ,RJTT,72600,83100,77760,0,A320,34.1,TianjinAirlines,16R,411,B9987
20170813,GCR7878,ZLXN,ZBTJ,-13800,-5100,420,7080,A320,34.1,TianjinAirlines,16R,205,B9987
20170814,GCR7857,ZBTJ,ZLXY,27000,34200,27060,32460,A320,34.1,TianjinAirlines,16R,416R,B9987
20170814,GCR7858,ZLXY,ZBTJ,62100,69000,67800,72600,A320,34.1,TianjinAirlines,16L,205,B9987
20170814,CRK362,VHHH,ZBTJ,75300,85800,75060,85320,A332,60.3,HongKongAirlines,16R,,BLNJ
20170814,CRK363,ZBTJ,VHHH,26700,37800,27180,0,A333,60.3,HongKongAirlines,16R,101,BLNL
20170813,CRK362,VHHH,ZBTJ,-11100,-600,-4140,5040,A332,60.3,HongKongAirlines,16R,105,BLNL
20170814,CRK3579,ZBTJ,VHHH,54600,65700,56820,0,A320,34.1,HongKongAirlines,16R,101,BLPN
20170814,CRK3578,VHHH,ZBTJ,40200,50700,40740,50940,A320,34.1,HongKongAirlines,16L,103,BLPN
20170814,AMU237,ZBTJ,VMMC,44100,55200,44340,0,A319,34.09,AirMacau,16R,101,BMAL
20170814,AMU238,VMMC,ZBTJ,29400,40500,30300,39840,A320,34.1,AirMacau,16L,103,BMAN
20170814,AAR327,RKSI,ZBTJ,26700,33000,27360,32220,A321,34.1,AsianaAirways,16R,103,HL8071
20170814,AAR328,ZBTJ,RKSI,36900,43200,38220,43320,A321,34.1,AsianaAirways,16R,101,HL8071
20170814,KAL806,ZBTJ,RKSI,40800,47400,43740,0,B772,60.9,KoreanAirLines,16R,101,HL8244
20170814,KAL805,RKSI,ZBTJ,29700,36600,32400,37500,B772,60.9,KoreanAirLines,16R,105,HL8244
20170814,KAL864,ZBTJ,RKSI,52800,59400,58200,0,B739,34.3,KoreanAirLines,16R,101,HL8245
20170814,KAL863,RKSI,ZBTJ,41700,48300,43800,48840,B739,34.3,KoreanAirLines,16R,103,HL8245
20170814,VGO865,VTSG,ZBTJ,23700,46500,44040,62040,B738,35.8,NewEraofThaiAirways,16R,103,HSNGE
20170814,VGO866,ZBTJ,VTSG,50100,68700,67500,85980,B738,35.8,NewEraofThaiAirways,16R,101,HSNGN
20170814,SJO1032,ZBTJ,RJAA,59700,70800,62160,0,B738,35.8,SpringJapan,16R,103,JA02GR
20170814,SJO1031,RJAA,ZBTJ,42600,56100,44700,56220,B738,35.8,SpringJapan,16L,103,JA02GR
20170814,JAL840,ZBTJ,RJGG,54400,62400,58800,0,B738,35.8,JapanAirlines,16R,102,JA303J
20170814,JAL841,RJGG,ZBTJ,35100,46200,40440,49980,B738,35.8,JapanAirlines,16R,104,JA303J
20170814,VJC532Y,ZBTJ,VVCR,3600,17100,9060,24060,A321,34.1,VietJet,16R,101,VNA66
20170814,SWM497,VDSV,ZBTJ,32100,59700,45720,62340,A320,34.1,Sky Angkor Airlines,16R,103,XU706
20170814,SWM498,ZBTJ,VDSV,65300,82200,66780,83400,A320,34.1,Sky Angkor Airlines,16R,102,XU706
