data,callsign,departure,arrivee,TTOT,TLDT,ATOT,ALDT,Type,Wingspan,Airline,QFU,Parking,registration
20190807,XAX318,WMKK,ZBTJ,57000,79800,61020,82020,A333,60.3,AirAsiaX,16L,105,9MXBB
20190807,TGW139,ZBTJ,WSSS,34800,57000,41520,0,B789,60.0,SCOOTER,16R,101,9VOJB
20190807,TGW138,WSSS,ZBTJ,5400,27000,6720,26580,B789,60.0,SCOOTER,16R,105,9VOJB
20190807,DKH1135,ZSPD,ZBTJ,27600,36600,28860,36600,A320,34.1,ShanghaiJuneyaoAirlines,16L,112,B1006
20190807,DKH1135,ZBTJ,ZYBS,40200,46800,40260,45540,A320,34.1,ShanghaiJuneyaoAirlines,16R,112,B1006
20190807,DKH1136,ZYBS,ZBTJ,49500,56400,49260,54600,A320,34.1,ShanghaiJuneyaoAirlines,16L,113,B1006
20190807,DKH1136,ZBTJ,ZSSS,60600,68400,61740,67440,A320,34.1,ShanghaiJuneyaoAirlines,16R,113,B1006
20190806,GCR7928,ZUCK,ZBTJ,-6900,-84300,12540,20340,A320,34.1,TianjinAirlines,16R,205,B1030
20190807,GCR7889,ZBTJ,ZSAM,34140,43500,39600,48300,E190,28.72,TianjinAirlines,16R,214,B1030
20190807,GCR7890,ZSAM,ZBTJ,48000,57900,53820,62940,E190,28.72,TianjinAirlines,16R,206,B1030
20190807,GCR7853,ZBTJ,ZSHC,65400,70800,67800,73860,E190,28.72,TianjinAirlines,16R,204,B1030
20190807,GCR7854,ZSHC,ZBTJ,75300,83100,77940,83700,E190,28.72,TianjinAirlines,16R,204,B1030
20190807,GCR7981,ZBTJ,RJGG,29100,39600,30300,0,A320,34.1,TianjinAirlines,16R,213,B1052
20190807,GCR7982,RJGG,ZBTJ,43200,53700,46080,55080,A320,34.1,TianjinAirlines,16L,417R,B1052
20190807,GCR7991,ZBTJ,RKPC,67200,74400,67440,74100,A320,34.1,TianjinAirlines,16R,215,B1052
20190807,GCR7992,RKPC,ZBTJ,78000,85800,78120,83820,A320,34.1,TianjinAirlines,16R,415R,B1052
20190807,LHA4015,ZSNT,ZBTJ,8700,15000,10020,15780,B733,28.3,LonghaoAirlines,16R,906,B1110
20190807,LHA4016,ZBTJ,ZSNT,18000,24600,19080,24840,B733,28.3,LonghaoAirlines,16R,906,B1110
20190807,CES2369,ZSPD,ZBTJ,37500,45900,38940,45780,A20N,35.8,ChinaEasternAirlines,16R,215,B1211
20190807,CES2369,ZBTJ,ZBCF,49400,55500,52440,55980,A20N,35.8,ChinaEasternAirlines,16R,215,B1211
20190807,CES2370,ZBCF,ZBTJ,59400,63900,59700,63060,A20N,35.8,ChinaEasternAirlines,16R,219,B1211
20190807,CES2370,ZBTJ,ZSPD,68400,76200,68640,74940,A20N,35.8,ChinaEasternAirlines,16R,219,B1211
20190807,CCA1396,ZGGG,ZBTJ,31500,42600,46560,55320,B738,35.8,AirChina,16L,201,B1219
20190807,CCA1401,ZBTJ,ZPPP,58400,70300,60540,71700,B738,35.8,AirChina,16R,108,B1219
20190807,CCA1402,ZPPP,ZBTJ,73200,84900,75900,86280,B738,35.8,AirChina,16R,,B1219
20190807,CSN316Y,ZBTJ,ZBAA,28800,32100,36360,33840,B789,60.0,ChinaSouthernAirlines,16R,220,B1243
20190807,OKA2819,ZBTJ,ZGKL,28800,39600,29820,38820,B738,35.8,OkayAirways,16R,222,B1267
20190807,OKA2820,ZGKL,ZBTJ,43200,53400,43380,52860,B738,35.8,OkayAirways,16L,223,B1267
20190807,OKA3083,ZBTJ,ZGKL,57300,68400,57120,66360,B739,34.3,OkayAirways,16R,224,B1267
20190807,OKA3084,ZGKL,ZBTJ,72300,83100,71700,80520,B739,34.3,OkayAirways,16L,224,B1267
20190807,CSN3789,ZGSD,ZBTJ,31200,42300,31680,41700,B738,35.8,ChinaSouthernAirlines,16L,220,B1299
20190807,CSN3790,ZBTJ,ZGSD,46800,59100,46740,57420,B738,35.8,ChinaSouthernAirlines,16R,220,B1299
20190806,CXA8193,ZGHA,ZBTJ,-6900,-85500,2100,8820,B738,35.8,XiamenAirlines,16R,225,B1300
20190807,CXA8126,ZBTJ,ZSAM,24900,34200,27900,36120,B738,35.8,XiamenAirlines,16R,225,B1300
20190807,CXA8145,ZSFZ,ZBTJ,27300,36600,28680,37740,B738,35.8,XiamenAirlines,16L,225,B1302
20190807,CXA8145,ZBTJ,ZBLA,40500,50400,50160,58380,B738,35.8,XiamenAirlines,16R,225,B1302
20190807,CXA8146,ZBLA,ZBTJ,53400,62100,62760,69900,B738,35.8,XiamenAirlines,16L,229,B1302
20190807,CXA8146,ZBTJ,ZSFZ,66240,75000,75420,83400,B738,35.8,XiamenAirlines,16R,229,B1302
20190807,OKA2851,ZBTJ,ZUUU,42300,53100,42300,51000,B739,34.3,OkayAirways,16R,224,B1337
20190807,OKA2852,ZUUU,ZBTJ,57300,66300,57600,65820,B739,34.3,OkayAirways,16L,226,B1337
20190807,OKA2788,ZBTJ,ZGGG,74700,86100,79080,88440,B739,34.3,OkayAirways,16R,224,B1337
20190807,FZA6741,ZBOW,ZBTJ,59700,65400,64980,69480,B738,35.8,STRAITAIR,16L,205,B1350
20190807,FZA6742,ZBTJ,ZBOW,69000,75300,73740,78480,B738,35.8,STRAITAIR,16R,416L,B1350
20190807,CSN3168,ZHHH,ZBTJ,57900,64500,57840,63180,B738,35.8,ChinaSouthernAirlines,16R,222,B1411
20190807,CSN3167,ZBTJ,ZHHH,68700,75600,72780,78780,B738,35.8,ChinaSouthernAirlines,16R,218,B1411
20190807,CCA1529,ZBTJ,ZSAM,26100,35700,29700,38880,B738,35.8,AirChina,16R,208,B1418
20190807,CCA1530,ZSAM,ZBTJ,40200,50700,49260,57360,B738,35.8,AirChina,16L,118,B1418
20190807,CCA1527,ZBTJ,ZSSS,59400,66900,64440,69720,B738,35.8,AirChina,16R,118,B1418
20190807,CCA1528,ZSSS,ZBTJ,70800,78900,74400,80340,B738,35.8,AirChina,16L,203,B1418
20190807,CUA2217,ZBTJ,ZSSS,24600,31800,26040,31860,B738,35.8,LIANHANG,16R,110,B1471
20190807,CUA2218,ZSSS,ZBTJ,70200,78000,72900,79440,B738,35.8,LIANHANG,16L,110,B1471
20190807,CDG4717,ZSQD,ZBTJ,25500,30000,26520,29400,B738,35.8,shandongAirlines,16L,108,B1511
20190807,CDG4717,ZBTJ,ZBHH,33600,39000,33780,37560,B738,35.8,shandongAirlines,16R,108,B1511
20190807,CDG4718,ZBHH,ZBTJ,42900,48000,43020,46920,B738,35.8,shandongAirlines,16L,108,B1511
20190807,CDG4718,ZBTJ,ZSQD,51600,55800,52620,56040,B738,35.8,shandongAirlines,16R,108,B1511
20190807,OKA3025,ZBTJ,RJBB,47700,61200,50760,0,B738,35.8,OkayAirways,16R,223,B1521
20190807,OKA2989,ZBTJ,RJTT,79500,7200,79260,0,B739,34.3,OkayAirways,16R,225,B1521
20190807,OKA2787,ZGGG,ZBTJ,24900,36600,24600,33540,B739,34.3,OkayAirways,16L,224,B1521
20190807,OKA3026,RJBB,ZBTJ,64800,73200,64500,73140,B738,35.8,OkayAirways,16L,226,B1521
20190807,CCA801,ZBTJ,RKSI,49200,55500,52860,0,B738,35.8,AirChina,16R,109,B1526
20190807,CCA1245,ZBTJ,ZLLL,24900,34200,25560,33120,B738,35.8,AirChina,16R,203,B1526
20190807,CCA1246,ZLLL,ZBTJ,37800,45600,37500,44220,B738,35.8,AirChina,16R,108,B1526
20190807,CCA802,RKSI,ZBTJ,60000,66300,61320,66120,B738,35.8,AirChina,16L,117,B1526
20190807,CCA1677,ZBTJ,ZYHB,69900,76800,70740,76800,B738,35.8,AirChina,16R,109,B1526
20190807,CCA1656,ZSPD,ZBTJ,32700,41700,33840,39720,B738,35.8,AirChina,16L,117,B1528
20190807,CCA1387,ZBTJ,ZGGG,53400,64800,53940,63720,B738,35.8,AirChina,16R,202,B1528
20190807,CCA1388,ZGGG,ZBTJ,69000,80700,70680,80220,B738,35.8,AirChina,16L,202,B1528
20190807,CJX8961,ZSCN,ZBTJ,27600,35400,28140,35340,B738,35.8,AIRCRANE,16L,115,B1557
20190807,CJX8962,ZBTJ,ZSCN,40500,46800,40380,47100,B738,35.8,AIRCRANE,16R,111,B1557
20190807,FZA6569,ZSLY,ZBTJ,39000,43800,39600,43080,B738,35.8,STRAITAIR,16L,204,B1559
20190807,FZA6570,ZBTJ,ZSLY,47400,51900,48960,52680,B738,35.8,STRAITAIR,16R,217,B1559
20190807,OKA2883,ZLXY,ZBTJ,25200,32100,25920,31140,B739,34.3,OkayAirways,16L,225,B1581
20190807,OKA2931,ZBTJ,ZGHA,37800,47100,39900,47700,B739,34.3,OkayAirways,16R,226,B1581
20190807,OKA2932,ZGHA,ZBTJ,72900,82200,73500,80880,B739,34.3,OkayAirways,16L,226,B1581
20190807,EVA729,ZBTJ,RCTP,49800,60300,54420,0,A321,34.1,EVAAir,16R,101,B16201
20190807,EVA730,RCTP,ZBTJ,33900,45300,37080,46380,A321,34.1,EVAAir,16R,103,B16201
20190807,CHB6237,ZUCK,ZBTJ,62100,70800,62760,70320,A20N,35.8,Westair,16L,214,B1629
20190807,CHB6238,ZBTJ,ZUCK,74400,84300,74880,83220,A20N,35.8,Westair,16R,210,B1629
20190807,CSC8810,ZUCK,ZBTJ,25500,34500,30120,38040,A321,34.1,SichuanAirlines,16L,112,B1677
20190807,CSC8127,ZBTJ,ZGDY,58200,67200,62520,69960,A321,34.1,SichuanAirlines,16R,110,B1677
20190807,CSC8128,ZGDY,ZBTJ,71100,79800,74280,81720,A321,34.1,SichuanAirlines,16L,110,B1677
20190807,CXA8027,ZUCK,ZBTJ,30000,38700,30840,38520,B738,35.8,XiamenAirlines,16L,226,B1708
20190807,CXA8027,ZBTJ,ZYHB,42600,50700,46020,51960,B738,35.8,XiamenAirlines,16R,226,B1708
20190807,JYH1055,ZGGG,ZBTJ,24600,35100,25800,35040,B738,35.8,TRANSJADE,16L,113,B1715
20190807,JYH1056,ZBTJ,ZGGG,39300,50700,40620,50340,B738,35.8,TRANSJADE,16R,110,B1715
20190806,OKA2966,ZLXN,ZBTJ,-5400,-84000,-2340,4980,B738,35.8,OkayAirways,16R,226,B1732
20190807,OKA2997,ZBTJ,ZSJH,29100,35700,37020,42960,B738,35.8,OkayAirways,16R,222,B1732
20190807,OKA2999,ZBTJ,ZGSZ,27900,40200,29400,39780,B739,34.3,OkayAirways,16R,224,B1739
20190807,OKA3000,ZGSZ,ZBTJ,62400,73800,63240,73020,B739,34.3,OkayAirways,16L,222,B1739
20190807,CCA1663,ZBTJ,ZSWH,29700,34800,32760,36900,B738,35.8,AirChina,16R,201,B1762
20190807,CCA1664,ZSWH,ZBTJ,38400,43500,40980,44400,B738,35.8,AirChina,16R,201,B1762
20190807,CCA1441,ZBTJ,ZBYN,46800,51300,48420,51420,B738,35.8,AirChina,16R,109,B1762
20190807,CCA1442,ZBYN,ZBTJ,75000,79800,74340,77280,B738,35.8,AirChina,16R,109,B1762
20190807,EPA6245,ZGCJ,ZBTJ,46800,56100,53460,61740,B738,35.8,DONGHAIAIR,16R,414L,B1770
20190807,EPA6246,ZBTJ,ZGCJ,59700,69600,65460,73800,B738,35.8,DONGHAIAIR,16R,417R,B1770
20190807,CHH7497,ZYTL,ZBTJ,30600,34500,31020,33840,B738,35.8,HainanAirlines,16L,414R,B1795
20190807,CHH7498,ZBTJ,ZYTL,38400,42000,38640,42120,B738,35.8,HainanAirlines,16R,204,B1795
20190807,GCR7993,ZBTJ,RKSI,29100,34200,31800,0,A320,34.1,TianjinAirlines,16R,204,B1850
20190807,GCR7994,RKSI,ZBTJ,38700,45300,40980,45660,A320,34.1,TianjinAirlines,16R,211,B1850
20190807,GCR7859,ZBTJ,ZLXY,49500,56400,51780,58020,A321,34.1,TianjinAirlines,16R,411,B1850
20190807,CXA8133,ZSAM,ZBTJ,42600,52800,55020,63420,B738,35.8,XiamenAirlines,16R,230,B1913
20190807,CXA8475,ZBTJ,ZUGY,62700,73200,67620,77280,B738,35.8,XiamenAirlines,16R,230,B1913
20190807,OKA3085,ZBTJ,ZSNB,24600,32400,27120,33900,B738,35.8,OkayAirways,16R,223,B1962
20190807,OKA3086,ZSNB,ZBTJ,75000,83400,75000,82200,B738,35.8,OkayAirways,16L,226,B1962
20190806,OKA2932,ZGHA,ZBTJ,-13500,-4200,-2700,4320,B739,34.3,OkayAirways,16R,225,B1963
20190807,OKA2965,ZBTJ,ZLXN,43200,52800,50880,58440,B738,35.8,OkayAirways,16R,226,B1963
20190807,OKA2904,ZGHA,ZBTJ,38700,47100,39180,45900,B738,35.8,OkayAirways,16R,226,B206E
20190807,OKA2903,ZBTJ,ZGHA,51000,59700,52380,60300,B738,35.8,OkayAirways,16R,222,B206E
20190807,CSH9147,ZSSS,ZBTJ,29700,37500,30660,36720,B738,35.8,ShanghaiAirlines,16L,219,B208Z
20190807,CSH9148,ZBTJ,ZSSS,40020,49200,49260,55260,B738,35.8,ShanghaiAirlines,16R,609,B208Z
20190807,CSH9131,ZSPD,ZBTJ,33300,41100,34440,41220,B738,35.8,ShanghaiAirlines,16L,219,B20A9
20190807,CSH9132,ZBTJ,ZSPD,45180,52200,47700,53940,B738,35.8,ShanghaiAirlines,16R,218,B20A9
20190807,CSC8861,ZUUU,ZBTJ,66000,75000,66720,74580,A319,34.09,SichuanAirlines,16L,112,B2298
20190807,CSC8862,ZBTJ,ZUUU,79200,4500,80880,89460,A319,34.09,SichuanAirlines,16R,112,B2298
20190807,CTJ3811,ZBTJ,ZSCN,5700,13200,17880,24720,B734,28.9,TianjinAirCargo,16R,876,B2501
20190807,CTJ3812,ZSCN,ZBTJ,16800,24600,28920,36180,B734,28.9,TianjinAirCargo,16L,897,B2501
20190807,CTJ3805,ZBTJ,ZGGG,3300,12900,8640,18120,B734,28.9,TianjinAirCargo,16R,876,B2576
20190807,CTJ3806,ZGGG,ZBTJ,16500,27300,22020,31260,B734,28.9,TianjinAirCargo,16L,897,B2576
20190806,CSH9069,ZSPD,ZBTJ,-5100,-83100,-3660,2400,B738,35.8,ShanghaiAirlines,16R,218,B2577
20190807,CSH9070,ZBTJ,ZSPD,28020,35100,28320,34800,B737,35.8,ShanghaiAirlines,16R,218,B2577
20190807,CTJ3809,ZBTJ,ZLXY,10200,17400,10560,16080,B733,28.3,TianjinAirCargo,16R,876,B2945
20190807,CTJ3810,ZLXY,ZBTJ,21000,27600,20280,25740,B733,28.3,TianjinAirCargo,16R,906,B2945
20190807,CYZ9101,ZBTJ,ZSNJ,1500,7800,6600,11340,B733,28.3,ChinaPost,16R,876,B2962
20190807,CYZ9102,ZSNJ,ZBTJ,22200,28500,21420,26340,B734,28.9,ChinaPost,16R,907,B2962
20190807,GCR7979,ZBTJ,RJBB,46800,56700,49560,0,A320,34.1,TianjinAirlines,16R,213,B300T
20190806,GCR7846,ZSSH,ZBTJ,-3300,-84600,1980,6240,A320,34.1,TianjinAirlines,16R,205,B300T
20190807,GCR7803,ZBTJ,ZYTL,31500,35100,33420,36300,A320,34.1,TianjinAirlines,16R,217,B300T
20190807,GCR7804,ZYTL,ZBTJ,38700,42600,39900,42660,A320,34.1,TianjinAirlines,16L,215,B300T
20190807,GCR7980,RJBB,ZBTJ,61200,72000,62340,70680,A320,34.1,TianjinAirlines,16L,211,B300T
20190807,GCR7865,ZBTJ,ZJHK,76800,3600,77700,89100,A320,34.1,TianjinAirlines,16R,213,B300T
20190806,GCR7872,ZJSY,ZBTJ,-15300,-1800,-5340,7440,A321,34.1,TianjinAirlines,16R,204,B302A
20190807,GCR7817,ZBTJ,ZSFY,33300,39600,37920,43080,A20N,35.8,TianjinAirlines,16R,211,B302A
20190807,GCR7818,ZSFY,ZBTJ,64200,69900,68700,73320,A20N,35.8,TianjinAirlines,16L,206,B302A
20190806,GCR7926,ZUCK,ZBTJ,-11100,-2100,-1800,5520,A20N,35.8,TianjinAirlines,16R,409,B302C
20190807,GCR7819,ZBTJ,ZGHA,27000,36300,26940,34140,A20N,35.8,TianjinAirlines,16R,216,B302C
20190807,GCR7820,ZGHA,ZBTJ,58200,66000,65220,72240,A20N,35.8,TianjinAirlines,16L,211,B302C
20190807,GCR7891,ZBTJ,ZSAM,69600,79200,76680,85200,A20N,35.8,TianjinAirlines,16R,409,B302C
20190807,GCR7977,ZBTJ,RJBB,30000,39900,31380,0,A333,60.3,TianjinAirlines,16R,417,B302D
20190806,GCR7888,ZUUU,ZBTJ,-5700,-83400,10320,18180,A332,60.3,TianjinAirlines,16R,419,B302D
20190807,GCR7978,RJBB,ZBTJ,44400,55200,49800,58320,A333,60.3,TianjinAirlines,16R,414,B302D
20190807,GCR7887,ZBTJ,ZUUU,66000,76500,69300,78000,A332,60.3,TianjinAirlines,16R,419,B302D
20190807,GCR7577,ZWWW,ZBTJ,33600,47400,35160,47520,A320,34.1,TianjinAirlines,16L,418R,B302X
20190807,GCR7577,ZBTJ,ZYCC,51000,57600,54720,60480,A320,34.1,TianjinAirlines,16R,418R,B302X
20190807,GCR7578,ZYCC,ZBTJ,61200,68400,64200,69000,A320,34.1,TianjinAirlines,16L,411,B302X
20190807,GCR7578,ZBTJ,ZWWW,73600,600,73440,86700,A320,34.1,TianjinAirlines,16R,411,B302X
20190807,CES5143,ZSSS,ZBTJ,40200,48600,41160,47000,A20N,35.8,ChinaEasternAirlines,16L,218,B303E
20190807,CES5143,ZBTJ,ZYHB,54300,62100,55380,62160,A20N,35.8,ChinaEasternAirlines,16R,218,B303E
20190807,CES5144,ZYHB,ZBTJ,65700,73200,65940,72480,A20N,35.8,ChinaEasternAirlines,16L,219,B303E
20190807,CES5144,ZBTJ,ZSSS,77100,84600,77940,83640,A20N,35.8,ChinaEasternAirlines,16R,219,B303E
20190807,HXA4903,ZBTJ,VYMD,83100,11100,84720,11940,A320,34.1,Chinaexpressair,16R,601,B303P
20190806,HXA4324,ZYQQ,ZBTJ,-7500,-85800,22200,28680,CRJ9,23.2,Chinaexpressair,16R,601,B303P
20190807,HXA4338,ZBTJ,ZUZY,24900,36000,34620,43020,A320,34.1,Chinaexpressair,16R,601,B303P
20190807,HXA4337,ZUZY,ZBTJ,69900,79800,70800,80100,A320,34.1,Chinaexpressair,16L,601,B303P
20190807,QDA6097,ZBTJ,VYMD,37500,54000,38820,0,A320,34.1,SKYLEGEND,16R,114,B303V
20190807,QDA6015,ZYCC,ZBTJ,25200,32100,25020,30540,A320,34.1,SKYLEGEND,16L,112,B303V
20190807,QDA6098,VYMD,ZBTJ,57600,72300,57300,70920,A320,34.1,SKYLEGEND,16L,110,B303V
20190807,QDA6016,ZBTJ,ZYCC,78300,84900,78240,83400,A320,34.1,SKYLEGEND,16R,111,B303V
20190807,CSC8045,ZPPP,ZBTJ,64500,75900,64500,74760,A321,34.1,SichuanAirlines,16L,113,B305U
20190807,CSC8046,ZBTJ,ZPPP,79500,6000,83700,93660,A321,34.1,SichuanAirlines,16R,113,B305U
20190807,HXA2911,ZBTJ,ZBZL,25800,33000,26700,33300,A320,34.1,Chinaexpressair,16R,601,B307T
20190807,HXA2912,ZBZL,ZBTJ,35700,43200,36480,44100,A320,34.1,Chinaexpressair,16R,608,B307T
20190807,HXA4363,ZBTJ,ZLXN,47100,55800,50040,57720,A320,34.1,Chinaexpressair,16R,601,B307T
20190807,CSN3301,ZGGG,ZBTJ,39600,50400,40260,48780,A21N,35.8,ChinaSouthernAirlines,16L,220,B308D
20190807,CSN3302,ZBTJ,ZGGG,54000,65700,58620,68340,A21N,35.8,ChinaSouthernAirlines,16R,217,B308D
20190807,GCR7826,ZYTL,ZBTJ,63600,67800,64140,66900,E190,28.72,TianjinAirlines,16L,409,B3100
20190807,GCR787Z,ZSDY,ZBTJ,44400,47700,47940,49800,E190,28.72,TianjinAirlines,16L,415L,B3108
20190807,GCR7837,ZBTJ,ZBDT,62100,66300,62280,65700,E190,28.72,TianjinAirlines,16R,409,B3108
20190807,GCR7838,ZBDT,ZBTJ,68700,72600,68820,72120,E190,28.72,TianjinAirlines,16L,419,B3108
20190806,GCR7920,ZYHB,ZBTJ,-12000,-3900,-1140,5760,E190,28.72,TianjinAirlines,16R,414R,B3119
20190807,GCR7815,ZBTJ,ZSQD,27900,31800,29100,32700,E190,28.72,TianjinAirlines,16R,414R,B3119
20190807,GCR7816,ZSQD,ZBTJ,56700,61500,57600,61020,E190,28.72,TianjinAirlines,16R,419R,B3119
20190807,GCR7867,ZBTJ,ZSYA,64200,70800,66300,71160,E190,28.72,TianjinAirlines,16R,419R,B3119
20190807,GCR7581,ZLXY,ZBTJ,49800,56400,51360,57600,E190,28.72,TianjinAirlines,16L,211,B3123
20190807,GCR7581,ZBTJ,ZBXH,59700,65400,60360,64500,E190,28.72,TianjinAirlines,16R,211,B3123
20190807,GCR7582,ZBXH,ZBTJ,68100,72600,67980,72000,E190,28.72,TianjinAirlines,16L,410,B3123
20190807,GCR7582,ZBTJ,ZLXY,76200,84000,76440,82560,E190,28.72,TianjinAirlines,16R,410,B3123
20190807,CSN3135,ZGGG,ZBTJ,57900,68100,61440,71340,E190,28.72,ChinaSouthernAirlines,16L,217,B3139
20190807,CSN3136,ZBTJ,ZGGG,72940,83700,75000,84720,E190,28.72,ChinaSouthernAirlines,16R,220,B3139
20190807,CBG8853,ZGCD,ZBTJ,70200,78600,71340,78720,E190,28.72,SPRAY,16R,111,B3157
20190807,GCR6491,ZHNY,ZBTJ,51000,57300,52500,57540,E190,28.72,TianjinAirlines,16L,412,B3163
20190807,GCR6492,ZBTJ,ZHNY,60900,67500,63060,68220,E190,28.72,TianjinAirlines,16R,212,B3163
20190806,CBG8853,ZGCD,ZBTJ,-12300,-3600,-2280,5220,E190,28.72,SPRAY,16R,112,B3166
20190807,CBG8963,ZBTJ,ZHLY,28500,35100,29520,34140,E190,28.72,SPRAY,16R,110,B3166
20190807,CBG8964,ZHLY,ZBTJ,59400,64800,62280,66960,E190,28.72,SPRAY,16L,110,B3166
20190807,CBG8854,ZBTJ,ZGCD,69000,77700,72600,79980,E190,28.72,SPRAY,16R,113,B3166
20190807,GCR7915,ZBTJ,ZBCF,29700,34800,30720,35700,E190,28.72,TianjinAirlines,16R,209,B3167
20190807,GCR7916,ZBCF,ZBTJ,56100,60600,60960,64140,E190,28.72,TianjinAirlines,16R,413,B3167
20190807,GCR7830,ZBHH,ZBTJ,59400,65100,67740,71700,E190,28.72,TianjinAirlines,16L,206,B3169
20190807,GCR7843,ZBTJ,ZHCC,32400,38100,37380,41940,E190,28.72,TianjinAirlines,16R,210,B3171
20190807,GCR7844,ZHCC,ZBTJ,64500,70500,67140,71520,E190,28.72,TianjinAirlines,16L,204,B3171
20190807,CBG8819,ZHYC,ZBTJ,37800,45300,37560,43980,E190,28.72,SPRAY,16R,110,B3173
20190807,CBG8820,ZBTJ,ZHYC,49200,57300,50640,57540,E190,28.72,SPRAY,16R,110,B3173
20190807,GCR7899,ZBTJ,ZLXY,29400,36600,30420,36660,A320,34.1,TianjinAirlines,16R,210,B3189
20190807,GCR7900,ZLXY,ZBTJ,41700,48300,42120,48180,A320,34.1,TianjinAirlines,16L,204,B3189
20190807,GCR7829,ZBTJ,ZBHH,51600,56700,51900,55980,E190,28.72,TianjinAirlines,16R,205,B3189
20190807,GCR7703,ZBTJ,ZGKL,30300,40500,34860,44100,E190,28.72,TianjinAirlines,16R,212,B3212
20190807,GCR7704,ZGKL,ZBTJ,43200,52800,50760,60300,E190,28.72,TianjinAirlines,16R,414L,B3212
20190807,CGZ7121,ZUWX,ZBTJ,57600,66300,59280,66420,E190,28.72,COLORFUL,16L,111,B3225
20190807,CGZ7122,ZBTJ,ZUWX,69900,78900,73260,81360,E190,28.72,COLORFUL,16R,111,B3225
20190806,GCR7854,ZSHC,ZBTJ,-11100,-3300,-1500,4680,E190,28.72,TianjinAirlines,16R,216,B3247
20190807,GCR7869,ZBTJ,ZSDY,36000,39300,36840,39000,E190,28.72,TianjinAirlines,16R,409,B3247
20190807,GCR7870,ZSDY,ZBTJ,65100,68100,65460,67200,E190,28.72,TianjinAirlines,16L,416R,B3247
20190806,GCR7902,ZLXY,ZBTJ,-3600,-83100,240,5880,E190,28.72,TianjinAirlines,16R,209,B3265
20190807,GCR7879,ZBTJ,ZLQY,30300,36600,31560,37140,E190,28.72,TianjinAirlines,16R,216,B3265
20190807,GCR7880,ZLQY,ZBTJ,51900,58200,51600,57120,E190,28.72,TianjinAirlines,16L,215,B3265
20190806,GCR7892,ZSAM,ZBTJ,-3600,-80400,5340,13320,A20N,35.8,TianjinAirlines,16R,207,B3345
20190807,GCR7825,ZBTJ,ZYTL,31800,36000,37140,40560,E190,28.72,TianjinAirlines,16R,205,B3345
20190806,HXA2848,ZYSQ,ZBTJ,-6300,-86100,2640,8280,CRJ9,23.2,Chinaexpressair,16R,601,B3382
20190807,HXA2923,ZBTJ,ZYBA,25800,33000,25800,31620,CRJ9,23.2,Chinaexpressair,16R,610,B3382
20190807,HXA2924,ZYBA,ZBTJ,35700,42900,36420,42540,CRJ9,23.2,Chinaexpressair,16L,601,B3382
20190807,HXA2905,ZBTJ,ZLTS,47100,55200,47460,54540,CRJ9,23.2,Chinaexpressair,16R,601,B3382
20190807,HXA2906,ZLTS,ZBTJ,57600,64500,57720,64440,CRJ9,23.2,Chinaexpressair,16R,601,B3382
20190807,HXA4323,ZBTJ,ZYQQ,69300,76500,70200,76380,A320,34.1,Chinaexpressair,16R,601,B3382
20190807,HXA4324,ZYQQ,ZBTJ,78900,86100,79320,86040,CRJ9,23.2,Chinaexpressair,16R,,B3382
20190807,JOY1595,ZBTJ,ZSYT,24900,30600,25140,29040,MA60,29.2,Joyair,16R,501,B3453
20190807,JOY1596,ZSYT,ZBTJ,36600,42300,37140,40800,MA60,29.2,Joyair,16L,501,B3453
20190807,JOY1601,ZBTJ,ZBSJ,29400,33300,30120,33120,MA60,29.2,Joyair,16R,501,B3723
20190807,JOY1602,ZBSJ,ZBTJ,69600,74100,69420,72540,MA60,29.2,Joyair,16L,501,B3723
20190807,CHH7202,ZGGG,ZBTJ,61800,73500,62820,72840,B738,35.8,HainanAirlines,16L,205,B5137
20190807,CHH7201,ZBTJ,ZGGG,77700,2400,80040,89460,B738,35.8,HainanAirlines,16R,206,B5137
20190807,CXA8222,ZLIC,ZBTJ,68400,75900,73620,79320,B738,35.8,XiamenAirlines,16L,225,B5151
20190807,CXA8176,ZBTJ,ZSHC,82000,86100,82800,88440,B738,35.8,XiamenAirlines,16R,225,B5151
20190807,CCA8126,ZGHZ,ZBTJ,-14700,1000,-7740,2100,B737,35.8,AirChina,16R,224,B5211
20190807,CCA8363,ZBTJ,ZUMT,27300,39600,28380,37440,B738,35.8,AirChina,16R,109,B5211
20190807,CCA8133,ZBTJ,ZSWY,25200,32700,28500,36300,B737,35.8,AirChina,16R,117,B5213
20190807,CCA8134,ZSWY,ZBTJ,35400,43500,39660,46560,B737,35.8,AirChina,16R,202,B5213
20190807,CCA8125,ZBTJ,ZGHZ,54000,66000,56460,65760,B737,35.8,AirChina,16R,201,B5213
20190807,CCA8126,ZGHZ,ZBTJ,69000,80700,69420,78840,B737,35.8,AirChina,16R,109,B5213
20190807,CCA8364,ZUMT,ZBTJ,66000,75900,65700,74100,B738,35.8,AirChina,16L,108,B5227
20190806,CCA8356,ZSWZ,ZBTJ,-11100,-2400,-3240,3780,B737,35.8,AirChina,16R,108,B5229
20190806,CXA8552,ZSSS,ZBTJ,-13800,-5400,-4380,1560,B738,35.8,XiamenAirlines,16R,225,B5306
20190807,CXA8365,ZBTJ,ZGSZ,27000,38700,28200,38160,B738,35.8,XiamenAirlines,16R,228,B5306
20190807,CXA8366,ZGSZ,ZBTJ,42300,54000,42540,52380,B738,35.8,XiamenAirlines,16L,226,B5306
20190807,CXA8379,ZBTJ,ZGSZ,57000,69900,57660,67740,B738,35.8,XiamenAirlines,16R,225,B5306
20190807,CXA8380,ZGSZ,ZBTJ,74100,85200,74700,84300,B738,35.8,XiamenAirlines,16R,227,B5306
20190807,CHH7725,ZBTJ,ZYHB,48000,55800,54060,0,B738,35.8,HainanAirlines,16R,205,B5375
20190807,CHH7725,ZGHA,ZBTJ,36000,44400,42420,49200,B738,35.8,HainanAirlines,16L,205,B5375
20190807,CHH7726,ZYHB,ZBTJ,59400,67500,76500,82800,B738,35.8,HainanAirlines,16L,205,B5375
20190807,CXA8210,ZLLL,ZBTJ,58500,66600,58800,65640,B738,35.8,XiamenAirlines,16L,225,B5382
20190807,CXA8210,ZBTJ,ZYTL,70200,74700,70620,73380,B738,35.8,XiamenAirlines,16R,225,B5382
20190807,CCA750,VTBS,ZBTJ,11100,27900,15000,30420,B738,35.8,AirChina,16L,109,B5442
20190807,CCA1671,ZBTJ,ZGSZ,42000,54000,44640,54780,B738,35.8,AirChina,16R,108,B5442
20190807,CCA1672,ZGSZ,ZBTJ,57600,68700,60780,70500,B738,35.8,AirChina,16L,203,B5442
20190807,CCA1655,ZBTJ,ZSPD,72900,80100,75840,81900,B738,35.8,AirChina,16R,107,B5442
20190807,CCA749,ZBTJ,VTBS,73800,6300,73920,0,B738,35.8,AirChina,16R,117,B5447
20190806,CCA1468,ZPPP,ZBTJ,-21300,-9300,-2160,7920,B738,35.8,AirChina,16R,215,B5447
20190807,CCA151,ZBTJ,ZYTL,32700,36600,36120,38700,B738,35.8,AirChina,16R,108,B5447
20190807,CCA152,ZYTL,ZBTJ,65100,69600,65340,68100,B738,35.8,AirChina,16L,201,B5447
20190806,CXA8476,ZUGY,ZBTJ,-9000,-85200,3900,12840,B738,35.8,XiamenAirlines,16R,225,B5488
20190807,CXA8183,ZBTJ,ZBYC,27600,33600,28800,33600,B737,35.8,XiamenAirlines,16R,230,B5488
20190807,CXA8184,ZBYC,ZBTJ,36600,42000,37440,42060,B737,35.8,XiamenAirlines,16L,228,B5488
20190807,CXA8134,ZBTJ,ZSAM,45600,55500,50520,59280,B737,35.8,XiamenAirlines,16R,227,B5488
20190807,CCA171,ZBTJ,RKSI,30600,38700,34500,0,B738,35.8,AirChina,16R,201,B5495
20190807,CCA172,RKSI,ZBTJ,42300,48600,43440,48060,B738,35.8,AirChina,16L,208,B5495
20190807,CCA1319,ZBTJ,ZGSZ,52500,64200,55200,65340,B738,35.8,AirChina,16R,107,B5495
20190807,CCA1320,ZGSZ,ZBTJ,69000,80100,69480,79620,B738,35.8,AirChina,16L,107,B5495
20190807,CCA8128,ZBHH,ZBTJ,33300,38100,33780,37440,B738,35.8,AirChina,16L,108,B5508
20190807,CCA8121,ZBTJ,ZWWW,48900,64200,49800,62940,B738,35.8,AirChina,16R,201,B5508
20190807,CCA8122,ZWWW,ZBTJ,67800,81300,69060,81540,B738,35.8,AirChina,16L,107,B5508
20190807,CCA1260,ZUGY,ZBTJ,37800,48000,38640,48000,B738,35.8,AirChina,16L,202,B5518
20190807,CCA1389,ZBTJ,ZJSY,53700,68700,54600,67320,B738,35.8,AirChina,16R,109,B5518
20190807,CCA1390,ZJSY,ZBTJ,72000,86100,73200,85920,B738,35.8,AirChina,16R,,B5518
20190806,CXA8240,ZLXY,ZBTJ,-6900,-600,-1380,3600,B738,35.8,XiamenAirlines,16R,227,B5528
20190807,CXA8221,ZBTJ,ZLIC,26700,33600,27240,32940,B738,35.8,XiamenAirlines,16R,229,B5528
20190807,OKA2963,ZBTJ,ZJSY,39300,52800,40080,52920,B738,35.8,OkayAirways,16R,225,B5571
20190807,OKA2964,ZJSY,ZBTJ,63300,77700,68940,82620,B738,35.8,OkayAirways,16L,224,B5571
20190807,CCA8130,ZLIC,ZBTJ,35700,42900,35760,41520,B738,35.8,AirChina,16L,203,B5572
20190807,CCA1467,ZBTJ,ZPPP,48000,61500,49140,59640,B738,35.8,AirChina,16R,108,B5572
20190807,CCA1468,ZPPP,ZBTJ,65100,77100,65400,75660,B738,35.8,AirChina,16R,109,B5572
20190807,OKA2751,ZBTJ,ZSHC,24600,31800,25380,31020,B738,35.8,OkayAirways,16R,223,B5575
20190807,OKA2752,ZSHC,ZBTJ,74100,81300,75180,81900,B738,35.8,OkayAirways,16L,225,B5575
20190807,OKA2998,ZSJH,ZBTJ,64500,71700,65460,71340,B738,35.8,OkayAirways,16L,222,B5578
20190807,OKA2884,ZBTJ,ZLXY,80100,1200,85560,91920,B738,35.8,OkayAirways,16R,222,B5578
20190807,CHH7791,ZHYC,ZBTJ,42000,49500,42000,47760,B738,35.8,HainanAirlines,16L,417R,B5580
20190807,CHH7792,ZBTJ,ZHYC,53100,61200,53400,59940,B738,35.8,HainanAirlines,16R,204,B5580
20190807,CCA1317,ZBTJ,ZGGG,27600,39000,28620,38400,B737,35.8,AirChina,16R,108,B5585
20190807,CCA1318,ZGGG,ZBTJ,42900,54600,44220,53280,B737,35.8,AirChina,16L,203,B5585
20190807,CCA1673,ZBTJ,ZSHC,57900,64500,60120,65700,B737,35.8,AirChina,16R,201,B5585
20190807,CCA1674,ZSHC,ZBTJ,69000,76800,72720,78420,B737,35.8,AirChina,16R,203,B5585
20190806,CCA1402,ZPPP,ZBTJ,-13200,-1500,-6180,4140,B738,35.8,AirChina,16R,118,B5621
20190807,CCA1619,ZBTJ,ZGSD,30600,43200,38280,49440,B738,35.8,AirChina,16R,117,B5621
20190807,CCA1620,ZGSD,ZBTJ,46800,57300,53820,65100,B738,35.8,AirChina,16L,201,B5621
20190807,CCA8139,ZBTJ,ZUUU,68100,79200,71820,81180,B738,35.8,AirChina,16R,201,B5621
20190807,CHH7675,ZSLY,ZBTJ,34800,39900,36840,41040,B738,35.8,HainanAirlines,16L,414R,B5661
20190807,CHH7676,ZBTJ,ZSLY,43500,48900,45420,49500,B738,35.8,HainanAirlines,16R,417R,B5661
20190807,CCA1533,ZBTJ,ZSSS,28800,35700,34320,40140,B737,35.8,AirChina,16R,118,B5681
20190807,CCA1534,ZSSS,ZBTJ,39300,47400,44640,50520,B737,35.8,AirChina,16L,117,B5681
20190807,CCA1481,ZBTJ,ZGKL,53400,63900,55500,64620,B738,35.8,AirChina,16R,202,B5681
20190807,CCA1482,ZGKL,ZBTJ,67500,77100,67980,76620,B738,35.8,AirChina,16R,107,B5681
20190806,CCA1670,ZGHA,ZBTJ,-12600,-3900,-360,6840,B738,35.8,AirChina,16R,118,B5696
20190807,CCA1679,ZBTJ,ZUCK,29700,39600,30000,38580,B738,35.8,AirChina,16R,203,B5696
20190807,CCA1680,ZUCK,ZBTJ,43500,52500,43860,51300,B738,35.8,AirChina,16L,203,B5696
20190807,CCA8357,ZBTJ,ZLXN,50700,60000,56040,64200,B738,35.8,AirChina,16R,108,B5696
20190807,CCA8358,ZLXN,ZBTJ,63000,71100,67440,74400,B738,35.8,AirChina,16L,109,B5696
20190807,CSH9063,ZSSS,ZBTJ,49800,57900,50880,57360,B737,35.8,ShanghaiAirlines,16L,219,B5722
20190807,CSH9064,ZBTJ,ZSSS,62100,69300,64080,69600,B737,35.8,ShanghaiAirlines,16R,218,B5722
20190807,LKE9631,ZUMY,ZBTJ,34500,43800,34980,43380,B738,35.8,LUCKYAIR,16R,211,B5732
20190807,LKE9683,ZBTJ,ZLLL,46200,56700,47820,55140,B738,35.8,LUCKYAIR,16R,204,B5732
20190807,LKE9684,ZLLL,ZBTJ,64200,72900,64680,73000,B738,35.8,LUCKYAIR,16L,418R,B5732
20190807,LKE9632,ZBTJ,ZUMY,77100,300,77160,84720,B738,35.8,LUCKYAIR,16R,412,B5732
20190807,CCA1371,ZBTJ,ZGSZ,28200,39300,32940,43440,B737,35.8,AirChina,16R,117,B5793
20190807,CCA1372,ZGSZ,ZBTJ,42900,54900,49320,59100,B737,35.8,AirChina,16R,201,B5793
20190807,CCA1251,ZBTJ,ZLXY,63300,70500,67200,73080,B738,35.8,AirChina,16R,117,B5793
20190807,CCA1252,ZLXY,ZBTJ,74400,81000,76860,82320,B738,35.8,AirChina,16L,108,B5793
20190807,CHH7797,ZSCN,ZBTJ,50100,58800,52020,58800,B738,35.8,HainanAirlines,16R,215,B5798
20190807,CHH7798,ZBTJ,ZSCN,63600,71100,65100,71640,B738,35.8,HainanAirlines,16R,413,B5798
20190807,RLH5305,ZLLL,ZBTJ,60600,67800,61620,68520,B737,35.8,SENDI,16L,112,B5812
20190807,RLH5306,ZBTJ,ZLLL,72000,80400,73080,80460,B737,35.8,SENDI,16R,110,B5812
20190807,OKA2992,ZGHA,ZBTJ,50700,59100,59160,66000,B738,35.8,OkayAirways,16L,224,B5843
20190807,OKA2991,ZBTJ,ZGHA,62700,71100,69900,77460,B738,35.8,OkayAirways,16R,223,B5843
20190806,CCA8132,ZGSD,ZBTJ,-16500,-5700,-8640,1140,B738,35.8,AirChina,16R,108,B5849
20190807,CCA1417,ZBTJ,ZUGY,33000,44700,35580,46620,B738,35.8,AirChina,16R,109,B5849
20190807,CCA1418,ZUGY,ZBTJ,47700,57900,51780,61140,B738,35.8,AirChina,16R,117,B5849
20190807,CCA1259,ZBTJ,ZUGY,63500,72600,65760,75720,B738,35.8,AirChina,16R,107,B5849
20190806,HXA2842,ZBOW,ZBTJ,-3600,-84300,-1200,4500,CRJ9,23.2,Chinaexpressair,16R,601,B601Z
20190807,HXA2841,ZBTJ,ZBOW,24300,31200,24300,28800,CRJ9,23.2,Chinaexpressair,16R,606,B601Z
20190807,CSH9115,ZSSS,ZBTJ,36600,44100,37200,43800,B738,35.8,ShanghaiAirlines,16R,219,B6107
20190807,CSH9116,ZBTJ,ZSSS,45800,55800,51420,57240,B738,35.8,ShanghaiAirlines,16R,219,B6107
20190806,CES5753,ZPBS,ZBTJ,-10800,-84600,-6180,5340,B737,35.8,ChinaEasternAirlines,16R,218,B6142
20190807,CES5754,ZBTJ,ZPBS,30600,43800,34080,46440,B737,35.8,ChinaEasternAirlines,16R,219,B6142
20190807,CES5439,ZSSS,ZBTJ,57600,66000,69780,76020,B738,35.8,ChinaEasternAirlines,16R,218,B6145
20190807,CES5440,ZBTJ,ZSSS,71400,78900,79860,85500,B738,35.8,ChinaEasternAirlines,16R,218,B6145
20190807,CES5787,ZULZ,ZBTJ,34200,43200,34380,44580,B738,35.8,ChinaEasternAirlines,16R,216,B6148
20190807,CES5788,ZBTJ,ZULZ,47600,57600,48720,57720,B738,35.8,ChinaEasternAirlines,16R,216,B6148
20190807,CBJ5739,ZPLJ,ZBTJ,23700,35100,23880,34860,A320,34.1,BeijingCapitalAirlines,16L,208,B6178
20190807,CBJ5740,ZBTJ,ZPLJ,38700,51600,41340,51900,A320,34.1,BeijingCapitalAirlines,16R,411,B6178
20190807,CCA136T,ZBTJ,ZBAA,55800,57600,55620,57120,A319,34.09,AirChina,16R,118,B6237
20190807,CSN3979,ZGHA,ZBTJ,69900,78000,72540,79740,A320,34.1,ChinaSouthernAirlines,16L,217,B6251
20190807,CSN3980,ZBTJ,ZGHA,81900,4200,85080,92100,A320,34.1,ChinaSouthernAirlines,16R,217,B6251
20190807,CSN3693,ZGHA,ZBTJ,48000,56700,55620,62760,A321,34.1,ChinaSouthernAirlines,16R,221,B6252
20190807,CSN3694,ZBTJ,ZGHA,60300,69600,69000,75960,A321,34.1,ChinaSouthernAirlines,16R,218,B6252
20190807,CQH8914,RKPC,ZBTJ,37200,45600,37500,43680,A320,34.1,ShanghaiSpringAirlines,16R,112,B6309
20190807,CQH8989,ZBTJ,ZSYA,50700,57000,54840,60420,A320,34.1,ShanghaiSpringAirlines,16R,112,B6309
20190807,CQH8990,ZSYA,ZBTJ,60300,66900,61560,66660,A320,34.1,ShanghaiSpringAirlines,16L,110,B6310
20190807,CQH8913,ZBTJ,RKPC,70200,77400,71520,77460,A320,34.1,ShanghaiSpringAirlines,16R,110,B6310
20190807,CCA4187,ZUUU,ZBTJ,26700,35700,27180,35640,A321,34.1,AirChina,16L,202,B6386
20190807,CCA4188,ZBTJ,ZUUU,39300,49500,40740,49620,A321,34.1,AirChina,16R,202,B6386
20190807,TBA9907,ZUCK,ZBTJ,49800,59400,53760,62220,A319,34.09,TIBET,16R,112,B6481
20190807,TBA9908,ZBTJ,ZUCK,66000,76500,70500,79140,A319,34.09,TIBET,16R,111,B6481
20190806,CXA8380,ZGSZ,ZBTJ,-12300,-1200,-3600,6360,B738,35.8,XiamenAirlines,16R,225,B6482
20190807,CXA8313,ZBTJ,ZGGG,29400,40800,32100,41700,B738,35.8,XiamenAirlines,16R,225,B6482
20190807,CXA8314,ZGGG,ZBTJ,45300,56700,50580,59340,B738,35.8,XiamenAirlines,16R,226,B6482
20190807,CXA8551,ZBTJ,ZSSS,60900,68400,63180,68760,B738,35.8,XiamenAirlines,16R,229,B6482
20190807,CXA8552,ZSSS,ZBTJ,72600,81000,73500,79860,B738,35.8,XiamenAirlines,16L,229,B6482
20190807,CXA8164,ZBTJ,ZSAM,77400,1200,83760,91800,B738,35.8,XiamenAirlines,16R,227,B6482
20190807,CCA103,ZBTJ,VHHH,30000,42600,33540,44220,B738,35.8,AirChina,16R,202,B6499
20190807,CCA104,VHHH,ZBTJ,46200,58500,50220,59760,B738,35.8,AirChina,16R,107,B6499
20190807,CCA1395,ZBTJ,ZGGG,64200,75900,64680,75060,B738,35.8,AirChina,16R,201,B6499
20190807,CSZ8749,ZSOF,ZBTJ,50400,57600,60000,65100,A320,34.1,ShenzhenAirlines,16L,203,B6565
20190807,CSZ8750,ZBTJ,ZSOF,61200,67800,69120,73680,A320,34.1,ShenzhenAirlines,16R,109,B6565
20190807,CSN6653,ZYCC,ZBTJ,27900,35100,28560,34020,A320,34.1,ChinaSouthernAirlines,16L,218,B6583
20190807,CSN6653,ZBTJ,ZGNN,38700,51300,39240,50040,A320,34.1,ChinaSouthernAirlines,16R,218,B6583
20190807,CSN6654,ZGNN,ZBTJ,54900,66600,55740,66840,A320,34.1,ChinaSouthernAirlines,16L,220,B6583
20190807,CSN6654,ZBTJ,ZYCC,70200,76800,71040,76200,A320,34.1,ChinaSouthernAirlines,16R,220,B6583
20190807,CCA8225,ZHHH,ZBTJ,29400,36300,31080,36420,A320,34.1,AirChina,16L,214,B6606
20190807,CCA8225,ZBTJ,ZYDQ,39900,47100,40920,47160,A320,34.1,AirChina,16R,214,B6606
20190807,CCA8226,ZYDQ,ZBTJ,49800,57000,50400,56940,A320,34.1,AirChina,16L,118,B6606
20190807,CCA8226,ZBTJ,ZHHH,60600,67800,62160,67860,A320,34.1,AirChina,16R,118,B6606
20190807,CSN3133,ZGGG,ZBTJ,31200,41400,31620,40620,A320,34.1,ChinaSouthernAirlines,16L,217,B6628
20190807,CSN3134,ZBTJ,ZGGG,45000,56400,45780,55320,A320,34.1,ChinaSouthernAirlines,16R,217,B6628
20190807,CQH8509,ZSYN,ZBTJ,59100,65700,60000,67200,A320,34.1,ShanghaiSpringAirlines,16L,112,B6667
20190807,CQH8510,ZBTJ,ZSYN,71800,77400,71940,76200,A320,34.1,ShanghaiSpringAirlines,16R,111,B6667
20190807,CSC875Z,ZBTJ,ZBAA,45000,46800,49380,51120,A320,34.1,SichuanAirlines,16R,110,B6697
20190807,CCA1771,ZSHC,ZBTJ,55200,63000,56160,62040,A319,34.09,AirChina,16R,109,B6733
20190807,CCA1772,ZBTJ,ZSHC,66600,73800,67320,73080,A319,34.09,AirChina,16R,107,B6733
20190806,CSC8356,ZGOW,ZBTJ,-12000,-2700,-4140,4800,A321,34.1,SichuanAirlines,16R,110,B6810
20190807,CSC8357,ZBTJ,ZJHK,22800,35100,22680,33900,A321,34.1,SichuanAirlines,16R,110,B6810
20190807,CSC8358,ZJHK,ZBTJ,38700,52200,39480,51180,A321,34.1,SichuanAirlines,16L,110,B6810
20190807,CSC8809,ZBTJ,ZUCK,55800,65400,56220,64440,A321,34.1,SichuanAirlines,16R,110,B6810
20190807,CXA8331,ZBTJ,ZHHH,26700,34500,27420,33600,B738,35.8,XiamenAirlines,16R,230,B6818
20190807,CXA8332,ZHHH,ZBTJ,59700,67200,59280,64860,B738,35.8,XiamenAirlines,16L,225,B6818
20190807,CXA8194,ZBTJ,ZGHA,73800,83400,74400,81420,B738,35.8,XiamenAirlines,16R,230,B6818
20190807,GCR6511,ZHHH,ZBTJ,46200,53700,48720,54780,A320,34.1,TianjinAirlines,16L,205,B6837
20190807,GCR6512,ZBTJ,ZHHH,58800,65700,61680,67200,A320,34.1,TianjinAirlines,16R,204,B6837
20190807,CSC8349,ZBTJ,ZGNN,24000,36300,24000,33900,A321,34.1,SichuanAirlines,16R,111,B6839
20190807,CSC8350,ZGNN,ZBTJ,42600,54900,44160,55260,A321,34.1,SichuanAirlines,16L,111,B6839
20190807,CSC8355,ZBTJ,ZGOW,61800,71700,63660,72840,A321,34.1,SichuanAirlines,16R,111,B6839
20190807,CSC8356,ZGOW,ZBTJ,74400,83700,76380,84960,A321,34.1,SichuanAirlines,16R,110,B6839
20190806,GCR7840,ZWWW,ZBTJ,-18000,-4500,-10800,1740,A320,34.1,TianjinAirlines,16R,204,B6865
20190807,GCR7839,ZBTJ,ZWWW,26100,41400,26400,39840,A320,34.1,TianjinAirlines,16R,208,B6865
20190807,CXA8209,ZYTL,ZBTJ,35400,39000,36060,38820,B738,35.8,XiamenAirlines,16L,225,B6889
20190807,CXA8209,ZBTJ,ZLLL,45000,54000,44940,52440,B738,35.8,XiamenAirlines,16R,225,B6889
20190807,CSN6579,ZYTL,ZBTJ,26700,30600,28440,31260,A320,34.1,ChinaSouthernAirlines,16L,221,B6896
20190807,CSN6579,ZBTJ,ZUCK,34200,44100,37740,45540,A320,34.1,ChinaSouthernAirlines,16R,221,B6896
20190807,CSN6580,ZUCK,ZBTJ,47700,56700,51000,58680,A320,34.1,ChinaSouthernAirlines,16R,220,B6896
20190807,CSN6580,ZBTJ,ZYTL,60300,64200,62880,65400,A320,34.1,ChinaSouthernAirlines,16R,220,B6896
20190806,GCR7886,ZGSZ,ZBTJ,-5700,-81600,9840,19920,A332,60.3,TianjinAirlines,16R,418,B6903
20190807,GCR7929,ZBTJ,ZLXY,26400,33900,27960,33900,E190,28.72,TianjinAirlines,16R,214,B6903
20190807,GCR7930,ZLXY,ZBTJ,62100,68700,62760,67980,E190,28.72,TianjinAirlines,16L,417R,B6903
20190807,CSC8567,ZYHB,ZBTJ,27300,34800,27780,34320,A321,34.1,SichuanAirlines,16L,111,B6920
20190807,CSC8567,ZBTJ,ZLLL,38400,47100,39480,46260,A321,34.1,SichuanAirlines,16R,111,B6920
20190807,CSC8568,ZLLL,ZBTJ,51000,58500,50940,57960,A321,34.1,SichuanAirlines,16R,110,B6920
20190807,CSC8568,ZBTJ,ZYHB,62340,69300,62460,68160,A321,34.1,SichuanAirlines,16R,110,B6920
20190807,CSS6971,ZSHC,ZBTJ,6600,14400,15480,21120,B752,38.05,SHUNFENG,16R,897,B7082
20190807,CSS6972,ZBTJ,ZSHC,85500,6300,86280,92100,B752,38.05,SHUNFENG,16R,876,B7082
20190807,CDG2261,ZYHB,ZBTJ,24900,32400,24780,31560,B738,35.8,shandongAirlines,16L,203,B7085
20190807,CDG4693,ZBTJ,ZGSD,40200,52800,44040,55020,B738,35.8,shandongAirlines,16R,117,B7085
20190807,CDG4694,ZGSD,ZBTJ,56100,66900,59220,69180,B738,35.8,shandongAirlines,16L,108,B7085
20190807,CDG2262,ZBTJ,ZYHB,75000,80700,73620,79500,B738,35.8,shandongAirlines,16R,201,B7085
20190807,RLH6543,ZHES,ZBTJ,34800,42300,34200,40920,B737,35.8,SENDI,16L,112,B7088
20190807,RLH6544,ZBTJ,ZHES,46380,54300,47280,55020,B737,35.8,SENDI,16R,112,B7088
20190807,FZA6587,ZLXY,ZBTJ,21900,28200,22200,27420,B738,35.8,STRAITAIR,16R,409,B7105
20190807,FZA6602,ZBTJ,ZSZS,32400,40200,35280,41400,B738,35.8,STRAITAIR,16R,206,B7105
20190807,FZA6601,ZSZS,ZBTJ,69600,77400,72360,78540,B738,35.8,STRAITAIR,16R,409,B7113
20190807,FZA6588,ZBTJ,ZLXY,81000,2100,84120,90240,B738,35.8,STRAITAIR,16R,213,B7113
20190807,CXA8125,ZSAM,ZBTJ,25800,36300,26460,35160,B738,35.8,XiamenAirlines,16L,227,B7179
20190807,CXA8287,ZBTJ,ZSFZ,40200,49500,48240,57720,B738,35.8,XiamenAirlines,16R,227,B7179
20190807,CCA8362,ZGSZ,ZBTJ,31500,42000,42960,52680,B738,35.8,AirChina,16L,201,B7182
20190807,CCA8361,ZBTJ,ZGSZ,63900,75900,70920,81120,B738,35.8,AirChina,16R,202,B7182
20190807,CUA2216,ZSPD,ZBTJ,46500,54600,47340,54600,B738,35.8,LIANHANG,16L,113,B7372
20190807,CUA2215,ZBTJ,ZSPD,60000,66000,61440,67380,B738,35.8,LIANHANG,16R,111,B7372
20190807,OKA2897,ZBTJ,ZPPP,34800,48000,36000,46860,B738,35.8,OkayAirways,16R,226,B7373
20190807,OKA2898,ZPPP,ZBTJ,66000,77700,66660,77160,B738,35.8,OkayAirways,16R,226,B7373
20190806,CXA8144,ZSQZ,ZBTJ,-20400,-10500,-6780,1380,B738,35.8,XiamenAirlines,16R,230,B7559
20190807,CXA8355,ZBTJ,ZSFZ,24300,33900,24540,33240,B738,35.8,XiamenAirlines,16R,226,B7559
20190807,CXA8356,ZSFZ,ZBTJ,63900,73500,72900,81420,B738,35.8,XiamenAirlines,16L,229,B7559
20190807,CES5747,ZPPP,ZBTJ,34500,46500,36120,47000,B738,35.8,ChinaEasternAirlines,16L,219,B7590
20190807,CES5748,ZBTJ,ZPPP,50700,63300,51300,62340,B738,35.8,ChinaEasternAirlines,16R,218,B7590
20190807,CCA1633,ZBTJ,ZHSY,32400,40200,38100,44520,B738,35.8,AirChina,16R,118,B7595
20190807,CCA1634,ZHSY,ZBTJ,72300,79200,73260,79140,B738,35.8,AirChina,16R,117,B7595
20190807,CXA8175,ZSHC,ZBTJ,53400,61800,54600,60780,B738,35.8,XiamenAirlines,16R,226,B7823
20190807,CXA8239,ZBTJ,ZLXY,66600,74100,71640,77940,B738,35.8,XiamenAirlines,16R,230,B7823
20190807,CXA8028,ZYHB,ZBTJ,54900,62700,56040,62280,B738,35.8,XiamenAirlines,16R,226,B7826
20190807,CXA8028,ZBTJ,ZUCK,68100,78000,72060,80520,B738,35.8,XiamenAirlines,16R,226,B7826
20190806,CCA1388,ZGGG,ZBTJ,-17400,-5700,-8940,180,B738,35.8,AirChina,16R,118,B7890
20190807,CCA1427,ZBTJ,ZUUU,27000,38400,27780,36660,B738,35.8,AirChina,16R,118,B7890
20190807,CCA1428,ZUUU,ZBTJ,43500,51900,45060,52800,B738,35.8,AirChina,16L,117,B7890
20190807,CCA1523,ZBTJ,ZSSS,54300,61500,57780,63480,B738,35.8,AirChina,16R,108,B7890
20190807,CCA1524,ZSSS,ZBTJ,65100,73500,67920,73800,B738,35.8,AirChina,16L,118,B7890
20190807,CCA9697,ZBTJ,ZLXN,28500,37500,29220,37140,B738,35.8,AirChina,16R,118,B7893
20190807,CCA9698,ZLXN,ZBTJ,45300,53400,46140,54600,B738,35.8,AirChina,16L,117,B7893
20190807,CCA8127,ZBTJ,ZBHH,71100,77700,72540,76320,B738,35.8,AirChina,16R,117,B7893
20190807,CCA735,ZBTJ,RJBB,44100,53700,48120,0,B738,35.8,AirChina,16R,118,B7896
20190807,CCA1678,ZYHB,ZBTJ,28500,36900,29160,36000,B738,35.8,AirChina,16L,203,B7896
20190807,CCA736,RJBB,ZBTJ,57300,68400,60540,68820,B738,35.8,AirChina,16L,117,B7896
20190807,CCA8129,ZBTJ,ZLIC,72900,80700,74040,80520,B738,35.8,AirChina,16R,108,B7896
20190807,CSN6893,ZWWW,ZBTJ,66900,80700,68700,81120,B738,35.8,ChinaSouthernAirlines,16L,218,B7969
20190807,CSN6894,ZBTJ,ZWWW,31500,46200,31440,45000,B738,35.8,ChinaSouthernAirlines,16R,220,B7970
20190807,CDG8053,ZSAM,ZBTJ,27300,38400,28200,37560,B738,35.8,shandongAirlines,16L,202,B7976
20190807,CDG8053,ZBTJ,ZBLA,42000,51300,58600,63340,B738,35.8,shandongAirlines,16R,202,B7976
20190807,CDG8054,ZBLA,ZBTJ,67200,76500,67380,74400,B738,35.8,shandongAirlines,16L,107,B7976
20190807,CDG8054,ZBTJ,ZSAM,80400,4500,80340,89400,B738,35.8,shandongAirlines,16R,107,B7976
20190807,GCR7971,ZBTJ,RJCC,30000,43200,32280,0,A320,34.1,TianjinAirlines,16R,416R,B8062
20190806,GCR7866,ZJHK,ZBTJ,-14400,-2400,-3660,8160,A320,34.1,TianjinAirlines,16R,419R,B8062
20190807,GCR7972,RJCC,ZBTJ,47400,61800,53100,64980,A320,34.1,TianjinAirlines,16L,416L,B8062
20190807,GCR7805,ZBTJ,ZSNB,70200,77400,71220,77820,A320,34.1,TianjinAirlines,16R,419,B8062
20190807,GCR7583,ZLXY,ZBTJ,23100,29400,23820,28800,A320,34.1,TianjinAirlines,16R,419,B8075
20190807,GCR7583,ZBTJ,ZYHB,34500,41700,35160,41040,A320,34.1,TianjinAirlines,16R,419,B8075
20190807,GCR7584,ZYHB,ZBTJ,44700,52200,45600,51780,A320,34.1,TianjinAirlines,16L,416L,B8075
20190807,GCR7584,ZBTJ,ZLXY,56400,63300,56940,62760,A320,34.1,TianjinAirlines,16R,416L,B8075
20190807,CCA1931,ZSWZ,ZBTJ,37200,45300,38880,46140,A320,34.1,AirChina,16R,201,B8337
20190807,CCA1932,ZBTJ,ZSWZ,47400,57000,53640,60780,A320,34.1,AirChina,16R,201,B8337
20190807,GCR7881,ZBTJ,ZSPD,28500,36600,29940,36360,A320,34.1,TianjinAirlines,16R,211,B8381
20190807,GCR7882,ZSPD,ZBTJ,41100,49200,43200,49020,A320,34.1,TianjinAirlines,16L,416R,B8381
20190807,GCR7925,ZBTJ,ZUCK,61500,70800,63480,71700,A20N,35.8,TianjinAirlines,16R,411,B8381
20190807,GCR7926,ZUCK,ZBTJ,75300,84300,75780,83220,A20N,35.8,TianjinAirlines,16R,206,B8381
20190807,CCA8356,ZSWZ,ZBTJ,54300,63000,54000,60900,B737,35.8,AirChina,16R,201,B8493
20190807,CCA8355,ZBTJ,ZSWZ,68700,77400,70080,76980,B738,35.8,AirChina,16R,108,B8493
20190807,GCR7840,ZWWW,ZBTJ,68400,81900,70620,83040,A320,34.1,TianjinAirlines,16R,414L,B8505
20190807,GCR7906,ZUCK,ZBTJ,26700,36000,27720,35460,A332,60.3,TianjinAirlines,16L,416,B8596
20190807,GCR7895,ZBTJ,ZGGG,40500,51300,42120,51960,A332,60.3,TianjinAirlines,16R,212,B8596
20190807,GCR7896,ZGGG,ZBTJ,56100,66900,60540,69660,A332,60.3,TianjinAirlines,16L,212,B8596
20190807,GCR7905,ZBTJ,ZUCK,72300,81600,75600,83820,A332,60.3,TianjinAirlines,16R,415,B8596
20190807,GCR7863,ZBTJ,ZHHH,27300,34200,28980,35100,A20N,35.8,TianjinAirlines,16R,417,B8597
20190807,GCR7864,ZHHH,ZBTJ,37800,44700,38940,44700,A20N,35.8,TianjinAirlines,16R,212,B8597
20190807,GCR7871,ZBTJ,ZJSY,52800,66900,53100,66960,A321,34.1,TianjinAirlines,16R,418R,B8597
20190807,GCR7872,ZJSY,ZBTJ,71100,84600,72120,85560,A321,34.1,TianjinAirlines,16R,419R,B8597
20190807,UEA2775,ZUUU,ZBTJ,29700,39000,30540,38700,A320,34.1,ChengduAirlines,16L,110,B8607
20190807,UEA2775,ZBTJ,ZBUL,42900,50400,43080,49020,A320,34.1,ChengduAirlines,16R,110,B8607
20190807,UEA2776,ZBUL,ZBTJ,56700,63600,61500,66300,A320,34.1,ChengduAirlines,16L,114,B8607
20190807,UEA2776,ZBTJ,ZUUU,69900,78300,72240,81540,A320,34.1,ChengduAirlines,16R,114,B8607
20190806,GCR7862,ZPPP,ZBTJ,-5400,-80400,10320,21240,A320,34.1,TianjinAirlines,16R,419R,B8659
20190807,GCR7855,ZBTJ,ZPPP,30300,43200,30960,41400,A332,60.3,TianjinAirlines,16R,418,B8659
20190807,GCR7856,ZPPP,ZBTJ,47700,59100,48600,60060,A332,60.3,TianjinAirlines,16R,415,B8659
20190807,GCR7885,ZBTJ,ZGSZ,63600,75300,68220,78420,A332,60.3,TianjinAirlines,16R,418,B8659
20190807,CSZ9121,ZGSZ,ZBTJ,25200,36300,26040,35760,A320,34.1,ShenzhenAirlines,16L,108,B8665
20190807,CSZ9122,ZBTJ,ZGSZ,39900,51900,41040,51060,A320,34.1,ShenzhenAirlines,16R,109,B8665
20190807,CSZ9123,ZGSZ,ZBTJ,56100,67200,59280,68880,A320,34.1,ShenzhenAirlines,16L,203,B8665
20190807,CSZ9124,ZBTJ,ZGSZ,70800,82500,75300,85320,A320,34.1,ShenzhenAirlines,16R,109,B8665
20190807,HXA2670,ZLGY,ZBTJ,47700,53700,48180,54060,A320,34.1,Chinaexpressair,16L,601,B8695
20190807,HXA2669,ZBTJ,ZLGY,57000,64500,59400,65100,A320,34.1,Chinaexpressair,16R,601,B8695
20190807,GCR7897,ZBTJ,ZUCK,33900,43200,38460,46380,A20N,35.8,TianjinAirlines,16R,418,B8776
20190807,GCR7898,ZUCK,ZBTJ,47700,57000,51780,59640,A20N,35.8,TianjinAirlines,16R,209,B8776
20190807,GCR7861,ZBTJ,ZPPP,63900,76500,66120,77400,A320,34.1,TianjinAirlines,16R,416L,B8776
20190807,TBA9877,ZUUU,ZBTJ,21600,31200,21720,29700,A320,34.1,TIBET,16L,111,B8842
20190807,TBA9877,ZBTJ,ZYCC,35400,42000,35880,41160,A320,34.1,TIBET,16R,111,B8842
20190807,TBA9878,ZYCC,ZBTJ,67500,74400,67320,72660,A320,34.1,TIBET,16L,110,B8842
20190807,TBA9878,ZBTJ,ZUUU,78000,2100,78660,87360,A320,34.1,TIBET,16R,110,B8842
20190807,GCR7852,ZSHC,ZBTJ,40800,48900,42060,47880,A20N,35.8,TianjinAirlines,16L,211,B8952
20190807,GCR7851,ZBTJ,ZSHC,54600,61500,55860,61620,A20N,35.8,TianjinAirlines,16R,417,B8952
20190807,GCR7990,RJTT,ZBTJ,1800,15600,3120,13260,A333,60.3,TianjinAirlines,16R,212,B8959
20190807,GCR7965,ZBTJ,ZUCK,33000,42900,36660,44760,A332,60.3,TianjinAirlines,16R,212,B8959
20190807,CSC8815,ZSHC,ZBTJ,25200,32700,26100,31860,A320,34.1,SichuanAirlines,16L,110,B8961
20190807,CSC8815,ZBTJ,ZYCC,36300,42900,36540,42000,A320,34.1,SichuanAirlines,16R,110,B8961
20190807,CSC8816,ZYCC,ZBTJ,46200,53100,46260,51480,A320,34.1,SichuanAirlines,16L,112,B8961
20190807,CSC8816,ZBTJ,ZSHC,56700,63600,57960,63780,A320,34.1,SichuanAirlines,16R,112,B8961
20190807,CSC8675,ZBTJ,ZSSH,33000,38400,33060,37080,A321,34.1,SichuanAirlines,16R,110,B9937
20190807,CSC8676,ZSSH,ZBTJ,73500,78600,76200,80700,A321,34.1,SichuanAirlines,16L,112,B9937
20190807,CSZ8747,ZSNT,ZBTJ,34800,41100,36120,41400,A320,34.1,ShenzhenAirlines,16L,109,B9939
20190807,CSZ8748,ZBTJ,ZSNT,44700,51300,49920,55200,A320,34.1,ShenzhenAirlines,16R,109,B9939
20190807,CBJ5195,ZJSY,ZBTJ,55800,70800,56400,70140,A320,34.1,BeijingCapitalAirlines,16L,419R,B9961
20190807,CBJ5196,ZBTJ,ZJSY,76500,3900,76800,89220,A320,34.1,BeijingCapitalAirlines,16R,419,B9961
20190807,CRK363,ZBTJ,VHHH,26700,37800,27600,38520,A332,60.3,HongKongAirlines,16R,101,BLHB
20190807,CRK362,VHHH,ZBTJ,75300,85800,75060,84720,A332,60.3,HongKongAirlines,16R,,BLNU
20190807,AMU237,ZBTJ,VMMC,44100,56100,45240,0,A320,34.1,AirMacau,16R,103,BMCK
20190807,AMU238,VMMC,ZBTJ,29400,40500,30240,39480,A320,34.1,AirMacau,16L,103,BMCK
20190807,KAL806,ZBTJ,RKSI,41400,48000,47040,0,A332,60.3,KoreanAirLines,16R,101,HL8002
20190807,KAL805,RKSI,ZBTJ,29700,36600,32340,36840,A332,60.3,KoreanAirLines,16L,105,HL8002
20190807,KAL318,ZBTJ,RKSI,57600,63900,59040,0,B744,64.4,KoreanAirLines,16R,101,HL8005
20190807,KAL317,RKSI,ZBTJ,37500,44700,39000,43500,B744,64.4,KoreanAirLines,16R,105,HL8005
20190807,AAR327,RKSI,ZBTJ,28500,35700,30000,34500,A321,34.1,AsianaAirways,16L,103,HL8267
20190807,AAR328,ZBTJ,RKSI,39300,45000,39720,44880,A321,34.1,AsianaAirways,16R,103,HL8267
20190807,KAL864,ZBTJ,RKSI,52800,59700,54960,0,B739,34.3,KoreanAirLines,16R,101,HL8273
20190807,KAL863,RKSI,ZBTJ,41700,48600,43800,48420,B739,34.3,KoreanAirLines,16L,103,HL8273
20190807,NCT879,ZBTJ,VTBD,80400,11100,81540,0,B772,60.9,NokScoot,16R,101,HSXBE
20190807,NCT880,VTBD,ZBTJ,58800,76500,60240,75840,B772,60.9,NokScoot,16R,105,HSXBE
20190807,SJO254,ZBTJ,RJAA,59700,71700,64560,0,B738,35.8,SpringJapan,16R,101,JA03GR
20190807,SJO253,RJAA,ZBTJ,42900,56100,48660,59880,B738,35.8,SpringJapan,16R,103,JA05GR
20190807,JAL840,ZBTJ,RJGG,50400,60300,51600,0,B738,35.8,JapanAirlines,16R,105,JA310J
20190807,JAL841,RJGG,ZBTJ,34500,46200,35820,44820,B738,35.8,JapanAirlines,16R,104,JA310J
20190807,ANA8504,ZBTJ,RJAA,48900,60600,51120,0,B763,47.57,AllNipponAirways,16R,102,JA8970
20190807,ANA8503,RJAA,ZBTJ,30000,43500,30480,40440,B763,47.57,AllNipponAirways,16L,103,JA8970
20190807,LNI2749,WAMM,ZBTJ,60000,81600,60420,81600,B739,34.3,PTLionMentariAirlines,16L,103,PKLPH
20190807,LNI2748,ZBTJ,WAMM,85500,22500,86040,106560,B739,34.3,PTLionMentariAirlines,16R,101,PKLPH
