callsign,departure,arrivee,registration,delay,Parking0,Parking1,Parking2,Parking3,Parking4,Parking5,Parking6,Parking7,Parking8,Parking9,Parking10,Parking11,Parking12,Parking13,Parking14,Parking15,Parking16,Parking17,Parking18,Parking19,Parking20,Parking21,Parking22,Parking23,Parking24,Parking25,change_times,remote_numbers
XAX318 ar,WMKK,ZBTJ,9MXBB,,105,105,105,105,105,105,105,105,105,105,105,105,105,105,105,105,105,105,105,105,105,105,105,105,105,105,4,0
TGW138 ar,WSSS,ZBTJ,9VOJB,,105,105,105,105,105,105,105,105,105,105,105,105,105,105,105,105,105,105,105,105,105,105,105,105,105,105,4,0
TGW139 de,ZBTJ,WSSS,9VOJB,,101,101,101,101,101,101,101,101,101,101,101,101,101,101,101,101,101,101,101,101,101,101,101,101,101,101,4,0
DKH1135 ar,ZSPD,ZBTJ,B1006,,112,112,112,112,112,112,112,112,112,112,112,112,112,112,112,112,112,112,112,112,112,112,112,112,112,112,4,0
DKH1135 de,ZBTJ,ZYBS,B1006,,112,112,112,112,112,112,112,112,112,112,112,112,112,112,112,112,112,112,112,112,112,112,112,112,112,112,4,0
DKH1136 ar,ZYBS,ZBTJ,B1006,,112,112,112,112,112,112,112,112,112,112,112,112,112,112,112,112,112,112,112,112,112,112,112,112,112,112,4,0
DKH1136 de,ZBTJ,ZSSS,B1006,,113,113,113,113,113,113,113,113,113,113,113,113,113,113,113,113,113,113,113,113,113,113,113,113,113,113,4,0
GCR7928 ar,ZUCK,ZBTJ,B1030,,213,213,213,213,213,213,213,213,213,213,213,213,213,213,213,213,213,213,213,213,213,213,213,213,213,213,4,0
GCR7889 de,ZBTJ,ZSAM,B1030,,208,208,208,208,208,208,208,208,208,208,208,208,208,208,208,208,208,208,208,208,208,208,208,208,208,208,4,0
GCR7890 ar,ZSAM,ZBTJ,B1030,,214,214,214,214,214,214,214,214,214,214,214,214,214,214,214,214,214,214,214,214,214,214,214,214,214,214,4,0
GCR7853 de,ZBTJ,ZSHC,B1030,,211,211,211,211,211,211,211,211,211,211,211,211,211,211,211,211,211,211,211,211,211,211,211,211,211,211,4,0
GCR7854 ar,ZSHC,ZBTJ,B1030,,211,211,211,211,211,211,211,211,211,211,211,211,211,211,211,211,211,211,211,211,211,211,211,211,211,211,4,0
GCR7981 de,ZBTJ,RJGG,B1052,,209,209,209,209,209,209,209,209,209,209,209,209,209,209,209,209,209,209,209,209,209,209,209,209,209,209,4,0
GCR7982 ar,RJGG,ZBTJ,B1052,,214,214,214,214,214,214,214,214,214,214,214,214,214,214,214,214,214,214,214,214,214,214,214,214,214,214,4,0
GCR7991 de,ZBTJ,RKPC,B1052,,209,209,209,209,209,209,209,209,209,209,209,209,209,209,209,209,209,209,209,209,209,209,209,209,209,209,4,0
GCR7992 ar,RKPC,ZBTJ,B1052,,211,211,211,211,211,211,211,211,211,211,211,211,211,211,211,211,211,211,211,211,211,211,211,211,211,211,4,0
LHA4015 ar,ZSNT,ZBTJ,B1110,,907,907,907,907,907,907,907,907,907,907,907,907,907,907,907,907,907,907,907,907,907,907,907,907,907,907,4,0
LHA4016 de,ZBTJ,ZSNT,B1110,,907,907,907,907,907,907,907,907,907,907,907,907,907,907,907,907,907,907,907,907,907,907,907,907,907,907,4,0
CES2369 ar,ZSPD,ZBTJ,B1211,,215,215,215,215,215,215,215,215,215,215,215,215,215,215,215,215,215,215,215,215,215,215,215,215,215,215,4,0
CES2369 de,ZBTJ,ZBCF,B1211,,215,215,215,215,215,215,215,215,215,215,215,215,215,215,215,215,215,215,215,215,215,215,215,215,215,215,4,0
CES2370 ar,ZBCF,ZBTJ,B1211,,219,219,219,219,219,219,219,219,219,219,219,219,219,219,219,219,219,219,219,219,219,219,219,219,219,219,4,0
CES2370 de,ZBTJ,ZSPD,B1211,,217,217,217,217,217,217,217,217,217,217,217,217,217,217,217,217,217,217,217,217,217,217,217,217,217,217,4,0
CCA1396 ar,ZGGG,ZBTJ,B1219,,117,117,117,117,117,117,117,117,117,117,117,117,117,117,117,117,117,117,117,117,117,117,117,117,117,117,4,0
CCA1401 de,ZBTJ,ZPPP,B1219,,108,108,108,108,108,108,108,108,108,108,108,108,108,108,108,108,108,108,108,108,108,108,108,108,108,108,4,0
CCA1402 ar,ZPPP,ZBTJ,B1219,,202,202,202,202,202,202,202,202,202,202,202,202,202,202,202,202,202,202,202,202,202,202,202,202,202,202,4,0
CSN316Y de,ZBTJ,ZBAA,B1243,,220,220,220,220,220,220,220,220,220,220,220,220,220,220,220,220,220,220,220,220,220,220,220,220,220,220,4,0
OKA2819 de,ZBTJ,ZGKL,B1267,,224,224,224,224,224,224,224,224,224,224,224,224,224,224,224,224,224,224,224,224,224,224,224,224,224,224,4,0
OKA2820 ar,ZGKL,ZBTJ,B1267,,224,224,224,224,224,224,224,224,224,224,224,224,224,224,224,224,224,224,224,224,224,224,224,224,224,224,4,0
OKA3083 de,ZBTJ,ZGKL,B1267,,224,224,224,224,224,224,224,224,224,224,224,224,224,224,224,224,224,224,224,224,224,224,224,224,224,224,4,0
OKA3084 ar,ZGKL,ZBTJ,B1267,,225,225,225,225,225,225,225,225,225,225,225,225,225,225,225,225,225,225,225,225,225,225,225,225,225,225,4,0
CSN3789 ar,ZGSD,ZBTJ,B1299,,220,220,220,220,220,220,220,220,220,220,220,220,220,220,220,220,220,220,220,220,220,220,220,220,220,220,4,0
CSN3790 de,ZBTJ,ZGSD,B1299,,218,218,218,218,218,218,218,218,218,218,218,218,218,218,218,218,218,218,218,218,218,218,218,218,218,218,4,0
CXA8193 ar,ZGHA,ZBTJ,B1300,,225,225,225,225,225,225,225,225,225,225,225,225,225,225,225,225,225,225,225,225,225,225,225,225,225,225,4,0
CXA8126 de,ZBTJ,ZSAM,B1300,,225,225,225,225,225,225,225,225,225,225,225,225,225,225,225,225,225,225,225,225,225,225,225,225,228,228,4,0
CXA8145 ar,ZSFZ,ZBTJ,B1302,,227,227,227,227,227,227,227,227,227,227,227,227,227,227,227,227,227,227,227,227,227,227,227,227,227,227,4,0
CXA8145 de,ZBTJ,ZBLA,B1302,,226,226,226,226,226,226,226,226,226,226,226,226,226,226,226,226,226,226,226,226,226,226,226,226,226,226,4,0
CXA8146 ar,ZBLA,ZBTJ,B1302,,225,225,225,225,225,225,225,225,225,225,225,225,225,225,225,225,225,225,225,225,225,225,225,225,225,225,4,0
CXA8146 de,ZBTJ,ZSFZ,B1302,,226,226,226,226,226,226,226,226,226,226,226,226,226,226,226,226,226,226,226,226,226,226,226,226,226,226,4,0
OKA2851 de,ZBTJ,ZUUU,B1337,,222,222,222,222,222,222,222,222,222,222,222,222,222,222,222,222,222,222,222,222,222,222,222,222,222,222,4,0
OKA2852 ar,ZUUU,ZBTJ,B1337,,222,222,222,222,222,222,222,222,222,222,222,222,222,222,222,222,222,222,222,222,222,222,222,222,222,222,4,0
OKA2788 de,ZBTJ,ZGGG,B1337,,223,223,223,223,223,223,223,223,223,223,223,223,223,223,223,223,223,223,223,223,223,223,223,223,223,223,4,0
FZA6741 ar,ZBOW,ZBTJ,B1350,,210,210,210,210,210,210,210,210,210,210,210,210,210,210,210,210,210,210,210,210,210,210,210,210,210,210,4,0
FZA6742 de,ZBTJ,ZBOW,B1350,,211,211,211,211,211,211,211,211,211,211,211,211,211,211,211,211,211,211,211,211,211,211,211,211,211,211,4,0
CSN3168 ar,ZHHH,ZBTJ,B1411,,221,221,221,221,221,221,221,221,221,221,221,221,221,221,221,221,221,221,221,221,221,221,221,221,221,221,4,0
CSN3167 de,ZBTJ,ZHHH,B1411,,218,218,218,218,218,218,218,218,218,218,218,218,218,218,218,218,218,218,218,218,218,218,218,218,218,218,4,0
CCA1529 de,ZBTJ,ZSAM,B1418,,108,108,108,108,108,108,108,108,108,108,108,108,108,108,108,108,108,108,108,108,108,108,108,108,108,117,4,0
CCA1530 ar,ZSAM,ZBTJ,B1418,,201,201,201,201,201,201,201,201,201,201,201,201,201,201,201,201,201,201,201,201,201,201,201,201,201,201,4,0
CCA1527 de,ZBTJ,ZSSS,B1418,,107,107,107,107,107,107,107,107,107,107,107,107,107,107,107,107,107,107,107,107,107,107,107,107,107,107,4,0
CCA1528 ar,ZSSS,ZBTJ,B1418,,201,201,201,201,201,201,201,201,201,201,201,201,201,201,201,201,201,201,201,201,201,201,201,201,201,201,4,0
CUA2217 de,ZBTJ,ZSSS,B1471,,110,110,110,110,110,110,110,110,110,110,110,110,110,110,110,110,110,110,110,110,110,110,110,110,110,110,4,0
CUA2218 ar,ZSSS,ZBTJ,B1471,,115,115,115,115,115,115,115,115,115,115,115,115,115,115,115,115,115,115,115,115,115,115,115,115,115,115,4,0
CDG4717 ar,ZSQD,ZBTJ,B1511,,202,202,202,202,202,202,202,202,202,202,202,202,202,202,202,202,202,202,202,202,202,202,202,202,202,202,4,0
CDG4717 de,ZBTJ,ZBHH,B1511,,202,202,202,202,202,202,202,202,202,202,202,202,202,202,202,202,202,202,202,202,202,202,202,202,202,202,4,0
CDG4718 ar,ZBHH,ZBTJ,B1511,,202,202,202,202,202,202,202,202,202,202,202,202,202,202,202,202,202,202,202,202,202,202,202,202,202,202,4,0
CDG4718 de,ZBTJ,ZSQD,B1511,,202,202,202,202,202,202,202,202,202,202,202,202,202,202,202,202,202,202,202,202,202,202,202,202,202,202,4,0
OKA2787 ar,ZGGG,ZBTJ,B1521,,226,226,226,226,226,226,226,226,226,226,226,226,226,226,226,226,226,226,226,226,226,226,226,226,226,226,4,0
OKA3025 de,ZBTJ,RJBB,B1521,,224,224,224,224,224,224,224,224,224,224,224,224,224,224,224,224,224,224,224,224,224,224,224,224,224,224,4,0
OKA3026 ar,RJBB,ZBTJ,B1521,,222,222,222,222,222,222,222,222,222,222,222,222,222,222,222,222,222,222,222,222,222,222,222,222,222,222,4,0
OKA2989 de,ZBTJ,RJTT,B1521,,224,224,224,224,224,224,224,224,224,224,224,224,224,224,224,224,224,224,224,224,224,224,224,224,224,224,4,0
CCA1245 de,ZBTJ,ZLLL,B1526,,109,109,109,109,109,109,109,109,109,109,109,109,109,109,109,109,109,109,109,109,109,109,109,109,109,109,4,0
CCA1246 ar,ZLLL,ZBTJ,B1526,,118,118,118,118,118,118,118,118,118,118,118,118,118,118,118,118,118,118,118,118,118,118,118,118,118,118,4,0
CCA801 de,ZBTJ,RKSI,B1526,,118,118,118,118,118,118,118,118,118,118,118,118,118,118,118,118,118,118,118,118,118,118,118,118,118,118,4,0
CCA802 ar,RKSI,ZBTJ,B1526,,118,118,118,118,118,118,118,118,118,118,118,118,118,118,118,118,118,118,118,118,118,118,118,118,118,118,4,0
CCA1677 de,ZBTJ,ZYHB,B1526,,118,118,118,118,118,118,118,118,118,118,118,118,118,118,118,118,118,118,118,118,118,118,118,118,118,118,4,0
CCA1656 ar,ZSPD,ZBTJ,B1528,,201,201,201,201,201,201,201,201,201,201,201,201,201,201,201,201,201,201,201,201,201,201,201,201,201,201,4,0
CCA1387 de,ZBTJ,ZGGG,B1528,,118,118,118,118,118,118,118,118,118,118,118,118,118,118,118,118,118,118,118,118,118,118,118,118,118,118,4,0
CCA1388 ar,ZGGG,ZBTJ,B1528,,117,117,117,117,117,117,117,117,117,117,117,117,117,117,117,117,117,117,117,117,117,117,117,117,117,117,4,0
CJX8961 ar,ZSCN,ZBTJ,B1557,,113,113,113,113,113,113,113,113,113,113,113,113,113,113,113,113,113,113,113,113,113,113,113,113,113,113,4,0
CJX8962 de,ZBTJ,ZSCN,B1557,,113,113,113,113,113,113,113,113,113,113,113,113,113,113,113,113,113,113,113,113,113,113,113,113,113,113,4,0
FZA6569 ar,ZSLY,ZBTJ,B1559,,210,210,210,210,210,210,210,210,210,210,210,210,210,210,210,210,210,210,210,210,210,210,210,210,210,210,4,0
FZA6570 de,ZBTJ,ZSLY,B1559,,210,210,210,210,210,210,210,210,210,210,210,210,210,210,210,210,210,210,210,210,210,210,210,210,210,210,4,0
OKA2883 ar,ZLXY,ZBTJ,B1581,,225,225,225,225,225,225,225,225,225,225,225,225,225,225,225,225,225,225,225,225,225,225,225,225,225,225,4,0
OKA2931 de,ZBTJ,ZGHA,B1581,,224,224,224,224,224,224,224,224,224,224,224,224,224,224,224,224,224,224,224,224,224,224,224,224,224,224,4,0
OKA2932 ar,ZGHA,ZBTJ,B1581,,222,222,222,222,222,222,222,222,222,222,222,222,222,222,222,222,222,222,222,222,222,222,222,222,222,222,4,0
EVA730 ar,RCTP,ZBTJ,B16201,,103,103,103,103,103,103,103,103,103,103,103,103,103,103,103,103,103,103,103,103,103,103,103,103,103,103,4,0
EVA729 de,ZBTJ,RCTP,B16201,,105,105,105,105,105,105,105,105,105,105,105,105,105,105,105,105,105,105,105,105,105,105,105,105,105,105,4,0
CHB6237 ar,ZUCK,ZBTJ,B1629,,214,214,214,214,214,214,214,214,214,214,214,214,214,214,214,214,214,214,214,214,214,214,214,214,214,214,4,0
CHB6238 de,ZBTJ,ZUCK,B1629,,214,214,214,214,214,214,214,214,214,214,214,214,214,214,214,214,214,214,214,214,214,214,214,214,214,214,4,0
CSC8810 ar,ZUCK,ZBTJ,B1677,,114,114,114,114,114,114,114,114,114,114,114,114,114,114,114,114,114,114,114,114,114,114,114,114,114,114,4,0
CSC8127 de,ZBTJ,ZGDY,B1677,,111,111,111,111,111,111,111,111,111,111,111,111,111,111,111,111,111,111,111,111,111,111,111,111,111,111,4,0
CSC8128 ar,ZGDY,ZBTJ,B1677,,110,110,110,110,110,110,110,110,110,110,110,110,110,110,110,110,110,110,110,110,110,110,110,110,110,110,4,0
CXA8027 ar,ZUCK,ZBTJ,B1708,,227,227,227,227,227,227,227,227,227,227,227,227,227,227,227,227,227,227,227,227,227,227,227,227,227,227,4,0
CXA8027 de,ZBTJ,ZYHB,B1708,,226,226,226,226,226,226,226,226,226,226,226,226,226,226,226,226,226,226,226,226,226,226,226,226,226,226,4,0
JYH1055 ar,ZGGG,ZBTJ,B1715,,115,115,115,115,115,115,115,115,115,115,115,115,115,115,115,115,115,115,115,115,115,115,115,115,115,115,4,0
JYH1056 de,ZBTJ,ZGGG,B1715,,114,114,114,114,114,114,114,114,114,114,114,114,114,114,114,114,114,114,114,114,114,114,114,114,114,114,4,0
OKA2966 ar,ZLXN,ZBTJ,B1732,,225,225,225,225,225,225,225,225,225,225,225,225,225,225,225,225,225,225,225,225,225,225,225,225,225,225,4,0
OKA2997 de,ZBTJ,ZSJH,B1732,,222,222,222,222,222,222,222,222,222,222,222,222,222,222,222,222,222,222,222,222,222,222,222,222,222,222,4,0
OKA2999 de,ZBTJ,ZGSZ,B1739,,223,223,223,223,223,223,223,223,223,223,223,223,223,223,223,223,223,223,223,223,223,223,223,223,223,223,4,0
OKA3000 ar,ZGSZ,ZBTJ,B1739,,224,224,224,224,224,224,224,224,224,224,224,224,224,224,224,224,224,224,224,224,224,224,224,224,224,224,4,0
CCA1663 de,ZBTJ,ZSWH,B1762,,202,202,202,202,202,202,202,202,202,202,202,202,202,202,202,202,202,202,202,202,202,202,202,202,202,202,4,0
CCA1664 ar,ZSWH,ZBTJ,B1762,,202,202,202,202,202,202,202,202,202,202,202,202,202,202,202,202,202,202,202,202,202,202,202,202,202,202,4,0
CCA1441 de,ZBTJ,ZBYN,B1762,,202,202,202,202,202,202,202,202,202,202,202,202,202,202,202,202,202,202,202,202,202,202,202,202,202,202,4,0
CCA1442 ar,ZBYN,ZBTJ,B1762,,203,203,203,203,203,203,203,203,203,203,203,203,203,203,203,203,203,203,203,203,203,203,203,203,203,203,4,0
EPA6245 ar,ZGCJ,ZBTJ,B1770,,213,213,213,213,213,213,213,213,213,213,213,213,213,213,213,213,213,213,213,213,213,213,213,213,213,213,4,0
EPA6246 de,ZBTJ,ZGCJ,B1770,,209,209,209,209,209,209,209,209,209,209,209,209,209,209,209,209,209,209,209,209,209,209,209,209,209,209,4,0
CHH7497 ar,ZYTL,ZBTJ,B1795,,211,211,211,211,211,211,211,211,211,211,211,211,211,211,211,211,211,211,211,211,211,211,211,211,211,211,4,0
CHH7498 de,ZBTJ,ZYTL,B1795,,210,210,210,210,210,210,210,210,210,210,210,210,210,210,210,210,210,210,210,210,210,210,210,210,210,210,4,0
GCR7993 de,ZBTJ,RKSI,B1850,,206,206,206,206,206,206,206,206,206,206,206,206,206,206,206,206,206,206,206,206,206,206,206,206,206,206,4,0
GCR7994 ar,RKSI,ZBTJ,B1850,,211,211,211,211,211,211,211,211,211,211,211,211,211,211,211,211,211,211,211,211,211,211,211,211,211,211,4,0
GCR7859 de,ZBTJ,ZLXY,B1850,,210,210,210,210,210,210,210,210,210,210,210,210,210,210,210,210,210,210,210,210,210,210,210,210,210,210,4,0
CXA8133 ar,ZSAM,ZBTJ,B1913,,225,225,225,225,225,225,225,225,225,225,225,225,225,225,225,225,225,225,225,225,225,225,225,225,225,225,4,0
CXA8475 de,ZBTJ,ZUGY,B1913,,225,225,225,225,225,225,225,225,225,225,225,225,225,225,225,225,225,225,225,225,225,225,225,225,225,225,4,0
OKA3085 de,ZBTJ,ZSNB,B1962,,222,222,222,222,222,222,222,222,222,222,222,222,222,222,222,222,222,222,222,222,222,222,222,222,222,222,4,0
OKA3086 ar,ZSNB,ZBTJ,B1962,,223,223,223,223,223,223,223,223,223,223,223,223,223,223,223,223,223,223,223,223,223,223,223,223,223,223,4,0
OKA2932 ar,ZGHA,ZBTJ,B1963,,222,222,222,222,222,222,222,222,222,222,222,222,222,222,222,222,222,222,222,222,222,222,222,222,222,222,4,0
OKA2965 de,ZBTJ,ZLXN,B1963,,223,223,223,223,223,223,223,223,223,223,223,223,223,223,223,223,223,223,223,223,223,223,223,223,223,223,4,0
OKA2904 ar,ZGHA,ZBTJ,B206E,,222,222,222,222,222,222,222,222,222,222,222,222,222,222,222,222,222,222,222,222,222,222,222,222,222,222,4,0
OKA2903 de,ZBTJ,ZGHA,B206E,,223,223,223,223,223,223,223,223,223,223,223,223,223,223,223,223,223,223,223,223,223,223,223,223,223,223,4,0
CSH9147 ar,ZSSS,ZBTJ,B208Z,,219,219,219,219,219,219,219,219,219,219,219,219,219,219,219,219,219,219,219,219,219,219,219,219,219,219,4,0
CSH9148 de,ZBTJ,ZSSS,B208Z,,219,219,219,219,219,219,219,219,219,219,219,219,219,219,219,219,219,219,219,219,219,219,219,219,219,219,4,0
CSH9131 ar,ZSPD,ZBTJ,B20A9,,218,218,218,218,218,218,218,218,218,218,218,218,218,218,218,218,218,218,218,218,218,218,218,218,218,218,4,0
CSH9132 de,ZBTJ,ZSPD,B20A9,,609,609,609,609,609,609,609,609,609,609,609,609,609,609,609,609,609,609,609,609,609,609,609,609,609,609,4,0
CSC8861 ar,ZUUU,ZBTJ,B2298,,110,110,110,110,110,110,110,110,110,110,110,110,110,110,110,110,110,110,110,110,110,110,110,110,110,110,4,0
CSC8862 de,ZBTJ,ZUUU,B2298,,114,114,114,114,114,114,114,114,114,114,114,114,114,114,114,114,114,114,114,114,114,114,114,114,114,114,4,0
CTJ3811 de,ZBTJ,ZSCN,B2501,,875,875,875,875,875,875,875,875,875,875,875,875,875,875,875,875,875,875,875,875,875,875,875,875,875,875,4,0
CTJ3812 ar,ZSCN,ZBTJ,B2501,,897,897,897,897,897,897,897,897,897,897,897,897,897,897,897,897,897,897,897,897,897,897,897,897,897,897,4,0
CTJ3805 de,ZBTJ,ZGGG,B2576,,876,876,876,876,876,876,876,876,876,876,876,876,876,876,876,876,876,876,876,876,876,876,876,876,876,876,4,0
CTJ3806 ar,ZGGG,ZBTJ,B2576,,906,906,906,906,906,906,906,906,906,906,906,906,906,906,906,906,906,906,906,906,906,906,906,906,906,906,4,0
CSH9069 ar,ZSPD,ZBTJ,B2577,,219,219,219,219,219,219,219,219,219,219,219,219,219,219,219,219,219,219,219,219,219,219,219,219,219,219,4,0
CSH9070 de,ZBTJ,ZSPD,B2577,,218,218,218,218,218,218,218,218,218,218,218,218,218,218,218,218,218,218,218,218,218,218,218,218,218,218,4,0
CTJ3809 de,ZBTJ,ZLXY,B2945,,875,875,875,875,875,875,875,875,875,875,875,875,875,875,875,875,875,875,875,875,875,875,875,875,875,875,4,0
CTJ3810 ar,ZLXY,ZBTJ,B2945,,897,897,897,897,897,897,897,897,897,897,897,897,897,897,897,897,897,897,897,897,897,897,897,897,897,897,4,0
CYZ9101 de,ZBTJ,ZSNJ,B2962,,876,876,876,876,876,876,876,876,876,876,876,876,876,876,876,876,876,876,876,876,876,876,876,876,876,876,4,0
CYZ9102 ar,ZSNJ,ZBTJ,B2962,,906,906,906,906,906,906,906,906,906,906,906,906,906,906,906,906,906,906,906,906,906,906,906,906,906,906,4,0
GCR7846 ar,ZSSH,ZBTJ,B300T,,211,211,211,211,211,211,211,211,211,211,211,211,211,211,211,211,211,211,211,211,211,211,211,211,211,211,4,0
GCR7803 de,ZBTJ,ZYTL,B300T,,205,205,205,205,205,205,205,205,205,205,205,205,205,205,205,205,205,205,205,205,205,205,205,205,205,205,4,0
GCR7804 ar,ZYTL,ZBTJ,B300T,,210,210,210,210,210,210,210,210,210,210,210,210,210,210,210,210,210,210,210,210,210,210,210,210,210,210,4,0
GCR7979 de,ZBTJ,RJBB,B300T,,209,209,209,209,209,209,209,209,209,209,209,209,209,209,209,209,209,209,209,209,209,209,209,209,209,209,4,0
GCR7980 ar,RJBB,ZBTJ,B300T,,215,215,215,215,215,215,215,215,215,215,215,215,215,215,215,215,215,215,215,215,215,215,215,215,215,215,4,0
GCR7865 de,ZBTJ,ZJHK,B300T,,211,211,211,211,211,211,211,211,211,211,211,211,211,211,211,211,211,211,211,211,211,211,211,211,211,211,4,0
GCR7872 ar,ZJSY,ZBTJ,B302A,,213,213,213,213,213,213,213,213,213,213,213,213,213,213,213,213,213,213,213,213,213,213,213,213,213,213,4,0
GCR7817 de,ZBTJ,ZSFY,B302A,,209,209,209,209,209,209,209,209,209,209,209,209,209,209,209,209,209,209,209,209,209,209,209,209,209,209,4,0
GCR7818 ar,ZSFY,ZBTJ,B302A,,213,213,213,213,213,213,213,213,213,213,213,213,213,213,213,213,213,213,213,213,213,213,213,213,213,213,4,0
GCR7926 ar,ZUCK,ZBTJ,B302C,,213,213,213,213,213,213,213,213,213,213,213,213,213,213,213,213,213,213,213,213,213,213,213,213,213,213,4,0
GCR7819 de,ZBTJ,ZGHA,B302C,,211,211,211,211,211,211,211,211,211,211,211,211,211,211,211,211,211,211,211,211,211,211,211,211,211,211,4,0
GCR7820 ar,ZGHA,ZBTJ,B302C,,211,211,211,211,211,211,211,211,211,211,211,211,211,211,211,211,211,211,211,211,211,211,211,211,211,211,4,0
GCR7891 de,ZBTJ,ZSAM,B302C,,210,210,210,210,210,210,210,210,210,210,210,210,210,210,210,210,210,210,210,210,210,210,210,210,210,210,4,0
GCR7888 ar,ZUUU,ZBTJ,B302D,,212,212,212,212,212,212,212,212,212,212,212,212,212,212,212,212,212,212,212,212,212,212,212,212,212,212,4,0
GCR7977 de,ZBTJ,RJBB,B302D,,415,415,415,415,415,415,415,415,415,415,415,415,415,415,415,415,415,415,415,415,415,415,415,415,415,415,4,0
GCR7978 ar,RJBB,ZBTJ,B302D,,212,212,212,212,212,212,212,212,212,212,212,212,212,212,212,212,212,212,212,212,212,212,212,212,212,212,4,0
GCR7887 de,ZBTJ,ZUUU,B302D,,212,212,212,212,212,212,212,212,212,212,212,212,212,212,212,212,212,212,212,212,212,212,212,212,212,212,4,0
GCR7577 ar,ZWWW,ZBTJ,B302X,,211,211,211,211,211,211,211,211,211,211,211,211,211,211,211,211,211,211,211,211,211,211,211,211,211,211,4,0
GCR7577 de,ZBTJ,ZYCC,B302X,,211,211,211,211,211,211,211,211,211,211,211,211,211,211,211,211,211,211,211,211,211,211,211,211,211,211,4,0
GCR7578 ar,ZYCC,ZBTJ,B302X,,215,215,215,215,215,215,215,215,215,215,215,215,215,215,215,215,215,215,215,215,215,215,215,215,215,215,4,0
GCR7578 de,ZBTJ,ZWWW,B302X,,209,209,209,209,209,209,209,209,209,209,209,209,209,209,209,209,209,209,209,209,209,209,209,209,209,209,4,0
CES5143 ar,ZSSS,ZBTJ,B303E,,219,219,219,219,219,219,219,219,219,219,219,219,219,219,219,219,219,219,219,219,219,219,219,219,219,219,4,0
CES5143 de,ZBTJ,ZYHB,B303E,,218,218,218,218,218,218,218,218,218,218,218,218,218,218,218,218,218,218,218,218,218,218,218,218,218,218,4,0
CES5144 ar,ZYHB,ZBTJ,B303E,,215,215,215,215,215,215,215,215,215,215,215,215,215,215,215,215,215,215,215,215,215,215,215,215,215,215,4,0
CES5144 de,ZBTJ,ZSSS,B303E,,217,217,217,217,217,217,217,217,217,217,217,217,217,217,217,217,217,217,217,217,217,217,217,217,217,217,4,0
HXA4324 ar,ZYQQ,ZBTJ,B303P,,601,601,601,601,601,601,601,601,601,601,601,601,601,601,601,601,601,601,601,601,601,601,601,601,601,601,4,0
HXA4338 de,ZBTJ,ZUZY,B303P,,601,601,601,601,601,601,601,601,601,601,601,601,601,601,601,601,601,601,601,601,601,601,601,601,601,601,4,0
HXA4337 ar,ZUZY,ZBTJ,B303P,,601,601,601,601,601,601,601,601,601,601,601,601,601,601,601,601,601,601,601,601,601,601,601,601,601,601,4,0
HXA4903 de,ZBTJ,VYMD,B303P,,601,601,601,601,601,601,601,601,601,601,601,601,601,601,601,601,601,601,601,601,601,601,601,601,601,601,4,0
QDA6015 ar,ZYCC,ZBTJ,B303V,,110,110,110,110,110,110,110,110,110,110,110,110,110,110,110,110,110,110,110,110,110,110,110,110,110,110,4,0
QDA6097 de,ZBTJ,VYMD,B303V,,114,114,114,114,114,114,114,114,114,114,114,114,114,114,114,114,114,114,114,114,114,114,114,114,114,114,4,0
QDA6098 ar,VYMD,ZBTJ,B303V,,110,110,110,110,110,110,110,110,110,110,110,110,110,110,110,110,110,110,110,110,110,110,110,110,110,110,4,0
QDA6016 de,ZBTJ,ZYCC,B303V,,110,110,110,110,110,110,110,110,110,110,110,110,110,110,110,110,110,110,110,110,110,110,110,110,110,110,4,0
CSC8045 ar,ZPPP,ZBTJ,B305U,,111,111,111,111,111,111,111,111,111,111,111,111,111,111,111,111,111,111,111,111,111,111,111,111,111,111,4,0
CSC8046 de,ZBTJ,ZPPP,B305U,,111,111,111,111,111,111,111,111,111,111,111,111,111,111,111,111,111,111,111,111,111,111,111,111,111,111,4,0
HXA2911 de,ZBTJ,ZBZL,B307T,,603,603,603,603,603,603,603,603,603,603,603,603,603,603,603,603,603,603,603,603,603,603,603,603,603,603,4,0
HXA2912 ar,ZBZL,ZBTJ,B307T,,601,601,601,601,601,601,601,601,601,601,601,601,601,601,601,601,601,601,601,601,601,601,601,601,601,601,4,0
HXA4363 de,ZBTJ,ZLXN,B307T,,603,603,603,603,603,603,603,603,603,603,603,603,603,603,603,603,603,603,603,603,603,603,603,603,603,603,4,0
CSN3301 ar,ZGGG,ZBTJ,B308D,,221,221,221,221,221,221,221,221,221,221,221,221,221,221,221,221,221,221,221,221,221,221,221,221,221,221,4,0
CSN3302 de,ZBTJ,ZGGG,B308D,,221,221,221,221,221,221,221,221,221,221,221,221,221,221,221,221,221,221,221,221,221,221,221,221,221,221,4,0
GCR7826 ar,ZYTL,ZBTJ,B3100,,213,213,213,213,213,213,213,213,213,213,213,213,213,213,213,213,213,213,213,213,213,213,213,213,213,213,4,0
GCR787Z ar,ZSDY,ZBTJ,B3108,,209,209,209,209,209,209,209,209,209,209,209,209,209,209,209,209,209,209,209,209,209,209,209,209,209,209,4,0
GCR7837 de,ZBTJ,ZBDT,B3108,,210,210,210,210,210,210,210,210,210,210,210,210,210,210,210,210,210,210,210,210,210,210,210,210,210,210,4,0
GCR7838 ar,ZBDT,ZBTJ,B3108,,211,211,211,211,211,211,211,211,211,211,211,211,211,211,211,211,211,211,211,211,211,211,211,211,211,211,4,0
GCR7920 ar,ZYHB,ZBTJ,B3119,,210,210,210,210,210,210,210,210,210,210,210,210,210,210,210,210,210,210,210,210,210,210,210,210,210,210,4,0
GCR7815 de,ZBTJ,ZSQD,B3119,,210,210,210,210,210,210,210,210,210,210,210,210,210,210,210,210,210,210,210,210,210,210,210,210,210,210,4,0
GCR7816 ar,ZSQD,ZBTJ,B3119,,213,213,213,213,213,213,213,213,213,213,213,213,213,213,213,213,213,213,213,213,213,213,213,213,213,213,4,0
GCR7867 de,ZBTJ,ZSYA,B3119,,213,213,213,213,213,213,213,213,213,213,213,213,213,213,213,213,213,213,213,213,213,213,213,213,213,213,4,0
GCR7581 ar,ZLXY,ZBTJ,B3123,,211,211,211,211,211,211,211,211,211,211,211,211,211,211,211,211,211,211,211,211,211,211,211,211,211,211,4,0
GCR7581 de,ZBTJ,ZBXH,B3123,,211,211,211,211,211,211,211,211,211,211,211,211,211,211,211,211,211,211,211,211,211,211,211,211,211,211,4,0
GCR7582 ar,ZBXH,ZBTJ,B3123,,213,213,213,213,213,213,213,213,213,213,213,213,213,213,213,213,213,213,213,213,213,213,213,213,213,213,4,0
GCR7582 de,ZBTJ,ZLXY,B3123,,213,213,213,213,213,213,213,213,213,213,213,213,213,213,213,213,213,213,213,213,213,213,213,213,213,213,4,0
CSN3135 ar,ZGGG,ZBTJ,B3139,,220,220,220,220,220,220,220,220,220,220,220,220,220,220,220,220,220,220,220,220,220,220,220,220,220,220,4,0
CSN3136 de,ZBTJ,ZGGG,B3139,,218,218,218,218,218,218,218,218,218,218,218,218,218,218,218,218,218,218,218,218,218,218,218,218,218,218,4,0
CBG8853 ar,ZGCD,ZBTJ,B3157,,110,110,110,110,110,110,110,110,110,110,110,110,110,110,110,110,110,110,110,110,110,110,110,110,110,110,4,0
GCR6491 ar,ZHNY,ZBTJ,B3163,,213,213,213,213,213,213,213,213,213,213,213,213,213,213,213,213,213,213,213,213,213,213,213,213,213,213,4,0
GCR6492 de,ZBTJ,ZHNY,B3163,,213,213,213,213,213,213,213,213,213,213,213,213,213,213,213,213,213,213,213,213,213,213,213,213,213,213,4,0
CBG8853 ar,ZGCD,ZBTJ,B3166,,110,110,110,110,110,110,110,110,110,110,110,110,110,110,110,110,110,110,110,110,110,110,110,110,110,110,4,0
CBG8963 de,ZBTJ,ZHLY,B3166,,110,110,110,110,110,110,110,110,110,110,110,110,110,110,110,110,110,110,110,110,110,110,110,110,110,110,4,0
CBG8964 ar,ZHLY,ZBTJ,B3166,,112,112,112,112,112,112,112,112,112,112,112,112,112,112,112,112,112,112,112,112,112,112,112,112,112,112,4,0
CBG8854 de,ZBTJ,ZGCD,B3166,,116,116,116,116,116,116,116,116,116,116,116,116,116,116,116,116,116,116,116,116,116,116,116,116,116,116,4,0
GCR7915 de,ZBTJ,ZBCF,B3167,,208,208,208,208,208,208,208,208,208,208,208,208,208,208,208,208,208,208,208,208,208,208,208,208,208,208,4,0
GCR7916 ar,ZBCF,ZBTJ,B3167,,214,214,214,214,214,214,214,214,214,214,214,214,214,214,214,214,214,214,214,214,214,214,214,214,214,214,4,0
GCR7830 ar,ZBHH,ZBTJ,B3169,,213,213,213,213,213,213,213,213,213,213,213,213,213,213,213,213,213,213,213,213,213,213,213,213,213,213,4,0
GCR7843 de,ZBTJ,ZHCC,B3171,,211,211,211,211,211,211,211,211,211,211,211,211,211,211,211,211,211,211,211,211,211,211,211,211,211,211,4,0
GCR7844 ar,ZHCC,ZBTJ,B3171,,210,210,210,210,210,210,210,210,210,210,210,210,210,210,210,210,210,210,210,210,210,210,210,210,210,210,4,0
CBG8819 ar,ZHYC,ZBTJ,B3173,,112,112,112,112,112,112,112,112,112,112,112,112,112,112,112,112,112,112,112,112,112,112,112,112,112,112,4,0
CBG8820 de,ZBTJ,ZHYC,B3173,,110,110,110,110,110,110,110,110,110,110,110,110,110,110,110,110,110,110,110,110,110,110,110,110,110,110,4,0
GCR7899 de,ZBTJ,ZLXY,B3189,,205,205,205,205,205,205,205,205,205,205,205,205,205,205,205,205,205,205,205,205,205,205,205,205,205,205,4,0
GCR7900 ar,ZLXY,ZBTJ,B3189,,213,213,213,213,213,213,213,213,213,213,213,213,213,213,213,213,213,213,213,213,213,213,213,213,213,213,4,0
GCR7829 de,ZBTJ,ZBHH,B3189,,213,213,213,213,213,213,213,213,213,213,213,213,213,213,213,213,213,213,213,213,213,213,213,213,213,213,4,0
GCR7703 de,ZBTJ,ZGKL,B3212,,207,207,207,207,207,207,207,207,207,207,207,207,207,207,207,207,207,207,207,207,207,207,207,207,207,207,4,0
GCR7704 ar,ZGKL,ZBTJ,B3212,,211,211,211,211,211,211,211,211,211,211,211,211,211,211,211,211,211,211,211,211,211,211,211,211,211,211,4,0
CGZ7121 ar,ZUWX,ZBTJ,B3225,,112,112,112,112,112,112,112,112,112,112,112,112,112,112,112,112,112,112,112,112,112,112,112,112,112,112,4,0
CGZ7122 de,ZBTJ,ZUWX,B3225,,112,112,112,112,112,112,112,112,112,112,112,112,112,112,112,112,112,112,112,112,112,112,112,112,112,112,4,0
GCR7854 ar,ZSHC,ZBTJ,B3247,,211,211,211,211,211,211,211,211,211,211,211,211,211,211,211,211,211,211,211,211,211,211,211,211,211,211,4,0
GCR7869 de,ZBTJ,ZSDY,B3247,,209,209,209,209,209,209,209,209,209,209,209,209,209,209,209,209,209,209,209,209,209,209,209,209,209,209,4,0
GCR7870 ar,ZSDY,ZBTJ,B3247,,210,210,210,210,210,210,210,210,210,210,210,210,210,210,210,210,210,210,210,210,210,210,210,210,210,210,4,0
GCR7902 ar,ZLXY,ZBTJ,B3265,,209,209,209,209,209,209,209,209,209,209,209,209,209,209,209,209,209,209,209,209,209,209,209,209,209,209,4,0
GCR7879 de,ZBTJ,ZLQY,B3265,,210,210,210,210,210,210,210,210,210,210,210,210,210,210,210,210,210,210,210,210,210,210,210,210,210,210,4,0
GCR7880 ar,ZLQY,ZBTJ,B3265,,210,210,210,210,210,210,210,210,210,210,210,210,210,210,210,210,210,210,210,210,210,210,210,210,210,210,4,0
GCR7892 ar,ZSAM,ZBTJ,B3345,,211,211,211,211,211,211,211,211,211,211,211,211,211,211,211,211,211,211,211,211,211,211,211,211,211,211,4,0
GCR7825 de,ZBTJ,ZYTL,B3345,,209,209,209,209,209,209,209,209,209,209,209,209,209,209,209,209,209,209,209,209,209,209,209,209,209,209,4,0
HXA2848 ar,ZYSQ,ZBTJ,B3382,,601,601,601,601,601,601,601,601,601,601,601,601,601,601,601,601,601,601,601,601,601,601,601,601,601,601,4,0
HXA2923 de,ZBTJ,ZYBA,B3382,,602,602,602,602,602,602,602,602,602,602,602,602,602,602,602,602,602,602,602,602,602,602,602,602,602,602,4,0
HXA2924 ar,ZYBA,ZBTJ,B3382,,603,603,603,603,603,603,603,603,603,603,603,603,603,603,603,603,603,603,603,603,603,603,603,603,603,603,4,0
HXA2905 de,ZBTJ,ZLTS,B3382,,602,602,602,602,602,602,602,602,602,602,602,602,602,602,602,602,602,602,602,602,602,602,602,602,602,602,4,0
HXA2906 ar,ZLTS,ZBTJ,B3382,,601,601,601,601,601,601,601,601,601,601,601,601,601,601,601,601,601,601,601,601,601,601,601,601,601,601,4,0
HXA4323 de,ZBTJ,ZYQQ,B3382,,602,602,602,602,602,602,602,602,602,602,602,602,602,602,602,602,602,602,602,602,602,602,602,602,602,602,4,0
HXA4324 ar,ZYQQ,ZBTJ,B3382,,601,601,601,601,601,601,601,601,601,601,601,601,601,601,601,601,601,601,601,601,601,601,601,601,601,601,4,0
JOY1595 de,ZBTJ,ZSYT,B3453,,501,501,501,501,501,501,501,501,501,501,501,501,501,501,501,501,501,501,501,501,501,501,501,501,501,501,4,0
JOY1596 ar,ZSYT,ZBTJ,B3453,,501,501,501,501,501,501,501,501,501,501,501,501,501,501,501,501,501,501,501,501,501,501,501,501,501,501,4,0
JOY1601 de,ZBTJ,ZBSJ,B3723,,502,502,502,502,502,502,502,502,502,502,502,502,502,502,502,502,502,502,502,502,502,502,502,502,502,502,4,0
JOY1602 ar,ZBSJ,ZBTJ,B3723,,501,501,501,501,501,501,501,501,501,501,501,501,501,501,501,501,501,501,501,501,501,501,501,501,501,501,4,0
CHH7202 ar,ZGGG,ZBTJ,B5137,,210,210,210,210,210,210,210,210,210,210,210,210,210,210,210,210,210,210,210,210,210,210,210,210,210,210,4,0
CHH7201 de,ZBTJ,ZGGG,B5137,,209,209,209,209,209,209,209,209,209,209,209,209,209,209,209,209,209,209,209,209,209,209,209,209,209,209,4,0
CXA8222 ar,ZLIC,ZBTJ,B5151,,225,225,225,225,225,225,225,225,225,225,225,225,225,225,225,225,225,225,225,225,225,225,225,225,225,225,4,0
CXA8176 de,ZBTJ,ZSHC,B5151,,229,229,229,229,229,229,229,229,229,229,229,229,229,229,229,229,229,229,229,229,229,229,229,229,229,229,4,0
CCA8126 ar,ZGHZ,ZBTJ,B5211,,202,202,202,202,202,202,202,202,202,202,202,202,202,202,202,202,202,202,202,202,202,202,202,202,202,202,4,0
CCA8363 de,ZBTJ,ZUMT,B5211,,109,109,109,109,109,109,109,109,109,109,109,109,109,109,109,109,109,109,109,109,109,109,109,109,109,109,4,0
CCA8133 de,ZBTJ,ZSWY,B5213,,107,107,107,107,107,107,107,107,107,107,107,107,107,107,107,107,107,107,107,107,107,107,107,107,118,118,4,0
CCA8134 ar,ZSWY,ZBTJ,B5213,,203,203,203,203,203,203,203,203,203,203,203,203,203,203,203,203,203,203,203,203,203,203,203,203,203,203,4,0
CCA8125 de,ZBTJ,ZGHZ,B5213,,108,108,108,108,108,108,108,108,108,108,108,108,108,108,108,108,108,108,108,108,108,108,108,108,108,108,4,0
CCA8126 ar,ZGHZ,ZBTJ,B5213,,118,118,118,118,118,118,118,118,118,118,118,118,118,118,118,118,118,118,118,118,118,118,118,118,118,118,4,0
CCA8364 ar,ZUMT,ZBTJ,B5227,,202,202,202,202,202,202,202,202,202,202,202,202,202,202,202,202,202,202,202,202,202,202,202,202,202,202,4,0
CCA8356 ar,ZSWZ,ZBTJ,B5229,,201,201,201,201,201,201,201,201,201,201,201,201,201,201,201,201,201,201,201,201,201,201,201,201,201,201,4,0
CXA8552 ar,ZSSS,ZBTJ,B5306,,222,222,222,222,222,222,222,222,222,222,222,222,222,222,222,222,222,222,222,222,222,222,222,222,222,222,4,0
CXA8365 de,ZBTJ,ZGSZ,B5306,,226,226,226,226,226,226,226,226,226,226,226,226,226,226,226,226,226,226,226,226,226,226,226,226,226,226,4,0
CXA8366 ar,ZGSZ,ZBTJ,B5306,,230,230,230,230,230,230,230,230,230,230,230,230,230,230,230,230,230,230,230,230,230,230,230,230,230,230,4,0
CXA8379 de,ZBTJ,ZGSZ,B5306,,230,230,230,230,230,230,230,230,230,230,230,230,230,230,230,230,230,230,230,230,230,230,230,230,230,230,4,0
CXA8380 ar,ZGSZ,ZBTJ,B5306,,225,225,225,225,225,225,225,225,225,225,225,225,225,225,225,225,225,225,225,225,225,225,225,225,225,225,4,0
CHH7725 ar,ZGHA,ZBTJ,B5375,,206,206,206,206,206,206,206,206,206,206,206,206,206,206,206,206,206,206,206,206,206,206,206,206,206,206,4,0
CHH7725 de,ZBTJ,ZYHB,B5375,,209,209,209,209,209,209,209,209,209,209,209,209,209,209,209,209,209,209,209,209,209,209,209,209,209,209,4,0
CHH7726 ar,ZYHB,ZBTJ,B5375,,209,209,209,209,209,209,209,209,209,209,209,209,209,209,209,209,209,209,209,209,209,209,209,209,209,209,4,0
CXA8210 ar,ZLLL,ZBTJ,B5382,,228,228,228,228,228,228,228,228,228,228,228,228,228,228,228,228,228,228,228,228,228,228,228,228,228,228,4,0
CXA8210 de,ZBTJ,ZYTL,B5382,,228,228,228,228,228,228,228,228,228,228,228,228,228,228,228,228,228,228,228,228,228,228,228,228,228,228,4,0
CCA750 ar,VTBS,ZBTJ,B5442,,201,201,201,201,201,201,201,201,201,201,201,201,201,201,201,201,201,201,201,201,201,201,201,201,201,201,4,0
CCA1671 de,ZBTJ,ZGSZ,B5442,,203,203,203,203,203,203,203,203,203,203,203,203,203,203,203,203,203,203,203,203,203,203,203,203,203,203,4,0
CCA1672 ar,ZGSZ,ZBTJ,B5442,,202,202,202,202,202,202,202,202,202,202,202,202,202,202,202,202,202,202,202,202,202,202,202,202,202,202,4,0
CCA1655 de,ZBTJ,ZSPD,B5442,,109,109,109,109,109,109,109,109,109,109,109,109,109,109,109,109,109,109,109,109,109,109,109,109,109,109,4,0
CCA1468 ar,ZPPP,ZBTJ,B5447,,202,202,202,202,202,202,202,202,202,202,202,202,202,202,202,202,202,202,202,202,202,202,202,202,202,202,4,0
CCA151 de,ZBTJ,ZYTL,B5447,,203,203,203,203,203,203,203,203,203,203,203,203,203,203,203,203,203,203,203,203,203,203,203,203,203,203,4,0
CCA152 ar,ZYTL,ZBTJ,B5447,,201,201,201,201,201,201,201,201,201,201,201,201,201,201,201,201,201,201,201,201,201,201,201,201,201,201,4,0
CCA749 de,ZBTJ,VTBS,B5447,,107,107,107,107,107,107,107,107,107,107,107,107,107,107,107,107,107,107,107,107,107,107,107,107,107,107,4,0
CXA8476 ar,ZUGY,ZBTJ,B5488,,225,225,225,225,225,225,225,225,225,225,225,225,225,225,225,225,225,225,225,225,225,225,225,225,225,225,4,0
CXA8183 de,ZBTJ,ZBYC,B5488,,227,227,227,227,227,227,227,227,227,227,227,227,227,227,227,227,227,227,227,227,227,227,227,227,227,227,4,0
CXA8184 ar,ZBYC,ZBTJ,B5488,,227,227,227,227,227,227,227,227,227,227,227,227,227,227,227,227,227,227,227,227,227,227,227,227,227,227,4,0
CXA8134 de,ZBTJ,ZSAM,B5488,,227,227,227,227,227,227,227,227,227,227,227,227,227,227,227,227,227,227,227,227,227,227,227,227,227,227,4,0
CCA171 de,ZBTJ,RKSI,B5495,,203,203,203,203,203,203,203,203,203,203,203,203,203,203,203,203,203,203,203,203,203,203,203,203,203,203,4,0
CCA172 ar,RKSI,ZBTJ,B5495,,201,201,201,201,201,201,201,201,201,201,201,201,201,201,201,201,201,201,201,201,201,201,201,201,201,201,4,0
CCA1319 de,ZBTJ,ZGSZ,B5495,,108,108,108,108,108,108,108,108,108,108,108,108,108,108,108,108,108,108,108,108,108,108,108,108,108,108,4,0
CCA1320 ar,ZGSZ,ZBTJ,B5495,,201,201,201,201,201,201,201,201,201,201,201,201,201,201,201,201,201,201,201,201,201,201,201,201,201,201,4,0
CCA8128 ar,ZBHH,ZBTJ,B5508,,109,109,109,109,109,109,109,109,109,109,109,109,109,109,109,109,109,109,109,109,109,109,109,109,109,109,4,0
CCA8121 de,ZBTJ,ZWWW,B5508,,109,109,109,109,109,109,109,109,109,109,109,109,109,109,109,109,109,109,109,109,109,109,109,109,109,109,4,0
CCA8122 ar,ZWWW,ZBTJ,B5508,,202,202,202,202,202,202,202,202,202,202,202,202,202,202,202,202,202,202,202,202,202,202,202,202,202,202,4,0
CCA1260 ar,ZUGY,ZBTJ,B5518,,203,203,203,203,203,203,203,203,203,203,203,203,203,203,203,203,203,203,203,203,203,203,203,203,203,203,4,0
CCA1389 de,ZBTJ,ZJSY,B5518,,109,109,109,109,109,109,109,109,109,109,109,109,109,109,109,109,109,109,109,109,109,109,109,109,109,109,4,0
CCA1390 ar,ZJSY,ZBTJ,B5518,,202,202,202,202,202,202,202,202,202,202,202,202,202,202,202,202,202,202,202,202,202,202,202,202,202,202,4,0
CXA8240 ar,ZLXY,ZBTJ,B5528,,225,225,225,225,225,225,225,225,225,225,225,225,225,225,225,225,225,225,225,225,225,225,225,225,225,225,4,0
CXA8221 de,ZBTJ,ZLIC,B5528,,229,229,229,229,229,229,229,229,229,229,229,229,229,229,229,229,229,229,229,229,229,229,229,229,229,229,4,0
OKA2963 de,ZBTJ,ZJSY,B5571,,223,223,223,223,223,223,223,223,223,223,223,223,223,223,223,223,223,223,223,223,223,223,223,223,223,223,4,0
OKA2964 ar,ZJSY,ZBTJ,B5571,,225,225,225,225,225,225,225,225,225,225,225,225,225,225,225,225,225,225,225,225,225,225,225,225,225,225,4,0
CCA8130 ar,ZLIC,ZBTJ,B5572,,201,201,201,201,201,201,201,201,201,201,201,201,201,201,201,201,201,201,201,201,201,201,201,201,201,201,4,0
CCA1467 de,ZBTJ,ZPPP,B5572,,203,203,203,203,203,203,203,203,203,203,203,203,203,203,203,203,203,203,203,203,203,203,203,203,203,203,4,0
CCA1468 ar,ZPPP,ZBTJ,B5572,,202,202,202,202,202,202,202,202,202,202,202,202,202,202,202,202,202,202,202,202,202,202,202,202,202,202,4,0
OKA2751 de,ZBTJ,ZSHC,B5575,,224,224,224,224,224,224,224,224,224,224,224,224,224,224,224,224,224,224,224,224,224,224,224,224,224,224,4,0
OKA2752 ar,ZSHC,ZBTJ,B5575,,226,226,226,226,226,226,226,226,226,226,226,226,226,226,226,226,226,226,226,226,226,226,226,226,226,226,4,0
OKA2998 ar,ZSJH,ZBTJ,B5578,,223,223,223,223,223,223,223,223,223,223,223,223,223,223,223,223,223,223,223,223,223,223,223,223,223,223,4,0
OKA2884 de,ZBTJ,ZLXY,B5578,,223,223,223,223,223,223,223,223,223,223,223,223,223,223,223,223,223,223,223,223,223,223,223,223,223,223,4,0
CHH7791 ar,ZHYC,ZBTJ,B5580,,215,215,215,215,215,215,215,215,215,215,215,215,215,215,215,215,215,215,215,215,215,215,215,215,215,215,4,0
CHH7792 de,ZBTJ,ZHYC,B5580,,215,215,215,215,215,215,215,215,215,215,215,215,215,215,215,215,215,215,215,215,215,215,215,215,215,215,4,0
CCA1317 de,ZBTJ,ZGGG,B5585,,117,117,117,117,117,117,117,117,117,117,117,117,117,117,117,117,117,117,117,117,117,117,117,117,117,117,4,0
CCA1318 ar,ZGGG,ZBTJ,B5585,,201,201,201,201,201,201,201,201,201,201,201,201,201,201,201,201,201,201,201,201,201,201,201,201,201,201,4,0
CCA1673 de,ZBTJ,ZSHC,B5585,,201,201,201,201,201,201,201,201,201,201,201,201,201,201,201,201,201,201,201,201,201,201,201,201,201,201,4,0
CCA1674 ar,ZSHC,ZBTJ,B5585,,201,201,201,201,201,201,201,201,201,201,201,201,201,201,201,201,201,201,201,201,201,201,201,201,201,201,4,0
CCA1402 ar,ZPPP,ZBTJ,B5621,,202,202,202,202,202,202,202,202,202,202,202,202,202,202,202,202,202,202,202,202,202,202,202,202,202,202,4,0
CCA1619 de,ZBTJ,ZGSD,B5621,,108,108,108,108,108,108,108,108,108,108,108,108,108,108,108,108,108,108,108,108,108,108,108,108,108,108,4,0
CCA1620 ar,ZGSD,ZBTJ,B5621,,203,203,203,203,203,203,203,203,203,203,203,203,203,203,203,203,203,203,203,203,203,203,203,203,203,203,4,0
CCA8139 de,ZBTJ,ZUUU,B5621,,203,203,203,203,203,203,203,203,203,203,203,203,203,203,203,203,203,203,203,203,203,203,203,203,203,203,4,0
CHH7675 ar,ZSLY,ZBTJ,B5661,,211,211,211,211,211,211,211,211,211,211,211,211,211,211,211,211,211,211,211,211,211,211,211,211,211,211,4,0
CHH7676 de,ZBTJ,ZSLY,B5661,,211,211,211,211,211,211,211,211,211,211,211,211,211,211,211,211,211,211,211,211,211,211,211,211,211,211,4,0
CCA1533 de,ZBTJ,ZSSS,B5681,,108,108,108,108,108,108,108,108,108,108,108,108,108,108,108,108,108,108,108,108,108,108,108,108,108,108,4,0
CCA1534 ar,ZSSS,ZBTJ,B5681,,117,117,117,117,117,117,117,117,117,117,117,117,117,117,117,117,117,117,117,117,117,117,117,117,117,117,4,0
CCA1481 de,ZBTJ,ZGKL,B5681,,117,117,117,117,117,117,117,117,117,117,117,117,117,117,117,117,117,117,117,117,117,117,117,117,117,117,4,0
CCA1482 ar,ZGKL,ZBTJ,B5681,,203,203,203,203,203,203,203,203,203,203,203,203,203,203,203,203,203,203,203,203,203,203,203,203,203,203,4,0
CCA1670 ar,ZGHA,ZBTJ,B5696,,202,202,202,202,202,202,202,202,202,202,202,202,202,202,202,202,202,202,202,202,202,202,202,202,202,202,4,0
CCA1679 de,ZBTJ,ZUCK,B5696,,107,107,107,107,107,107,107,107,107,107,107,107,107,107,107,107,107,107,107,107,107,107,107,107,107,107,4,0
CCA1680 ar,ZUCK,ZBTJ,B5696,,202,202,202,202,202,202,202,202,202,202,202,202,202,202,202,202,202,202,202,202,202,202,202,202,202,202,4,0
CCA8357 de,ZBTJ,ZLXN,B5696,,202,202,202,202,202,202,202,202,202,202,202,202,202,202,202,202,202,202,202,202,202,202,202,202,202,202,4,0
CCA8358 ar,ZLXN,ZBTJ,B5696,,201,201,201,201,201,201,201,201,201,201,201,201,201,201,201,201,201,201,201,201,201,201,201,201,201,201,4,0
CSH9063 ar,ZSSS,ZBTJ,B5722,,219,219,219,219,219,219,219,219,219,219,219,219,219,219,219,219,219,219,219,219,219,219,219,219,219,219,4,0
CSH9064 de,ZBTJ,ZSSS,B5722,,219,219,219,219,219,219,219,219,219,219,219,219,219,219,219,219,219,219,219,219,219,219,219,219,219,219,4,0
LKE9631 ar,ZUMY,ZBTJ,B5732,,214,214,214,214,214,214,214,214,214,214,214,214,214,214,214,214,214,214,214,214,214,214,214,214,214,214,4,0
LKE9683 de,ZBTJ,ZLLL,B5732,,214,214,214,214,214,214,214,214,214,214,214,214,214,214,214,214,214,214,214,214,214,214,214,214,214,214,4,0
LKE9684 ar,ZLLL,ZBTJ,B5732,,206,206,206,206,206,206,206,206,206,206,206,206,206,206,206,206,206,206,206,206,206,206,206,206,206,206,4,0
LKE9632 de,ZBTJ,ZUMY,B5732,,210,210,210,210,210,210,210,210,210,210,210,210,210,210,210,210,210,210,210,210,210,210,210,210,210,210,4,0
CCA1371 de,ZBTJ,ZGSZ,B5793,,107,107,107,107,107,107,107,107,107,107,107,107,107,107,107,107,107,107,107,107,107,107,107,107,107,107,4,0
CCA1372 ar,ZGSZ,ZBTJ,B5793,,202,202,202,202,202,202,202,202,202,202,202,202,202,202,202,202,202,202,202,202,202,202,202,202,202,202,4,0
CCA1251 de,ZBTJ,ZLXY,B5793,,109,109,109,109,109,109,109,109,109,109,109,109,109,109,109,109,109,109,109,109,109,109,109,109,109,109,4,0
CCA1252 ar,ZLXY,ZBTJ,B5793,,203,203,203,203,203,203,203,203,203,203,203,203,203,203,203,203,203,203,203,203,203,203,203,203,203,203,4,0
CHH7797 ar,ZSCN,ZBTJ,B5798,,209,209,209,209,209,209,209,209,209,209,209,209,209,209,209,209,209,209,209,209,209,209,209,209,209,209,4,0
CHH7798 de,ZBTJ,ZSCN,B5798,,210,210,210,210,210,210,210,210,210,210,210,210,210,210,210,210,210,210,210,210,210,210,210,210,210,210,4,0
RLH5305 ar,ZLLL,ZBTJ,B5812,,115,115,115,115,115,115,115,115,115,115,115,115,115,115,115,115,115,115,115,115,115,115,115,115,115,115,4,0
RLH5306 de,ZBTJ,ZLLL,B5812,,111,111,111,111,111,111,111,111,111,111,111,111,111,111,111,111,111,111,111,111,111,111,111,111,111,111,4,0
OKA2992 ar,ZGHA,ZBTJ,B5843,,225,225,225,225,225,225,225,225,225,225,225,225,225,225,225,225,225,225,225,225,225,225,225,225,225,225,4,0
OKA2991 de,ZBTJ,ZGHA,B5843,,224,224,224,224,224,224,224,224,224,224,224,224,224,224,224,224,224,224,224,224,224,224,224,224,224,224,4,0
CCA8132 ar,ZGSD,ZBTJ,B5849,,221,221,221,221,221,221,221,221,221,221,221,221,221,221,221,221,221,221,221,221,221,221,221,221,221,221,4,0
CCA1417 de,ZBTJ,ZUGY,B5849,,107,107,107,107,107,107,107,107,107,107,107,107,107,107,107,107,107,107,107,107,107,107,107,107,107,107,4,0
CCA1418 ar,ZUGY,ZBTJ,B5849,,201,201,201,201,201,201,201,201,201,201,201,201,201,201,201,201,201,201,201,201,201,201,201,201,201,201,4,0
CCA1259 de,ZBTJ,ZUGY,B5849,,118,118,118,118,118,118,118,118,118,118,118,118,118,118,118,118,118,118,118,118,118,118,118,118,118,118,4,0
HXA2842 ar,ZBOW,ZBTJ,B601Z,,601,601,601,601,601,601,601,601,601,601,601,601,601,601,601,601,601,601,601,601,601,601,601,601,601,601,4,0
HXA2841 de,ZBTJ,ZBOW,B601Z,,601,601,601,601,601,601,601,601,601,601,601,601,601,601,601,601,601,601,601,601,601,601,601,601,601,601,4,0
CSH9115 ar,ZSSS,ZBTJ,B6107,,219,219,219,219,219,219,219,219,219,219,219,219,219,219,219,219,219,219,219,219,219,219,219,219,219,219,4,0
CSH9116 de,ZBTJ,ZSSS,B6107,,219,219,219,219,219,219,219,219,219,219,219,219,219,219,219,219,219,219,219,219,219,219,219,219,219,219,4,0
CES5753 ar,ZPBS,ZBTJ,B6142,,219,219,219,219,219,219,219,219,219,219,219,219,219,219,219,219,219,219,219,219,219,219,219,219,219,219,4,0
CES5754 de,ZBTJ,ZPBS,B6142,,217,217,217,217,217,217,217,217,217,217,217,217,217,217,217,217,217,217,217,217,217,217,217,217,217,217,4,0
CES5439 ar,ZSSS,ZBTJ,B6145,,219,219,219,219,219,219,219,219,219,219,219,219,219,219,219,219,219,219,219,219,219,219,219,219,219,219,4,0
CES5440 de,ZBTJ,ZSSS,B6145,,218,218,218,218,218,218,218,218,218,218,218,218,218,218,218,218,218,218,218,218,218,218,218,218,218,218,4,0
CES5787 ar,ZULZ,ZBTJ,B6148,,215,215,215,215,215,215,215,215,215,215,215,215,215,215,215,215,215,215,215,215,215,215,215,215,215,215,4,0
CES5788 de,ZBTJ,ZULZ,B6148,,217,217,217,217,217,217,217,217,217,217,217,217,217,217,217,217,217,217,217,217,217,217,217,217,217,217,4,0
CBJ5739 ar,ZPLJ,ZBTJ,B6178,,213,213,213,213,213,213,213,213,213,213,213,213,213,213,213,213,213,213,213,213,213,213,213,213,213,213,4,0
CBJ5740 de,ZBTJ,ZPLJ,B6178,,213,213,213,213,213,213,213,213,213,213,213,213,213,213,213,213,213,213,213,213,213,213,213,213,213,213,4,0
CCA136T de,ZBTJ,ZBAA,B6237,,108,108,108,108,108,108,108,108,108,108,108,108,108,108,108,108,108,108,108,108,108,108,108,108,108,108,4,0
CSN3979 ar,ZGHA,ZBTJ,B6251,,222,222,222,222,222,222,222,222,222,222,222,222,222,222,222,222,222,222,222,222,222,222,222,222,222,222,4,0
CSN3980 de,ZBTJ,ZGHA,B6251,,218,218,218,218,218,218,218,218,218,218,218,218,218,218,218,218,218,218,218,218,218,218,218,218,218,218,4,0
CSN3693 ar,ZGHA,ZBTJ,B6252,,220,220,220,220,220,220,220,220,220,220,220,220,220,220,220,220,220,220,220,220,220,220,220,220,220,220,4,0
CSN3694 de,ZBTJ,ZGHA,B6252,,218,218,218,218,218,218,218,218,218,218,218,218,218,218,218,218,218,218,218,218,218,218,218,218,218,218,4,0
CQH8914 ar,RKPC,ZBTJ,B6309,,110,110,110,110,110,110,110,110,110,110,110,110,110,110,110,110,110,110,110,110,110,110,110,110,110,110,4,0
CQH8989 de,ZBTJ,ZSYA,B6309,,111,111,111,111,111,111,111,111,111,111,111,111,111,111,111,111,111,111,111,111,111,111,111,111,111,111,4,0
CQH8990 ar,ZSYA,ZBTJ,B6310,,110,110,110,110,110,110,110,110,110,110,110,110,110,110,110,110,110,110,110,110,110,110,110,110,110,110,4,0
CQH8913 de,ZBTJ,RKPC,B6310,,110,110,110,110,110,110,110,110,110,110,110,110,110,110,110,110,110,110,110,110,110,110,110,110,110,110,4,0
CCA4187 ar,ZUUU,ZBTJ,B6386,,117,117,117,117,117,117,117,117,117,117,117,117,117,117,117,117,117,117,117,117,117,117,117,117,117,117,4,0
CCA4188 de,ZBTJ,ZUUU,B6386,,117,117,117,117,117,117,117,117,117,117,117,117,117,117,117,117,117,117,117,117,117,117,117,117,117,117,4,0
TBA9907 ar,ZUCK,ZBTJ,B6481,,112,112,112,112,112,112,112,112,112,112,112,112,112,112,112,112,112,112,112,112,112,112,112,112,112,112,4,0
TBA9908 de,ZBTJ,ZUCK,B6481,,111,111,111,111,111,111,111,111,111,111,111,111,111,111,111,111,111,111,111,111,111,111,111,111,111,111,4,0
CXA8380 ar,ZGSZ,ZBTJ,B6482,,225,225,225,225,225,225,225,225,225,225,225,225,225,225,225,225,225,225,225,225,225,225,225,225,225,225,4,0
CXA8313 de,ZBTJ,ZGGG,B6482,,225,225,225,225,225,225,225,225,225,225,225,225,225,225,225,225,225,225,225,225,225,225,225,225,225,225,4,0
CXA8314 ar,ZGGG,ZBTJ,B6482,,225,225,225,225,225,225,225,225,225,225,225,225,225,225,225,225,225,225,225,225,225,225,225,225,225,225,4,0
CXA8551 de,ZBTJ,ZSSS,B6482,,227,227,227,227,227,227,227,227,227,227,227,227,227,227,227,227,227,227,227,227,227,227,227,227,227,227,4,0
CXA8552 ar,ZSSS,ZBTJ,B6482,,227,227,227,227,227,227,227,227,227,227,227,227,227,227,227,227,227,227,227,227,227,227,227,227,227,227,4,0
CXA8164 de,ZBTJ,ZSAM,B6482,,227,227,227,227,227,227,227,227,227,227,227,227,227,227,227,227,227,227,227,227,227,227,227,227,227,227,4,0
CCA103 de,ZBTJ,VHHH,B6499,,117,117,117,117,117,117,117,117,117,117,117,117,117,117,117,117,117,117,117,117,117,117,117,117,117,118,4,0
CCA104 ar,VHHH,ZBTJ,B6499,,202,202,202,202,202,202,202,202,202,202,202,202,202,202,202,202,202,202,202,202,202,202,202,202,202,202,4,0
CCA1395 de,ZBTJ,ZGGG,B6499,,108,108,108,108,108,108,108,108,108,108,108,108,108,108,108,108,108,108,108,108,108,108,108,108,108,108,4,0
CSZ8749 ar,ZSOF,ZBTJ,B6565,,117,117,117,117,117,117,117,117,117,117,117,117,117,117,117,117,117,117,117,117,117,117,117,117,117,117,4,0
CSZ8750 de,ZBTJ,ZSOF,B6565,,109,109,109,109,109,109,109,109,109,109,109,109,109,109,109,109,109,109,109,109,109,109,109,109,109,109,4,0
CSN6653 ar,ZYCC,ZBTJ,B6583,,221,221,221,221,221,221,221,221,221,221,221,221,221,221,221,221,221,221,221,221,221,221,221,221,221,221,4,0
CSN6653 de,ZBTJ,ZGNN,B6583,,221,221,221,221,221,221,221,221,221,221,221,221,221,221,221,221,221,221,221,221,221,221,221,221,221,221,4,0
CSN6654 ar,ZGNN,ZBTJ,B6583,,221,221,221,221,221,221,221,221,221,221,221,221,221,221,221,221,221,221,221,221,221,221,221,221,221,221,4,0
CSN6654 de,ZBTJ,ZYCC,B6583,,221,221,221,221,221,221,221,221,221,221,221,221,221,221,221,221,221,221,221,221,221,221,221,221,221,221,4,0
CCA8225 ar,ZHHH,ZBTJ,B6606,,118,118,118,118,118,118,118,118,118,118,118,118,118,118,118,118,118,118,118,118,118,118,118,118,118,118,4,0
CCA8225 de,ZBTJ,ZYDQ,B6606,,118,118,118,118,118,118,118,118,118,118,118,118,118,118,118,118,118,118,118,118,118,118,118,118,118,118,4,0
CCA8226 ar,ZYDQ,ZBTJ,B6606,,118,118,118,118,118,118,118,118,118,118,118,118,118,118,118,118,118,118,118,118,118,118,118,118,118,118,4,0
CCA8226 de,ZBTJ,ZHHH,B6606,,118,118,118,118,118,118,118,118,118,118,118,118,118,118,118,118,118,118,118,118,118,118,118,118,118,118,4,0
CSN3133 ar,ZGGG,ZBTJ,B6628,,221,221,221,221,221,221,221,221,221,221,221,221,221,221,221,221,221,221,221,221,221,221,221,221,221,221,4,0
CSN3134 de,ZBTJ,ZGGG,B6628,,221,221,221,221,221,221,221,221,221,221,221,221,221,221,221,221,221,221,221,221,221,221,221,221,221,221,4,0
CQH8509 ar,ZSYN,ZBTJ,B6667,,110,110,110,110,110,110,110,110,110,110,110,110,110,110,110,110,110,110,110,110,110,110,110,110,110,110,4,0
CQH8510 de,ZBTJ,ZSYN,B6667,,110,110,110,110,110,110,110,110,110,110,110,110,110,110,110,110,110,110,110,110,110,110,110,110,110,110,4,0
CSC875Z de,ZBTJ,ZBAA,B6697,,110,110,110,110,110,110,110,110,110,110,110,110,110,110,110,110,110,110,110,110,110,110,110,110,110,110,4,0
CCA1771 ar,ZSHC,ZBTJ,B6733,,202,202,202,202,202,202,202,202,202,202,202,202,202,202,202,202,202,202,202,202,202,202,202,202,202,202,4,0
CCA1772 de,ZBTJ,ZSHC,B6733,,202,202,202,202,202,202,202,202,202,202,202,202,202,202,202,202,202,202,202,202,202,202,202,202,202,202,4,0
CSC8356 ar,ZGOW,ZBTJ,B6810,,112,112,112,112,112,112,112,112,112,112,112,112,112,112,112,112,112,112,112,112,112,112,112,112,112,112,4,0
CSC8357 de,ZBTJ,ZJHK,B6810,,113,113,113,113,113,113,113,113,113,113,113,113,113,113,113,113,113,113,113,113,113,113,113,113,113,113,4,0
CSC8358 ar,ZJHK,ZBTJ,B6810,,112,112,112,112,112,112,112,112,112,112,112,112,112,112,112,112,112,112,112,112,112,112,112,112,112,112,4,0
CSC8809 de,ZBTJ,ZUCK,B6810,,112,112,112,112,112,112,112,112,112,112,112,112,112,112,112,112,112,112,112,112,112,112,112,112,112,112,4,0
CXA8331 de,ZBTJ,ZHHH,B6818,,225,225,225,225,225,225,225,225,225,225,225,225,225,225,225,225,225,225,225,225,225,225,225,225,225,225,4,0
CXA8332 ar,ZHHH,ZBTJ,B6818,,227,227,227,227,227,227,227,227,227,227,227,227,227,227,227,227,227,227,227,227,227,227,227,227,227,227,4,0
CXA8194 de,ZBTJ,ZGHA,B6818,,225,225,225,225,225,225,225,225,225,225,225,225,225,225,225,225,225,225,225,225,225,225,225,225,225,225,4,0
GCR6511 ar,ZHHH,ZBTJ,B6837,,213,213,213,213,213,213,213,213,213,213,213,213,213,213,213,213,213,213,213,213,213,213,213,213,213,213,4,0
GCR6512 de,ZBTJ,ZHHH,B6837,,209,209,209,209,209,209,209,209,209,209,209,209,209,209,209,209,209,209,209,209,209,209,209,209,209,209,4,0
CSC8349 de,ZBTJ,ZGNN,B6839,,111,111,111,111,111,111,111,111,111,111,111,111,111,111,111,111,111,111,111,111,111,111,111,111,111,111,4,0
CSC8350 ar,ZGNN,ZBTJ,B6839,,114,114,114,114,114,114,114,114,114,114,114,114,114,114,114,114,114,114,114,114,114,114,114,114,114,114,4,0
CSC8355 de,ZBTJ,ZGOW,B6839,,110,110,110,110,110,110,110,110,110,110,110,110,110,110,110,110,110,110,110,110,110,110,110,110,110,110,4,0
CSC8356 ar,ZGOW,ZBTJ,B6839,,110,110,110,110,110,110,110,110,110,110,110,110,110,110,110,110,110,110,110,110,110,110,110,110,110,110,4,0
GCR7840 ar,ZWWW,ZBTJ,B6865,,223,223,223,223,223,223,223,223,223,223,223,223,223,223,223,223,223,223,223,223,223,223,223,223,223,223,4,0
GCR7839 de,ZBTJ,ZWWW,B6865,,205,205,205,205,205,205,205,205,205,205,205,205,205,205,205,205,205,205,205,205,205,205,205,205,205,205,4,0
CXA8209 ar,ZYTL,ZBTJ,B6889,,228,228,228,228,228,228,228,228,228,228,228,228,228,228,228,228,228,228,228,228,228,228,228,228,228,228,4,0
CXA8209 de,ZBTJ,ZLLL,B6889,,225,225,225,225,225,225,225,225,225,225,225,225,225,225,225,225,225,225,225,225,225,225,225,225,225,225,4,0
CSN6579 ar,ZYTL,ZBTJ,B6896,,221,221,221,221,221,221,221,221,221,221,221,221,221,221,221,221,221,221,221,221,221,221,221,221,221,221,4,0
CSN6579 de,ZBTJ,ZUCK,B6896,,221,221,221,221,221,221,221,221,221,221,221,221,221,221,221,221,221,221,221,221,221,221,221,221,221,221,4,0
CSN6580 ar,ZUCK,ZBTJ,B6896,,221,221,221,221,221,221,221,221,221,221,221,221,221,221,221,221,221,221,221,221,221,221,221,221,221,221,4,0
CSN6580 de,ZBTJ,ZYTL,B6896,,221,221,221,221,221,221,221,221,221,221,221,221,221,221,221,221,221,221,221,221,221,221,221,221,221,221,4,0
GCR7886 ar,ZGSZ,ZBTJ,B6903,,212,212,212,212,212,212,212,212,212,212,212,212,212,212,212,212,212,212,212,212,212,212,212,212,212,212,4,0
GCR7929 de,ZBTJ,ZLXY,B6903,,210,210,210,210,210,210,210,210,210,210,210,210,210,210,210,210,210,210,210,210,210,210,210,210,210,210,4,0
GCR7930 ar,ZLXY,ZBTJ,B6903,,214,214,214,214,214,214,214,214,214,214,214,214,214,214,214,214,214,214,214,214,214,214,214,214,214,214,4,0
CSC8567 ar,ZYHB,ZBTJ,B6920,,111,111,111,111,111,111,111,111,111,111,111,111,111,111,111,111,111,111,111,111,111,111,111,111,111,111,4,0
CSC8567 de,ZBTJ,ZLLL,B6920,,111,111,111,111,111,111,111,111,111,111,111,111,111,111,111,111,111,111,111,111,111,111,111,111,111,111,4,0
CSC8568 ar,ZLLL,ZBTJ,B6920,,111,111,111,111,111,111,111,111,111,111,111,111,111,111,111,111,111,111,111,111,111,111,111,111,111,111,4,0
CSC8568 de,ZBTJ,ZYHB,B6920,,112,112,112,112,112,112,112,112,112,112,112,112,112,112,112,112,112,112,112,112,112,112,112,112,112,112,4,0
CSS6971 ar,ZSHC,ZBTJ,B7082,,897,897,897,897,897,897,897,897,897,897,897,897,897,897,897,897,897,897,897,897,897,897,897,897,897,897,4,0
CSS6972 de,ZBTJ,ZSHC,B7082,,875,875,875,875,875,875,875,875,875,875,875,875,875,875,875,875,875,875,875,875,875,875,875,875,875,875,4,0
CDG2261 ar,ZYHB,ZBTJ,B7085,,201,201,201,201,201,201,201,201,201,201,201,201,201,201,201,201,201,201,201,201,201,201,201,201,201,201,4,0
CDG4693 de,ZBTJ,ZGSD,B7085,,107,107,107,107,107,107,107,107,107,107,107,107,107,107,107,107,107,107,107,107,107,107,107,107,107,107,4,0
CDG4694 ar,ZGSD,ZBTJ,B7085,,201,201,201,201,201,201,201,201,201,201,201,201,201,201,201,201,201,201,201,201,201,201,201,201,201,201,4,0
CDG2262 de,ZBTJ,ZYHB,B7085,,108,108,108,108,108,108,108,108,108,108,108,108,108,108,108,108,108,108,108,108,108,108,108,108,108,108,4,0
RLH6543 ar,ZHES,ZBTJ,B7088,,112,112,112,112,112,112,112,112,112,112,112,112,112,112,112,112,112,112,112,112,112,112,112,112,112,112,4,0
RLH6544 de,ZBTJ,ZHES,B7088,,113,113,113,113,113,113,113,113,113,113,113,113,113,113,113,113,113,113,113,113,113,113,113,113,113,113,4,0
FZA6587 ar,ZLXY,ZBTJ,B7105,,214,214,214,214,214,214,214,214,214,214,214,214,214,214,214,214,214,214,214,214,214,214,214,214,214,214,4,0
FZA6602 de,ZBTJ,ZSZS,B7105,,207,207,207,207,207,207,207,207,207,207,207,207,207,207,207,207,207,207,207,207,207,207,207,207,207,207,4,0
FZA6601 ar,ZSZS,ZBTJ,B7113,,213,213,213,213,213,213,213,213,213,213,213,213,213,213,213,213,213,213,213,213,213,213,213,213,213,213,4,0
FZA6588 de,ZBTJ,ZLXY,B7113,,213,213,213,213,213,213,213,213,213,213,213,213,213,213,213,213,213,213,213,213,213,213,213,213,213,213,4,0
CXA8125 ar,ZSAM,ZBTJ,B7179,,228,228,228,228,228,228,228,228,228,228,228,228,228,228,228,228,228,228,228,228,228,228,228,228,228,228,4,0
CXA8287 de,ZBTJ,ZSFZ,B7179,,229,229,229,229,229,229,229,229,229,229,229,229,229,229,229,229,229,229,229,229,229,229,229,229,229,229,4,0
CCA8362 ar,ZGSZ,ZBTJ,B7182,,202,202,202,202,202,202,202,202,202,202,202,202,202,202,202,202,202,202,202,202,202,202,202,202,202,202,4,0
CCA8361 de,ZBTJ,ZGSZ,B7182,,107,107,107,107,107,107,107,107,107,107,107,107,107,107,107,107,107,107,107,107,107,107,107,107,107,107,4,0
CUA2216 ar,ZSPD,ZBTJ,B7372,,113,113,113,113,113,113,113,113,113,113,113,113,113,113,113,113,113,113,113,113,113,113,113,113,113,113,4,0
CUA2215 de,ZBTJ,ZSPD,B7372,,110,110,110,110,110,110,110,110,110,110,110,110,110,110,110,110,110,110,110,110,110,110,110,110,110,110,4,0
OKA2897 de,ZBTJ,ZPPP,B7373,,223,223,223,223,223,223,223,223,223,223,223,223,223,223,223,223,223,223,223,223,223,223,223,223,223,223,4,0
OKA2898 ar,ZPPP,ZBTJ,B7373,,226,226,226,226,226,226,226,226,226,226,226,226,226,226,226,226,226,226,226,226,226,226,226,226,226,226,4,0
CXA8144 ar,ZSQZ,ZBTJ,B7559,,220,220,220,220,220,220,220,220,220,220,220,220,220,220,220,220,220,220,220,220,220,220,220,220,220,220,4,0
CXA8355 de,ZBTJ,ZSFZ,B7559,,227,227,227,227,227,227,227,227,227,227,227,227,227,227,227,227,227,227,227,227,227,227,227,227,227,227,4,0
CXA8356 ar,ZSFZ,ZBTJ,B7559,,227,227,227,227,227,227,227,227,227,227,227,227,227,227,227,227,227,227,227,227,227,227,227,227,227,227,4,0
CES5747 ar,ZPPP,ZBTJ,B7590,,219,219,219,219,219,219,219,219,219,219,219,219,219,219,219,219,219,219,219,219,219,219,219,219,219,219,4,0
CES5748 de,ZBTJ,ZPPP,B7590,,218,218,218,218,218,218,218,218,218,218,218,218,218,218,218,218,218,218,218,218,218,218,218,218,218,218,4,0
CCA1633 de,ZBTJ,ZHSY,B7595,,108,108,108,108,108,108,108,108,108,108,108,108,108,108,108,108,108,108,108,108,108,108,108,108,108,108,4,0
CCA1634 ar,ZHSY,ZBTJ,B7595,,202,202,202,202,202,202,202,202,202,202,202,202,202,202,202,202,202,202,202,202,202,202,202,202,202,202,4,0
CXA8175 ar,ZSHC,ZBTJ,B7823,,228,228,228,228,228,228,228,228,228,228,228,228,228,228,228,228,228,228,228,228,228,228,228,228,228,228,4,0
CXA8239 de,ZBTJ,ZLXY,B7823,,225,225,225,225,225,225,225,225,225,225,225,225,225,225,225,225,225,225,225,225,225,225,225,225,225,225,4,0
CXA8028 ar,ZYHB,ZBTJ,B7826,,226,226,226,226,226,226,226,226,226,226,226,226,226,226,226,226,226,226,226,226,226,226,226,226,226,226,4,0
CXA8028 de,ZBTJ,ZUCK,B7826,,225,225,225,225,225,225,225,225,225,225,225,225,225,225,225,225,225,225,225,225,225,225,225,225,225,225,4,0
CCA1388 ar,ZGGG,ZBTJ,B7890,,221,221,221,221,221,221,221,221,221,221,221,221,221,221,221,221,221,221,221,221,221,221,221,221,221,221,4,0
CCA1427 de,ZBTJ,ZUUU,B7890,,203,203,203,203,203,203,203,203,203,203,203,203,203,203,203,203,203,203,203,203,203,203,203,203,203,203,4,0
CCA1428 ar,ZUUU,ZBTJ,B7890,,201,201,201,201,201,201,201,201,201,201,201,201,201,201,201,201,201,201,201,201,201,201,201,201,201,201,4,0
CCA1523 de,ZBTJ,ZSSS,B7890,,201,201,201,201,201,201,201,201,201,201,201,201,201,201,201,201,201,201,201,201,201,201,201,201,201,201,4,0
CCA1524 ar,ZSSS,ZBTJ,B7890,,202,202,202,202,202,202,202,202,202,202,202,202,202,202,202,202,202,202,202,202,202,202,202,202,202,202,4,0
CCA9697 de,ZBTJ,ZLXN,B7893,,203,203,203,203,203,203,203,203,203,203,203,203,203,203,203,203,203,203,203,203,203,203,203,203,203,203,4,0
CCA9698 ar,ZLXN,ZBTJ,B7893,,203,203,203,203,203,203,203,203,203,203,203,203,203,203,203,203,203,203,203,203,203,203,203,203,203,203,4,0
CCA8127 de,ZBTJ,ZBHH,B7893,,108,108,108,108,108,108,108,108,108,108,108,108,108,108,108,108,108,108,108,108,108,108,108,108,108,108,4,0
CCA1678 ar,ZYHB,ZBTJ,B7896,,202,202,202,202,202,202,202,202,202,202,202,202,202,202,202,202,202,202,202,202,202,202,202,202,202,202,4,0
CCA735 de,ZBTJ,RJBB,B7896,,107,107,107,107,107,107,107,107,107,107,107,107,107,107,107,107,107,107,107,107,107,107,107,107,107,107,4,0
CCA736 ar,RJBB,ZBTJ,B7896,,201,201,201,201,201,201,201,201,201,201,201,201,201,201,201,201,201,201,201,201,201,201,201,201,201,201,4,0
CCA8129 de,ZBTJ,ZLIC,B7896,,117,117,117,117,117,117,117,117,117,117,117,117,117,117,117,117,117,117,117,117,117,117,117,117,117,117,4,0
CSN6893 ar,ZWWW,ZBTJ,B7969,,221,221,221,221,221,221,221,221,221,221,221,221,221,221,221,221,221,221,221,221,221,221,221,221,221,221,4,0
CSN6894 de,ZBTJ,ZWWW,B7970,,218,218,218,218,218,218,218,218,218,218,218,218,218,218,218,218,218,218,218,218,218,218,218,218,218,218,4,0
CDG8053 ar,ZSAM,ZBTJ,B7976,,202,202,202,202,202,202,202,202,202,202,202,202,202,202,202,202,202,202,202,202,202,202,202,202,202,202,4,0
CDG8053 de,ZBTJ,ZBLA,B7976,,202,202,202,202,202,202,202,202,202,202,202,202,202,202,202,202,202,202,202,202,202,202,202,202,202,202,4,0
CDG8054 ar,ZBLA,ZBTJ,B7976,,117,117,117,117,117,117,117,117,117,117,117,117,117,117,117,117,117,117,117,117,117,117,117,117,117,117,4,0
CDG8054 de,ZBTJ,ZSAM,B7976,,108,108,108,108,108,108,108,108,108,108,108,108,108,108,108,108,108,108,108,108,108,108,108,108,108,108,4,0
GCR7866 ar,ZJHK,ZBTJ,B8062,,211,211,211,211,211,211,211,211,211,211,211,211,211,211,211,211,211,211,211,211,211,211,211,211,211,211,4,0
GCR7971 de,ZBTJ,RJCC,B8062,,211,211,211,211,211,211,211,211,211,211,211,211,211,211,211,211,211,211,211,211,211,211,211,211,211,211,4,0
GCR7972 ar,RJCC,ZBTJ,B8062,,214,214,214,214,214,214,214,214,214,214,214,214,214,214,214,214,214,214,214,214,214,214,214,214,214,214,4,0
GCR7805 de,ZBTJ,ZSNB,B8062,,209,209,209,209,209,209,209,209,209,209,209,209,209,209,209,209,209,209,209,209,209,209,209,209,209,209,4,0
GCR7583 ar,ZLXY,ZBTJ,B8075,,213,213,213,213,213,213,213,213,213,213,213,213,213,213,213,213,213,213,213,213,213,213,213,213,213,213,4,0
GCR7583 de,ZBTJ,ZYHB,B8075,,205,205,205,205,205,205,205,205,205,205,205,205,205,205,205,205,205,205,205,205,205,205,205,205,205,205,4,0
GCR7584 ar,ZYHB,ZBTJ,B8075,,214,214,214,214,214,214,214,214,214,214,214,214,214,214,214,214,214,214,214,214,214,214,214,214,214,214,4,0
GCR7584 de,ZBTJ,ZLXY,B8075,,211,211,211,211,211,211,211,211,211,211,211,211,211,211,211,211,211,211,211,211,211,211,211,211,211,211,4,0
CCA1931 ar,ZSWZ,ZBTJ,B8337,,201,201,201,201,201,201,201,201,201,201,201,201,201,201,201,201,201,201,201,201,201,201,201,201,201,201,4,0
CCA1932 de,ZBTJ,ZSWZ,B8337,,201,201,201,201,201,201,201,201,201,201,201,201,201,201,201,201,201,201,201,201,201,201,201,201,201,201,4,0
GCR7881 de,ZBTJ,ZSPD,B8381,,211,211,211,211,211,211,211,211,211,211,211,211,211,211,211,211,211,211,211,211,211,211,211,211,211,211,4,0
GCR7882 ar,ZSPD,ZBTJ,B8381,,207,207,207,207,207,207,207,207,207,207,207,207,207,207,207,207,207,207,207,207,207,207,207,207,207,207,4,0
GCR7925 de,ZBTJ,ZUCK,B8381,,209,209,209,209,209,209,209,209,209,209,209,209,209,209,209,209,209,209,209,209,209,209,209,209,209,209,4,0
GCR7926 ar,ZUCK,ZBTJ,B8381,,213,213,213,213,213,213,213,213,213,213,213,213,213,213,213,213,213,213,213,213,213,213,213,213,213,213,4,0
CCA8356 ar,ZSWZ,ZBTJ,B8493,,201,201,201,201,201,201,201,201,201,201,201,201,201,201,201,201,201,201,201,201,201,201,201,201,201,201,4,0
CCA8355 de,ZBTJ,ZSWZ,B8493,,108,108,108,108,108,108,108,108,108,108,108,108,108,108,108,108,108,108,108,108,108,108,108,108,108,108,4,0
GCR7840 ar,ZWWW,ZBTJ,B8505,,211,211,211,211,211,211,211,211,211,211,211,211,211,211,211,211,211,211,211,211,211,211,211,211,211,211,4,0
GCR7906 ar,ZUCK,ZBTJ,B8596,,212,212,212,212,212,212,212,212,212,212,212,212,212,212,212,212,212,212,212,212,212,212,212,212,212,212,4,0
GCR7895 de,ZBTJ,ZGGG,B8596,,212,212,212,212,212,212,212,212,212,212,212,212,212,212,212,212,212,212,212,212,212,212,212,212,212,212,4,0
GCR7896 ar,ZGGG,ZBTJ,B8596,,212,212,212,212,212,212,212,212,212,212,212,212,212,212,212,212,212,212,212,212,212,212,212,212,212,212,4,0
GCR7905 de,ZBTJ,ZUCK,B8596,,212,212,212,212,212,212,212,212,212,212,212,212,212,212,212,212,212,212,212,212,212,212,212,212,212,212,4,0
GCR7863 de,ZBTJ,ZHHH,B8597,,209,209,209,209,209,209,209,209,209,209,209,209,209,209,209,209,209,209,209,209,209,209,209,209,209,209,4,0
GCR7864 ar,ZHHH,ZBTJ,B8597,,212,212,212,212,212,212,212,212,212,212,212,212,212,212,212,212,212,212,212,212,212,212,212,212,212,212,4,0
GCR7871 de,ZBTJ,ZJSY,B8597,,211,211,211,211,211,211,211,211,211,211,211,211,211,211,211,211,211,211,211,211,211,211,211,211,211,211,4,0
GCR7872 ar,ZJSY,ZBTJ,B8597,,211,211,211,211,211,211,211,211,211,211,211,211,211,211,211,211,211,211,211,211,211,211,211,211,211,211,4,0
UEA2775 ar,ZUUU,ZBTJ,B8607,,111,111,111,111,111,111,111,111,111,111,111,111,111,111,111,111,111,111,111,111,111,111,111,111,111,111,4,0
UEA2775 de,ZBTJ,ZBUL,B8607,,111,111,111,111,111,111,111,111,111,111,111,111,111,111,111,111,111,111,111,111,111,111,111,111,111,111,4,0
UEA2776 ar,ZBUL,ZBTJ,B8607,,110,110,110,110,110,110,110,110,110,110,110,110,110,110,110,110,110,110,110,110,110,110,110,110,110,110,4,0
UEA2776 de,ZBTJ,ZUUU,B8607,,113,113,113,113,113,113,113,113,113,113,113,113,113,113,113,113,113,113,113,113,113,113,113,113,113,113,4,0
GCR7862 ar,ZPPP,ZBTJ,B8659,,211,211,211,211,211,211,211,211,211,211,211,211,211,211,211,211,211,211,211,211,211,211,211,211,211,211,4,0
GCR7855 de,ZBTJ,ZPPP,B8659,,212,212,212,212,212,212,212,212,212,212,212,212,212,212,212,212,212,212,212,212,212,212,212,212,212,212,4,0
GCR7856 ar,ZPPP,ZBTJ,B8659,,212,212,212,212,212,212,212,212,212,212,212,212,212,212,212,212,212,212,212,212,212,212,212,212,212,212,4,0
GCR7885 de,ZBTJ,ZGSZ,B8659,,212,212,212,212,212,212,212,212,212,212,212,212,212,212,212,212,212,212,212,212,212,212,212,212,212,212,4,0
CSZ9121 ar,ZGSZ,ZBTJ,B8665,,201,201,201,201,201,201,201,201,201,201,201,201,201,201,201,201,201,201,201,201,201,201,201,201,201,201,4,0
CSZ9122 de,ZBTJ,ZGSZ,B8665,,201,201,201,201,201,201,201,201,201,201,201,201,201,201,201,201,201,201,201,201,201,201,201,201,201,201,4,0
CSZ9123 ar,ZGSZ,ZBTJ,B8665,,117,117,117,117,117,117,117,117,117,117,117,117,117,117,117,117,117,117,117,117,117,117,117,117,117,117,4,0
CSZ9124 de,ZBTJ,ZGSZ,B8665,,117,117,117,117,117,117,117,117,117,117,117,117,117,117,117,117,117,117,117,117,117,117,117,117,117,117,4,0
HXA2670 ar,ZLGY,ZBTJ,B8695,,602,602,602,602,602,602,602,602,602,602,602,602,602,602,602,602,602,602,602,602,602,602,602,602,602,602,4,0
HXA2669 de,ZBTJ,ZLGY,B8695,,602,602,602,602,602,602,602,602,602,602,602,602,602,602,602,602,602,602,602,602,602,602,602,602,602,602,4,0
GCR7897 de,ZBTJ,ZUCK,B8776,,210,210,210,210,210,210,210,210,210,210,210,210,210,210,210,210,210,210,210,210,210,210,210,210,210,210,4,0
GCR7898 ar,ZUCK,ZBTJ,B8776,,210,210,210,210,210,210,210,210,210,210,210,210,210,210,210,210,210,210,210,210,210,210,210,210,210,210,4,0
GCR7861 de,ZBTJ,ZPPP,B8776,,211,211,211,211,211,211,211,211,211,211,211,211,211,211,211,211,211,211,211,211,211,211,211,211,211,211,4,0
TBA9877 ar,ZUUU,ZBTJ,B8842,,112,112,112,112,112,112,112,112,112,112,112,112,112,112,112,112,112,112,112,112,112,112,112,112,112,112,4,0
TBA9877 de,ZBTJ,ZYCC,B8842,,110,110,110,110,110,110,110,110,110,110,110,110,110,110,110,110,110,110,110,110,110,110,110,110,110,110,4,0
TBA9878 ar,ZYCC,ZBTJ,B8842,,112,112,112,112,112,112,112,112,112,112,112,112,112,112,112,112,112,112,112,112,112,112,112,112,112,112,4,0
TBA9878 de,ZBTJ,ZUUU,B8842,,112,112,112,112,112,112,112,112,112,112,112,112,112,112,112,112,112,112,112,112,112,112,112,112,112,112,4,0
GCR7852 ar,ZSHC,ZBTJ,B8952,,212,212,212,212,212,212,212,212,212,212,212,212,212,212,212,212,212,212,212,212,212,212,212,212,212,212,4,0
GCR7851 de,ZBTJ,ZSHC,B8952,,210,210,210,210,210,210,210,210,210,210,210,210,210,210,210,210,210,210,210,210,210,210,210,210,210,210,4,0
GCR7990 ar,RJTT,ZBTJ,B8959,,212,212,212,212,212,212,212,212,212,212,212,212,212,212,212,212,212,212,212,212,212,212,212,212,212,212,4,0
GCR7965 de,ZBTJ,ZUCK,B8959,,212,212,212,212,212,212,212,212,212,212,212,212,212,212,212,212,212,212,212,212,212,212,212,212,212,212,4,0
CSC8815 ar,ZSHC,ZBTJ,B8961,,112,112,112,112,112,112,112,112,112,112,112,112,112,112,112,112,112,112,112,112,112,112,112,112,112,112,4,0
CSC8815 de,ZBTJ,ZYCC,B8961,,112,112,112,112,112,112,112,112,112,112,112,112,112,112,112,112,112,112,112,112,112,112,112,112,112,112,4,0
CSC8816 ar,ZYCC,ZBTJ,B8961,,110,110,110,110,110,110,110,110,110,110,110,110,110,110,110,110,110,110,110,110,110,110,110,110,110,110,4,0
CSC8816 de,ZBTJ,ZSHC,B8961,,110,110,110,110,110,110,110,110,110,110,110,110,110,110,110,110,110,110,110,110,110,110,110,110,110,110,4,0
CSC8675 de,ZBTJ,ZSSH,B9937,,113,113,113,113,113,113,113,113,113,113,113,113,113,113,113,113,113,113,113,113,113,113,113,113,113,113,4,0
CSC8676 ar,ZSSH,ZBTJ,B9937,,112,112,112,112,112,112,112,112,112,112,112,112,112,112,112,112,112,112,112,112,112,112,112,112,112,112,4,0
CSZ8747 ar,ZSNT,ZBTJ,B9939,,118,118,118,118,118,118,118,118,118,118,118,118,118,118,118,118,118,118,118,118,118,118,118,118,118,118,4,0
CSZ8748 de,ZBTJ,ZSNT,B9939,,118,118,118,118,118,118,118,118,118,118,118,118,118,118,118,118,118,118,118,118,118,118,118,118,118,118,4,0
CBJ5195 ar,ZJSY,ZBTJ,B9961,,211,211,211,211,211,211,211,211,211,211,211,211,211,211,211,211,211,211,211,211,211,211,211,211,211,211,4,0
CBJ5196 de,ZBTJ,ZJSY,B9961,,205,205,205,205,205,205,205,205,205,205,205,205,205,205,205,205,205,205,205,205,205,205,205,205,205,205,4,0
CRK363 de,ZBTJ,VHHH,BLHB,,101,101,101,101,101,101,101,101,101,101,101,101,101,101,101,101,101,101,101,101,101,101,101,101,101,101,4,0
CRK362 ar,VHHH,ZBTJ,BLNU,,105,105,105,105,105,105,105,105,105,105,105,105,105,105,105,105,105,105,105,105,105,105,105,105,105,105,4,0
AMU238 ar,VMMC,ZBTJ,BMCK,,103,103,103,103,103,103,103,103,103,103,103,103,103,103,103,103,103,103,103,103,103,103,103,103,103,103,4,0
AMU237 de,ZBTJ,VMMC,BMCK,,103,103,103,103,103,103,103,103,103,103,103,103,103,103,103,103,103,103,103,103,103,103,103,103,103,103,4,0
KAL805 ar,RKSI,ZBTJ,HL8002,,105,105,105,105,105,105,105,105,105,105,105,105,105,105,105,105,105,105,105,105,105,105,105,105,105,105,4,0
KAL806 de,ZBTJ,RKSI,HL8002,,101,101,101,101,101,101,101,101,101,101,101,101,101,101,101,101,101,101,101,101,101,101,101,101,101,101,4,0
KAL317 ar,RKSI,ZBTJ,HL8005,,105,105,105,105,105,105,105,105,105,105,105,105,105,105,105,105,105,105,105,105,105,105,105,105,105,105,4,0
KAL318 de,ZBTJ,RKSI,HL8005,,101,101,101,101,101,101,101,101,101,101,101,101,101,101,101,101,101,101,101,101,101,101,101,101,101,101,4,0
AAR327 ar,RKSI,ZBTJ,HL8267,,103,103,103,103,103,103,103,103,103,103,103,103,103,103,103,103,103,103,103,103,103,103,103,103,103,103,4,0
AAR328 de,ZBTJ,RKSI,HL8267,,103,103,103,103,103,103,103,103,103,103,103,103,103,103,103,103,103,103,103,103,103,103,103,103,103,103,4,0
KAL863 ar,RKSI,ZBTJ,HL8273,,103,103,103,103,103,103,103,103,103,103,103,103,103,103,103,103,103,103,103,103,103,103,103,103,103,103,4,0
KAL864 de,ZBTJ,RKSI,HL8273,,101,101,101,101,101,101,101,101,101,101,101,101,101,101,101,101,101,101,101,101,101,101,101,101,101,101,4,0
NCT880 ar,VTBD,ZBTJ,HSXBE,,105,105,105,105,105,105,105,105,105,105,105,105,105,105,105,105,105,105,105,105,105,105,105,105,105,105,4,0
NCT879 de,ZBTJ,VTBD,HSXBE,,101,101,101,101,101,101,101,101,101,101,101,101,101,101,101,101,101,101,101,101,101,101,101,101,101,101,4,0
SJO254 de,ZBTJ,RJAA,JA03GR,,101,101,101,101,101,101,101,101,101,101,101,101,101,101,101,101,101,101,101,101,101,101,101,101,101,101,4,0
SJO253 ar,RJAA,ZBTJ,JA05GR,,103,103,103,103,103,103,103,103,103,103,103,103,103,103,103,103,103,103,103,103,103,103,103,103,103,103,4,0
JAL841 ar,RJGG,ZBTJ,JA310J,,104,104,104,104,104,104,104,104,104,104,104,104,104,104,104,104,104,104,104,104,104,104,104,104,104,104,4,0
JAL840 de,ZBTJ,RJGG,JA310J,,101,101,101,101,101,101,101,101,101,101,101,101,101,101,101,101,101,101,101,101,101,101,101,101,101,101,4,0
ANA8503 ar,RJAA,ZBTJ,JA8970,,104,104,104,104,104,104,104,104,104,104,104,104,104,104,104,104,104,104,104,104,104,104,104,104,104,104,4,0
ANA8504 de,ZBTJ,RJAA,JA8970,,101,101,101,101,101,101,101,101,101,101,101,101,101,101,101,101,101,101,101,101,101,101,101,101,101,101,4,0
LNI2749 ar,WAMM,ZBTJ,PKLPH,,103,103,103,103,103,103,103,103,103,103,103,103,103,103,103,103,103,103,103,103,103,103,103,103,103,103,4,0
LNI2748 de,ZBTJ,WAMM,PKLPH,,101,101,101,101,101,101,101,101,101,101,101,101,101,101,101,101,101,101,101,101,101,101,101,101,101,101,4,0
NEWTGW138 ar,Default,ZBTJ,NEW9VOJB,90.0,102,102,102,102,102,102,102,102,102,102,102,102,102,102,102,102,102,102,102,102,102,102,102,102,102,102,4,0
NEWTGW139 de,ZBTJ,Default,NEW9VOJB,0.0,102,102,102,102,102,102,102,102,102,102,102,102,102,102,102,102,102,102,102,102,102,102,102,102,102,102,4,0
NEWDKH1136 de,ZBTJ,Default,NEWB1006,0.0,114,114,114,114,114,114,114,114,114,114,114,114,114,114,114,114,114,114,114,114,114,114,114,114,114,114,4,0
NEWDKH1136 ar,Default,ZBTJ,NEWB1006,60.0,110,110,110,110,110,110,110,110,110,110,110,110,110,110,110,110,110,110,110,110,110,110,110,110,110,110,4,0
NEWGCR7854 ar,Default,ZBTJ,NEWB1030,60.0,213,213,213,213,213,213,213,213,213,213,213,213,213,213,213,213,213,213,213,213,213,213,213,213,213,213,4,0
NEWGCR7889 de,ZBTJ,Default,NEWB1030,0.0,211,211,211,211,211,211,211,211,211,211,211,211,211,211,211,211,211,211,211,211,211,211,211,211,211,211,4,0
NEWCES2370 ar,Default,ZBTJ,NEWB1211,60.0,215,215,215,215,215,215,215,215,215,215,215,215,215,215,215,215,215,215,215,215,215,215,215,215,215,215,4,0
NEWCES2370 de,ZBTJ,Default,NEWB1211,0.0,216,216,216,216,216,216,216,216,216,216,216,216,216,216,216,216,216,216,216,216,216,216,216,216,216,216,4,0
NEWCES2369 ar,Default,ZBTJ,NEWB1211,60.0,216,216,216,216,216,216,216,216,216,216,216,216,216,216,216,216,216,216,216,216,216,216,216,216,216,216,4,0
NEWCES2369 de,ZBTJ,Default,NEWB1211,0.0,216,216,216,216,216,216,216,216,216,216,216,216,216,216,216,216,216,216,216,216,216,216,216,216,216,216,4,0
NEWCSN316Y de,ZBTJ,Default,NEWB1243,0.0,221,221,221,221,221,221,221,221,221,221,221,221,221,221,221,221,221,221,221,221,221,221,221,221,221,221,4,0
NEWOKA3083 de,ZBTJ,Default,NEWB1267,0.0,223,223,223,223,223,223,223,223,223,223,223,223,223,223,223,223,223,223,223,223,223,223,223,223,223,223,4,0
NEWOKA2820 ar,Default,ZBTJ,NEWB1267,60.0,223,223,223,223,223,223,223,223,223,223,223,223,223,223,223,223,223,223,223,223,223,223,223,223,223,223,4,0
NEWCXA8146 ar,Default,ZBTJ,NEWB1302,60.0,227,227,227,227,227,227,227,227,227,227,227,227,227,227,227,227,227,227,227,227,227,227,227,227,227,227,4,0
NEWCXA8146 de,ZBTJ,Default,NEWB1302,0.0,225,225,225,225,225,225,225,225,225,225,225,225,225,225,225,225,225,225,225,225,225,225,225,225,225,225,4,0
NEWCXA8145 de,ZBTJ,Default,NEWB1302,0.0,225,225,225,225,225,225,225,225,225,225,225,225,225,225,225,225,225,225,225,225,225,225,225,225,225,225,4,0
NEWCXA8145 ar,Default,ZBTJ,NEWB1302,150.0,225,225,225,225,225,225,225,225,225,225,225,225,225,225,225,225,225,225,225,225,225,225,225,225,225,225,4,0
NEWOKA2851 de,ZBTJ,Default,NEWB1337,0.0,224,224,224,224,224,224,224,224,224,224,224,224,224,224,224,224,224,224,224,224,224,224,224,224,224,224,4,0
NEWCCA1528 ar,Default,ZBTJ,NEWB1418,60.0,118,118,118,118,118,118,118,118,118,118,118,118,118,118,118,118,118,118,118,118,118,118,118,118,118,118,4,0
NEWOKA3025 de,ZBTJ,Default,NEWB1521,0.0,223,223,223,223,223,223,223,223,223,223,223,223,223,223,223,223,223,223,223,223,223,223,223,223,223,223,4,0
NEWOKA2787 ar,Default,ZBTJ,NEWB1521,90.0,222,222,222,222,222,222,222,222,222,222,222,222,222,222,222,222,222,222,222,222,222,222,222,222,222,222,4,0
NEWCCA1388 ar,Default,ZBTJ,NEWB1528,120.0,108,108,108,108,108,108,108,108,108,108,108,108,108,108,108,108,108,108,108,108,108,108,108,108,108,108,4,0
NEWFZA6569 ar,Default,ZBTJ,NEWB1559,60.0,213,213,213,213,213,213,213,213,213,213,213,213,213,213,213,213,213,213,213,213,213,213,213,213,213,213,4,0
NEWFZA6570 de,ZBTJ,Default,NEWB1559,0.0,213,213,213,213,213,213,213,213,213,213,213,213,213,213,213,213,213,213,213,213,213,213,213,213,213,213,4,0
NEWOKA2931 de,ZBTJ,Default,NEWB1581,0.0,223,223,223,223,223,223,223,223,223,223,223,223,223,223,223,223,223,223,223,223,223,223,223,223,223,223,4,0
NEWOKA2883 ar,Default,ZBTJ,NEWB1581,60.0,222,222,222,222,222,222,222,222,222,222,222,222,222,222,222,222,222,222,222,222,222,222,222,222,222,222,4,0
NEWEVA730 ar,Default,ZBTJ,NEWB16201,60.0,106,106,106,106,106,106,106,106,106,106,106,106,106,106,106,106,106,106,106,106,106,106,106,106,106,106,4,0
NEWEVA729 de,ZBTJ,Default,NEWB16201,0.0,102,102,102,102,102,102,102,102,102,102,102,102,102,102,102,102,102,102,102,102,102,102,102,102,102,102,4,0
NEWCXA8027 ar,Default,ZBTJ,NEWB1708,60.0,230,230,230,230,230,230,230,230,230,230,230,230,230,230,230,230,230,230,230,230,230,230,230,230,230,230,4,0
NEWCXA8027 de,ZBTJ,Default,NEWB1708,0.0,225,225,225,225,225,225,225,225,225,225,225,225,225,225,225,225,225,225,225,225,225,225,225,225,225,225,4,0
NEWJYH1056 de,ZBTJ,Default,NEWB1715,0.0,110,110,110,110,110,110,110,110,110,110,110,110,110,110,110,110,110,110,110,110,110,110,110,110,110,110,4,0
NEWJYH1055 ar,Default,ZBTJ,NEWB1715,60.0,110,110,110,110,110,110,110,110,110,110,110,110,110,110,110,110,110,110,110,110,110,110,110,110,110,110,4,0
NEWCHH7497 ar,Default,ZBTJ,NEWB1795,60.0,210,210,210,210,210,210,210,210,210,210,210,210,210,210,210,210,210,210,210,210,210,210,210,210,210,210,4,0
NEWCHH7498 de,ZBTJ,Default,NEWB1795,0.0,211,211,211,211,211,211,211,211,211,211,211,211,211,211,211,211,211,211,211,211,211,211,211,211,211,211,4,0
NEWOKA3086 ar,Default,ZBTJ,NEWB1962,60.0,222,222,222,222,222,222,222,222,222,222,222,222,222,222,222,222,222,222,222,222,222,222,222,222,222,222,4,0
NEWCSH9132 de,ZBTJ,Default,NEWB20A9,0.0,218,218,218,218,218,218,218,218,218,218,218,218,218,218,218,218,218,218,218,218,218,218,218,218,218,218,4,0
NEWCSH9131 ar,Default,ZBTJ,NEWB20A9,60.0,219,219,219,219,219,219,219,219,219,219,219,219,219,219,219,219,219,219,219,219,219,219,219,219,219,219,4,0
NEWCTJ3809 de,ZBTJ,Default,NEWB2945,0.0,876,876,876,876,876,876,876,876,876,876,876,876,876,876,876,876,876,876,876,876,876,876,876,876,876,876,4,0
NEWGCR7819 de,ZBTJ,Default,NEWB302C,0.0,208,208,208,208,208,208,208,208,208,208,208,208,208,208,208,208,208,208,208,208,208,208,208,208,208,208,4,0
NEWGCR7977 de,ZBTJ,Default,NEWB302D,0.0,414,414,414,414,414,414,414,414,414,414,414,414,414,414,414,414,414,414,414,414,414,414,414,414,414,414,4,0
NEWGCR7577 ar,Default,ZBTJ,NEWB302X,120.0,214,214,214,214,214,214,214,214,214,214,214,214,214,214,214,214,214,214,214,214,214,214,214,214,214,214,4,0
NEWGCR7577 de,ZBTJ,Default,NEWB302X,0.0,214,214,214,214,214,214,214,214,214,214,214,214,214,214,214,214,214,214,214,214,214,214,214,214,214,214,4,0
NEWCES5144 de,ZBTJ,Default,NEWB303E,0.0,216,216,216,216,216,216,216,216,216,216,216,216,216,216,216,216,216,216,216,216,216,216,216,216,216,216,4,0
NEWCES5144 ar,Default,ZBTJ,NEWB303E,60.0,219,219,219,219,219,219,219,219,219,219,219,219,219,219,219,219,219,219,219,219,219,219,219,219,219,219,4,0
NEWHXA4337 ar,Default,ZBTJ,NEWB303P,90.0,602,602,602,602,602,602,602,602,602,602,602,602,602,602,602,602,602,602,602,602,602,602,602,602,602,602,4,0
NEWHXA4903 de,ZBTJ,Default,NEWB303P,0.0,602,602,602,602,602,602,602,602,602,602,602,602,602,602,602,602,602,602,602,602,602,602,602,602,602,602,4,0
NEWCSN3301 ar,Default,ZBTJ,NEWB308D,60.0,222,222,222,222,222,222,222,222,222,222,222,222,222,222,222,222,222,222,222,222,222,222,222,222,222,222,4,0
NEWCSN3302 de,ZBTJ,Default,NEWB308D,0.0,222,222,222,222,222,222,222,222,222,222,222,222,222,222,222,222,222,222,222,222,222,222,222,222,222,222,4,0
NEWGCR7826 ar,Default,ZBTJ,NEWB3100,60.0,206,206,206,206,206,206,206,206,206,206,206,206,206,206,206,206,206,206,206,206,206,206,206,206,206,206,4,0
NEWCBG8853 ar,Default,ZBTJ,NEWB3157,60.0,113,113,113,113,113,113,113,113,113,113,113,113,113,113,113,113,113,113,113,113,113,113,113,113,113,113,4,0
NEWGCR7843 de,ZBTJ,Default,NEWB3171,0.0,208,208,208,208,208,208,208,208,208,208,208,208,208,208,208,208,208,208,208,208,208,208,208,208,208,208,4,0
NEWCGZ7121 ar,Default,ZBTJ,NEWB3225,60.0,111,111,111,111,111,111,111,111,111,111,111,111,111,111,111,111,111,111,111,111,111,111,111,111,111,111,4,0
NEWCGZ7122 de,ZBTJ,Default,NEWB3225,0.0,111,111,111,111,111,111,111,111,111,111,111,111,111,111,111,111,111,111,111,111,111,111,111,111,111,111,4,0
NEWGCR7870 ar,Default,ZBTJ,NEWB3247,60.0,211,211,211,211,211,211,211,211,211,211,211,211,211,211,211,211,211,211,211,211,211,211,211,211,211,211,4,0
NEWHXA2923 de,ZBTJ,Default,NEWB3382,0.0,601,601,601,601,601,601,601,601,601,601,601,601,601,601,601,601,601,601,601,601,601,601,601,601,601,601,4,0
NEWHXA2924 ar,Default,ZBTJ,NEWB3382,60.0,602,602,602,602,602,602,602,602,602,602,602,602,602,602,602,602,602,602,602,602,602,602,602,602,602,602,4,0
NEWHXA2905 de,ZBTJ,Default,NEWB3382,0.0,601,601,601,601,601,601,601,601,601,601,601,601,601,601,601,601,601,601,601,601,601,601,601,601,601,601,4,0
NEWHXA2906 ar,Default,ZBTJ,NEWB3382,60.0,602,602,602,602,602,602,602,602,602,602,602,602,602,602,602,602,602,602,602,602,602,602,602,602,602,602,4,0
NEWHXA4323 de,ZBTJ,Default,NEWB3382,0.0,601,601,601,601,601,601,601,601,601,601,601,601,601,601,601,601,601,601,601,601,601,601,601,601,601,601,4,0
NEWJOY1601 de,ZBTJ,Default,NEWB3723,0.0,501,501,501,501,501,501,501,501,501,501,501,501,501,501,501,501,501,501,501,501,501,501,501,501,501,501,4,0
NEWJOY1602 ar,Default,ZBTJ,NEWB3723,60.0,502,502,502,502,502,502,502,502,502,502,502,502,502,502,502,502,502,502,502,502,502,502,502,502,502,502,4,0
NEWCHH7201 de,ZBTJ,Default,NEWB5137,0.0,208,208,208,208,208,208,208,208,208,208,208,208,208,208,208,208,208,208,208,208,208,208,208,208,208,208,4,0
NEWCHH7202 ar,Default,ZBTJ,NEWB5137,60.0,211,211,211,211,211,211,211,211,211,211,211,211,211,211,211,211,211,211,211,211,211,211,211,211,211,211,4,0
NEWCXA8222 ar,Default,ZBTJ,NEWB5151,60.0,226,226,226,226,226,226,226,226,226,226,226,226,226,226,226,226,226,226,226,226,226,226,226,226,226,226,4,0
NEWCXA8176 de,ZBTJ,Default,NEWB5151,0.0,225,225,225,225,225,225,225,225,225,225,225,225,225,225,225,225,225,225,225,225,225,225,225,225,225,225,4,0
NEWCXA8380 ar,Default,ZBTJ,NEWB5306,60.0,227,227,227,227,227,227,227,227,227,227,227,227,227,227,227,227,227,227,227,227,227,227,227,227,227,227,4,0
NEWCHH7725 ar,Default,ZBTJ,NEWB5375,60.0,208,208,208,208,208,208,208,208,208,208,208,208,208,208,208,208,208,208,208,208,208,208,208,208,208,208,4,0
NEWCHH7725 de,ZBTJ,Default,NEWB5375,0.0,208,208,208,208,208,208,208,208,208,208,208,208,208,208,208,208,208,208,208,208,208,208,208,208,208,208,4,0
NEWCCA1672 ar,Default,ZBTJ,NEWB5442,60.0,203,203,203,203,203,203,203,203,203,203,203,203,203,203,203,203,203,203,203,203,203,203,203,203,203,203,4,0
NEWCCA1655 de,ZBTJ,Default,NEWB5442,0.0,203,203,203,203,203,203,203,203,203,203,203,203,203,203,203,203,203,203,203,203,203,203,203,203,203,203,4,0
NEWCCA1320 ar,Default,ZBTJ,NEWB5495,60.0,202,202,202,202,202,202,202,202,202,202,202,202,202,202,202,202,202,202,202,202,202,202,202,202,202,202,4,0
NEWCCA8122 ar,Default,ZBTJ,NEWB5508,60.0,201,201,201,201,201,201,201,201,201,201,201,201,201,201,201,201,201,201,201,201,201,201,201,201,201,201,4,0
NEWCCA1260 ar,Default,ZBTJ,NEWB5518,60.0,108,108,108,108,108,108,108,108,108,108,108,108,108,108,108,108,108,108,108,108,108,108,108,108,108,108,4,0
NEWCCA1389 de,ZBTJ,Default,NEWB5518,0.0,107,107,107,107,107,107,107,107,107,107,107,107,107,107,107,107,107,107,107,107,107,107,107,107,107,107,4,0
NEWOKA2751 de,ZBTJ,Default,NEWB5575,0.0,223,223,223,223,223,223,223,223,223,223,223,223,223,223,223,223,223,223,223,223,223,223,223,223,223,223,4,0
NEWCHH7791 ar,Default,ZBTJ,NEWB5580,60.0,210,210,210,210,210,210,210,210,210,210,210,210,210,210,210,210,210,210,210,210,210,210,210,210,210,210,4,0
NEWCHH7792 de,ZBTJ,Default,NEWB5580,0.0,210,210,210,210,210,210,210,210,210,210,210,210,210,210,210,210,210,210,210,210,210,210,210,210,210,210,4,0
NEWCCA1620 ar,Default,ZBTJ,NEWB5621,60.0,202,202,202,202,202,202,202,202,202,202,202,202,202,202,202,202,202,202,202,202,202,202,202,202,202,202,4,0
NEWCCA8139 de,ZBTJ,Default,NEWB5621,0.0,202,202,202,202,202,202,202,202,202,202,202,202,202,202,202,202,202,202,202,202,202,202,202,202,202,202,4,0
NEWCHH7675 ar,Default,ZBTJ,NEWB5661,60.0,213,213,213,213,213,213,213,213,213,213,213,213,213,213,213,213,213,213,213,213,213,213,213,213,213,213,4,0
NEWCHH7676 de,ZBTJ,Default,NEWB5661,0.0,213,213,213,213,213,213,213,213,213,213,213,213,213,213,213,213,213,213,213,213,213,213,213,213,213,213,4,0
NEWCCA1533 de,ZBTJ,Default,NEWB5681,0.0,109,109,109,109,109,109,109,109,109,109,109,109,109,109,109,109,109,109,109,109,109,109,109,109,109,109,4,0
NEWCCA1481 de,ZBTJ,Default,NEWB5681,0.0,203,203,203,203,203,203,203,203,203,203,203,203,203,203,203,203,203,203,203,203,203,203,203,203,203,203,4,0
NEWCCA1534 ar,Default,ZBTJ,NEWB5681,60.0,201,201,201,201,201,201,201,201,201,201,201,201,201,201,201,201,201,201,201,201,201,201,201,201,201,201,4,0
NEWCCA8358 ar,Default,ZBTJ,NEWB5696,60.0,202,202,202,202,202,202,202,202,202,202,202,202,202,202,202,202,202,202,202,202,202,202,202,202,202,202,4,0
NEWCSH9064 de,ZBTJ,Default,NEWB5722,0.0,218,218,218,218,218,218,218,218,218,218,218,218,218,218,218,218,218,218,218,218,218,218,218,218,218,218,4,0
NEWCSH9063 ar,Default,ZBTJ,NEWB5722,120.0,218,218,218,218,218,218,218,218,218,218,218,218,218,218,218,218,218,218,218,218,218,218,218,218,218,218,4,0
NEWCCA1252 ar,Default,ZBTJ,NEWB5793,60.0,109,109,109,109,109,109,109,109,109,109,109,109,109,109,109,109,109,109,109,109,109,109,109,109,109,109,4,0
NEWOKA2992 ar,Default,ZBTJ,NEWB5843,90.0,224,224,224,224,224,224,224,224,224,224,224,224,224,224,224,224,224,224,224,224,224,224,224,224,224,224,4,0
NEWOKA2991 de,ZBTJ,Default,NEWB5843,0.0,223,223,223,223,223,223,223,223,223,223,223,223,223,223,223,223,223,223,223,223,223,223,223,223,223,223,4,0
NEWCCA1259 de,ZBTJ,Default,NEWB5849,0.0,203,203,203,203,203,203,203,203,203,203,203,203,203,203,203,203,203,203,203,203,203,203,203,203,203,203,4,0
NEWCCA1418 ar,Default,ZBTJ,NEWB5849,60.0,109,109,109,109,109,109,109,109,109,109,109,109,109,109,109,109,109,109,109,109,109,109,109,109,109,109,4,0
NEWCES5754 de,ZBTJ,Default,NEWB6142,0.0,216,216,216,216,216,216,216,216,216,216,216,216,216,216,216,216,216,216,216,216,216,216,216,216,216,216,4,0
NEWCCA136T de,ZBTJ,Default,NEWB6237,0.0,107,107,107,107,107,107,107,107,107,107,107,107,107,107,107,107,107,107,107,107,107,107,107,107,107,107,4,0
NEWCQH8989 de,ZBTJ,Default,NEWB6309,0.0,110,110,110,110,110,110,110,110,110,110,110,110,110,110,110,110,110,110,110,110,110,110,110,110,110,110,4,0
NEWCQH8914 ar,Default,ZBTJ,NEWB6309,60.0,111,111,111,111,111,111,111,111,111,111,111,111,111,111,111,111,111,111,111,111,111,111,111,111,111,111,4,0
NEWCXA8314 ar,Default,ZBTJ,NEWB6482,60.0,227,227,227,227,227,227,227,227,227,227,227,227,227,227,227,227,227,227,227,227,227,227,227,227,227,227,4,0
NEWCXA8551 de,ZBTJ,Default,NEWB6482,0.0,226,226,226,226,226,226,226,226,226,226,226,226,226,226,226,226,226,226,226,226,226,226,226,226,226,226,4,0
NEWCXA8552 ar,Default,ZBTJ,NEWB6482,120.0,228,228,228,228,228,228,228,228,228,228,228,228,228,228,228,228,228,228,228,228,228,228,228,228,228,228,4,0
NEWCXA8164 de,ZBTJ,Default,NEWB6482,0.0,228,228,228,228,228,228,228,228,228,228,228,228,228,228,228,228,228,228,228,228,228,228,228,228,228,228,4,0
NEWCCA1395 de,ZBTJ,Default,NEWB6499,0.0,117,117,117,117,117,117,117,117,117,117,117,117,117,117,117,117,117,117,117,117,117,117,117,117,117,117,4,0
NEWCCA104 ar,Default,ZBTJ,NEWB6499,60.0,203,203,203,203,203,203,203,203,203,203,203,203,203,203,203,203,203,203,203,203,203,203,203,203,203,203,4,0
NEWCCA8225 ar,Default,ZBTJ,NEWB6606,60.0,203,203,203,203,203,203,203,203,203,203,203,203,203,203,203,203,203,203,203,203,203,203,203,203,203,203,4,0
NEWCCA8225 de,ZBTJ,Default,NEWB6606,0.0,203,203,203,203,203,203,203,203,203,203,203,203,203,203,203,203,203,203,203,203,203,203,203,203,203,203,4,0
NEWCSC8357 de,ZBTJ,Default,NEWB6810,0.0,110,110,110,110,110,110,110,110,110,110,110,110,110,110,110,110,110,110,110,110,110,110,110,110,110,110,4,0
NEWCXA8331 de,ZBTJ,Default,NEWB6818,0.0,230,230,230,230,230,230,230,230,230,230,230,230,230,230,230,230,230,230,230,230,230,230,230,230,230,230,4,0
NEWGCR6511 ar,Default,ZBTJ,NEWB6837,120.0,211,211,211,211,211,211,211,211,211,211,211,211,211,211,211,211,211,211,211,211,211,211,211,211,211,211,4,0
NEWGCR6512 de,ZBTJ,Default,NEWB6837,0.0,208,208,208,208,208,208,208,208,208,208,208,208,208,208,208,208,208,208,208,208,208,208,208,208,208,208,4,0
NEWCSC8349 de,ZBTJ,Default,NEWB6839,0.0,112,112,112,112,112,112,112,112,112,112,112,112,112,112,112,112,112,112,112,112,112,112,112,112,112,112,4,0
NEWCSC8350 ar,Default,ZBTJ,NEWB6839,60.0,115,115,115,115,115,115,115,115,115,115,115,115,115,115,115,115,115,115,115,115,115,115,115,115,115,115,4,0
NEWCSC8355 de,ZBTJ,Default,NEWB6839,0.0,111,111,111,111,111,111,111,111,111,111,111,111,111,111,111,111,111,111,111,111,111,111,111,111,111,111,4,0
NEWCSS6971 ar,Default,ZBTJ,NEWB7082,60.0,912,912,912,912,912,912,912,912,912,912,912,912,912,912,912,912,912,912,912,912,912,912,912,912,912,912,4,0
NEWCSS6972 de,ZBTJ,Default,NEWB7082,0.0,876,876,876,876,876,876,876,876,876,876,876,876,876,876,876,876,876,876,876,876,876,876,876,876,876,876,4,0
NEWCDG2261 ar,Default,ZBTJ,NEWB7085,60.0,203,203,203,203,203,203,203,203,203,203,203,203,203,203,203,203,203,203,203,203,203,203,203,203,203,203,4,0
NEWCDG4693 de,ZBTJ,Default,NEWB7085,0.0,108,108,108,108,108,108,108,108,108,108,108,108,108,108,108,108,108,108,108,108,108,108,108,108,108,108,4,0
NEWFZA6587 ar,Default,ZBTJ,NEWB7105,60.0,213,213,213,213,213,213,213,213,213,213,213,213,213,213,213,213,213,213,213,213,213,213,213,213,213,213,4,0
NEWFZA6602 de,ZBTJ,Default,NEWB7105,0.0,210,210,210,210,210,210,210,210,210,210,210,210,210,210,210,210,210,210,210,210,210,210,210,210,210,210,4,0
NEWFZA6601 ar,Default,ZBTJ,NEWB7113,60.0,211,211,211,211,211,211,211,211,211,211,211,211,211,211,211,211,211,211,211,211,211,211,211,211,211,211,4,0
NEWFZA6588 de,ZBTJ,Default,NEWB7113,0.0,211,211,211,211,211,211,211,211,211,211,211,211,211,211,211,211,211,211,211,211,211,211,211,211,211,211,4,0
NEWCXA8355 de,ZBTJ,Default,NEWB7559,0.0,226,226,226,226,226,226,226,226,226,226,226,226,226,226,226,226,226,226,226,226,226,226,226,226,226,226,4,0
NEWCXA8356 ar,Default,ZBTJ,NEWB7559,120.0,225,225,225,225,225,225,225,225,225,225,225,225,225,225,225,225,225,225,225,225,225,225,225,225,225,225,4,0
NEWCCA9698 ar,Default,ZBTJ,NEWB7893,120.0,118,118,118,118,118,118,118,118,118,118,118,118,118,118,118,118,118,118,118,118,118,118,118,118,118,118,4,0
NEWCCA8127 de,ZBTJ,Default,NEWB7893,0.0,107,107,107,107,107,107,107,107,107,107,107,107,107,107,107,107,107,107,107,107,107,107,107,107,107,107,4,0
NEWCCA736 ar,Default,ZBTJ,NEWB7896,60.0,109,109,109,109,109,109,109,109,109,109,109,109,109,109,109,109,109,109,109,109,109,109,109,109,109,109,4,0
NEWCCA8129 de,ZBTJ,Default,NEWB7896,0.0,108,108,108,108,108,108,108,108,108,108,108,108,108,108,108,108,108,108,108,108,108,108,108,108,108,108,4,0
NEWCSN6893 ar,Default,ZBTJ,NEWB7969,60.0,220,220,220,220,220,220,220,220,220,220,220,220,220,220,220,220,220,220,220,220,220,220,220,220,220,220,4,0
NEWCDG8054 de,ZBTJ,Default,NEWB7976,0.0,107,107,107,107,107,107,107,107,107,107,107,107,107,107,107,107,107,107,107,107,107,107,107,107,107,107,4,0
NEWCDG8054 ar,Default,ZBTJ,NEWB7976,90.0,118,118,118,118,118,118,118,118,118,118,118,118,118,118,118,118,118,118,118,118,118,118,118,118,118,118,4,0
NEWGCR7584 de,ZBTJ,Default,NEWB8075,0.0,210,210,210,210,210,210,210,210,210,210,210,210,210,210,210,210,210,210,210,210,210,210,210,210,210,210,4,0
NEWGCR7584 ar,Default,ZBTJ,NEWB8075,60.0,213,213,213,213,213,213,213,213,213,213,213,213,213,213,213,213,213,213,213,213,213,213,213,213,213,213,4,0
NEWGCR7925 de,ZBTJ,Default,NEWB8381,0.0,211,211,211,211,211,211,211,211,211,211,211,211,211,211,211,211,211,211,211,211,211,211,211,211,211,211,4,0
NEWGCR7882 ar,Default,ZBTJ,NEWB8381,60.0,216,216,216,216,216,216,216,216,216,216,216,216,216,216,216,216,216,216,216,216,216,216,216,216,216,216,4,0
NEWCCA8356 ar,Default,ZBTJ,NEWB8493,60.0,109,109,109,109,109,109,109,109,109,109,109,109,109,109,109,109,109,109,109,109,109,109,109,109,109,109,4,0
NEWCCA8355 de,ZBTJ,Default,NEWB8493,0.0,107,107,107,107,107,107,107,107,107,107,107,107,107,107,107,107,107,107,107,107,107,107,107,107,107,107,4,0
NEWGCR7840 ar,Default,ZBTJ,NEWB8505,60.0,213,213,213,213,213,213,213,213,213,213,213,213,213,213,213,213,213,213,213,213,213,213,213,213,213,213,4,0
NEWGCR7864 ar,Default,ZBTJ,NEWB8597,90.0,215,215,215,215,215,215,215,215,215,215,215,215,215,215,215,215,215,215,215,215,215,215,215,215,215,215,4,0
NEWGCR7871 de,ZBTJ,Default,NEWB8597,0.0,209,209,209,209,209,209,209,209,209,209,209,209,209,209,209,209,209,209,209,209,209,209,209,209,209,209,4,0
NEWUEA2776 ar,Default,ZBTJ,NEWB8607,60.0,112,112,112,112,112,112,112,112,112,112,112,112,112,112,112,112,112,112,112,112,112,112,112,112,112,112,4,0
NEWUEA2776 de,ZBTJ,Default,NEWB8607,0.0,114,114,114,114,114,114,114,114,114,114,114,114,114,114,114,114,114,114,114,114,114,114,114,114,114,114,4,0
NEWUEA2775 de,ZBTJ,Default,NEWB8607,0.0,110,110,110,110,110,110,110,110,110,110,110,110,110,110,110,110,110,110,110,110,110,110,110,110,110,110,4,0
NEWUEA2775 ar,Default,ZBTJ,NEWB8607,60.0,110,110,110,110,110,110,110,110,110,110,110,110,110,110,110,110,110,110,110,110,110,110,110,110,110,110,4,0
NEWHXA2670 ar,Default,ZBTJ,NEWB8695,60.0,601,601,601,601,601,601,601,601,601,601,601,601,601,601,601,601,601,601,601,601,601,601,601,601,601,601,4,0
NEWHXA2669 de,ZBTJ,Default,NEWB8695,0.0,601,601,601,601,601,601,601,601,601,601,601,601,601,601,601,601,601,601,601,601,601,601,601,601,601,601,4,0
NEWTBA9877 ar,Default,ZBTJ,NEWB8842,60.0,111,111,111,111,111,111,111,111,111,111,111,111,111,111,111,111,111,111,111,111,111,111,111,111,111,111,4,0
NEWTBA9877 de,ZBTJ,Default,NEWB8842,0.0,113,113,113,113,113,113,113,113,113,113,113,113,113,113,113,113,113,113,113,113,113,113,113,113,113,113,4,0
NEWGCR7852 ar,Default,ZBTJ,NEWB8952,60.0,206,206,206,206,206,206,206,206,206,206,206,206,206,206,206,206,206,206,206,206,206,206,206,206,206,206,4,0
NEWGCR7851 de,ZBTJ,Default,NEWB8952,0.0,209,209,209,209,209,209,209,209,209,209,209,209,209,209,209,209,209,209,209,209,209,209,209,209,209,209,4,0
NEWCSC8816 ar,Default,ZBTJ,NEWB8961,60.0,111,111,111,111,111,111,111,111,111,111,111,111,111,111,111,111,111,111,111,111,111,111,111,111,111,111,4,0
NEWCSC8816 de,ZBTJ,Default,NEWB8961,0.0,111,111,111,111,111,111,111,111,111,111,111,111,111,111,111,111,111,111,111,111,111,111,111,111,111,111,4,0
NEWCRK363 de,ZBTJ,Default,NEWBLHB,0.0,102,102,102,102,102,102,102,102,102,102,102,102,102,102,102,102,102,102,102,102,102,102,102,102,102,102,4,0
NEWSJO253 ar,Default,ZBTJ,NEWJA05GR,60.0,104,104,104,104,104,104,104,104,104,104,104,104,104,104,104,104,104,104,104,104,104,104,104,104,104,104,4,0
NEWLNI2748 de,ZBTJ,Default,NEWPKLPH,0.0,102,102,102,102,102,102,102,102,102,102,102,102,102,102,102,102,102,102,102,102,102,102,102,102,102,102,4,0
NEWLNI2749 ar,Default,ZBTJ,NEWPKLPH,60.0,104,104,104,104,104,104,104,104,104,104,104,104,104,104,104,104,104,104,104,104,104,104,104,104,104,104,4,0
