data,callsign,departure,arrivee,TTOT,TLDT,ATOT,ALDT,Type,Wingspan,Airline,QFU,Parking,registration,changing times,remote numbers
20170803,TGW187,ZBTJ,WSSS,33600,55200,37200,0,B788,60.0,SCOOTER,16R,101,9VOJD,194.0,10.0
20170803,TGW188,WSSS,ZBTJ,5400,27000,6900,26400,B788,60.0,SCOOTER,16R,105,9VOJD,,
20170803,AIB000V,ZBTJ,ZBOW,36000,48600,35880,42960,A320,34.1,Joyair,16R,501,B000V,,
20170802,CCA8282,ZHCC,ZBTJ,-78000,10840,8820,12840,B738,35.8,AirChina,16R,108,B1418,,
20170803,CCA1427,ZBTJ,ZUUU,27000,37800,29820,38580,B738,35.8,AirChina,16R,117,B1418,,
20170803,CCA1428,ZUUU,ZBTJ,42600,51900,44880,52680,B738,35.8,AirChina,16L,108,B1418,,
20170803,CCA1241,ZBTJ,ZLXN,55500,64500,56760,65220,B738,35.8,AirChina,16R,108,B1418,,
20170803,CCA1242,ZLXN,ZBTJ,71100,79800,68940,76020,B738,35.8,AirChina,16R,117,B1418,,
20170803,FZA6556,ZYHB,ZBTJ,41700,49500,42360,48840,B738,35.8,STRAITAIR,16R,205,B1435,,
20170803,FZA6556,ZBTJ,ZSFZ,53100,62400,60120,67980,B738,35.8,STRAITAIR,16R,205,B1435,,
20170802,OKA2752,ZSHC,ZBTJ,-6600,2360,-3600,2460,B738,35.8,OkayAirways,16R,222,B1450,,
20170803,OKA2823,ZBTJ,ZLXY,25200,32100,25920,31980,B738,35.8,OkayAirways,16R,223,B1450,,
20170803,OKA2868,VTSP,ZBTJ,9600,33000,33900,53760,B738,35.8,OkayAirways,16L,222,B1450,,
20170803,OKA2833,ZBTJ,ZSCN,45600,51900,58260,64860,B738,35.8,OkayAirways,16R,223,B1450,,
20170803,CUA565T,ZBTJ,ZBNY,28800,30600,28980,30240,B738,35.8,LIANHANG,16R,110,B1465,,
20170803,CHH7717,ZBTJ,ZYTL,13500,17580,14640,0,B738,35.8,HainanAirlines,16R,209,B1487,,
20170802,OKA2708,ZYTL,ZBTJ,-2400,2280,-960,2880,B739,34.3,OkayAirways,16R,223,B1522,,
20170803,OKA2851,ZBTJ,ZUUU,42300,53100,45420,54060,B739,34.3,OkayAirways,16R,415L,B1522,,
20170803,OKA2852,ZUUU,ZBTJ,57300,66300,58920,66900,B739,34.3,OkayAirways,16R,222,B1522,,
20170803,OKA2707,ZBTJ,ZYTL,75600,80100,77340,79920,B739,34.3,OkayAirways,16R,223,B1522,,
20170803,CCA8279,ZBTJ,ZBYN,46500,52200,51240,54120,B738,35.8,AirChina,16R,109,B1528,,
20170803,CCA8280,ZBYN,ZBTJ,75000,79500,75540,79320,B738,35.8,AirChina,16L,107,B1528,,
20170803,CCA1655,ZBTJ,ZSPD,83100,88720,83220,88920,B738,35.8,AirChina,16R,107,B1528,,
20170803,CHH7725,ZGHA,ZBTJ,35700,44400,37860,45360,B738,35.8,HainanAirlines,16L,206,B1545,,
20170803,CHH7725,ZBTJ,ZYHB,48300,55500,49440,55680,B738,35.8,HainanAirlines,16R,206,B1545,,
20170803,CXA8229,ZSHC,ZBTJ,27300,34800,29580,35400,B738,35.8,XiamenAirlines,16L,229,B1550,,
20170803,CXA8229,ZBTJ,ZWWW,38400,53700,41520,56400,B738,35.8,XiamenAirlines,16R,229,B1550,,
20170803,FZA655U,ZBTJ,ZYHB,46800,56280,50400,56940,B738,35.8,STRAITAIR,16R,208,B1562,,
20170802,OKA2832,ZGSD,ZBTJ,-25500,12340,3900,13740,B739,34.3,OkayAirways,16R,222,B1581,,
20170803,GCR7981,ZBTJ,RJCH,31200,42600,32460,0,A320,34.1,TianjinAirlines,16R,209,B1618,,
20170803,GCR7982,RJCH,ZBTJ,46500,60000,47400,59220,A320,34.1,TianjinAirlines,16R,211,B1618,,
20170803,GCR7895,ZBTJ,ZUCK,64800,74700,71100,78840,A320,34.1,TianjinAirlines,16R,205,B1618,,
20170803,CHB6237,ZUCK,ZBTJ,59400,68400,73560,81120,A320,34.1,Westair,16L,214,B1629,,
20170802,GCR7840,ZWWW,ZBTJ,-18000,3100,-9180,3480,A320,34.1,TianjinAirlines,16R,213,B1658,,
20170803,EPA6283,ZLLL,ZBTJ,45600,54600,46380,53040,B738,35.8,DONGHAIAIR,16L,209,B1705,,
20170803,EPA6284,ZBTJ,ZLLL,59100,67500,59580,66900,B738,35.8,DONGHAIAIR,16R,208,B1705,,
20170803,JYH1056,ZBTJ,ZGGG,44100,54900,52140,62400,B738,35.8,TRANSJADE,16R,110,B1716,,
20170803,OKA293X,ZGHA,ZBTJ,30000,37200,30240,37140,B738,35.8,OkayAirways,16R,225,B1732,,
20170803,OKA2701,ZBTJ,ZSLG,40800,45300,42480,45900,B738,35.8,OkayAirways,16R,225,B1732,,
20170803,OKA2702,ZSLG,ZBTJ,74100,79200,77940,81960,B738,35.8,OkayAirways,16L,223,B1732,,
20170803,CHH720X,ZGGG,ZBTJ,28500,39600,30960,40200,B738,35.8,HainanAirlines,16L,211,B1735,,
20170803,CHH720Y,ZBTJ,ZGGG,43200,54000,46560,55980,B738,35.8,HainanAirlines,16R,205,B1735,,
20170803,CSN3134,ZBTJ,ZGGG,45000,56400,53760,63780,B738,35.8,ChinaSouthernAirlines,16R,217,B1737,,
20170803,CDG4717,ZSQD,ZBTJ,25200,30000,26460,29880,B738,35.8,shandongAirlines,16R,109,B1746,,
20170803,CDG4717,ZBTJ,ZBHH,33600,39000,35160,39240,B738,35.8,shandongAirlines,16R,109,B1746,,
20170803,CDG4718,ZBHH,ZBTJ,42900,48000,58500,62040,B738,35.8,shandongAirlines,16R,203,B1746,,
20170803,CDG4718,ZBTJ,ZSQD,51960,55800,65580,68400,B738,35.8,shandongAirlines,16R,203,B1746,,
20170803,CSC8815,ZSHC,ZBTJ,25200,32700,26280,31920,A320,34.1,SichuanAirlines,16R,114,B1820,,
20170803,CSC8815,ZBTJ,ZYCC,36900,42900,40320,45780,A320,34.1,SichuanAirlines,16R,114,B1820,,
20170803,CSC8816,ZYCC,ZBTJ,45900,52200,49560,54960,A320,34.1,SichuanAirlines,16R,110,B1820,,
20170803,CSC8816,ZBTJ,ZSHC,56300,63600,68940,74640,A320,34.1,SichuanAirlines,16R,110,B1820,,
20170803,GCR7896,ZUCK,ZBTJ,32400,41400,33780,41280,A320,34.1,TianjinAirlines,16L,210,B1849,,
20170803,GCR7993,ZBTJ,RKSI,47000,52000,48720,0,A320,34.1,TianjinAirlines,16R,211,B1849,,
20170803,GCR7994,RKSI,ZBTJ,58000,62500,58080,62940,A320,34.1,TianjinAirlines,16R,213,B1849,,
20170803,GCR6509,ZBTJ,ZHHH,69200,74600,71460,76980,A320,34.1,TianjinAirlines,16R,207,B1849,,
20170802,GCR7814,ZSJN,ZBTJ,-79800,10800,10200,13080,A320,34.1,TianjinAirlines,16R,213,B1850,,
20170803,GCR7825,ZBTJ,ZYTL,24600,28800,24960,27360,A320,34.1,TianjinAirlines,16R,211,B1850,,
20170803,GCR7826,ZYTL,ZBTJ,68100,72000,68520,71280,A320,34.1,TianjinAirlines,16L,214,B1850,,
20170803,GCR7865,ZBTJ,ZJHK,77700,4800,79860,91080,A320,34.1,TianjinAirlines,16R,205,B1850,,
20170803,DKH1135,ZSPD,ZBTJ,51300,59700,52020,58500,A321,34.1,ShanghaiJuneyaoAirlines,16R,112,B1857,,
20170803,DKH1135,ZBTJ,ZYBS,63300,69600,64200,69900,A321,34.1,ShanghaiJuneyaoAirlines,16R,112,B1857,,
20170803,FZA6555,ZSFZ,ZBTJ,65400,74400,66000,74460,B738,35.8,STRAITAIR,16L,209,B1905,,
20170803,FZA6555,ZBTJ,ZYHB,78000,85200,82740,88620,B738,35.8,STRAITAIR,16R,209,B1905,,
20170803,CSZ9141,ZGGG,ZBTJ,46200,58200,61440,70500,B738,35.8,ShenzhenAirlines,16L,117,B1940,,
20170803,CSZ9142,ZBTJ,ZGGG,72700,83800,80880,90000,B738,35.8,ShenzhenAirlines,16R,117,B1940,,
20170803,CXA868,ZSAM,ZBTJ,54600,64500,60240,69900,B738,35.8,XiamenAirlines,16L,227,B1964,,
20170803,CXA8126,ZBTJ,ZSAM,74100,84000,76980,85140,B738,35.8,XiamenAirlines,16R,226,B1964,,
20170803,CDG4801,ZSAM,ZBTJ,26700,37200,28620,37320,B738,35.8,shandongAirlines,16R,203,B1987,,
20170803,CDG8709,ZBTJ,ZLIC,40500,48300,44160,51360,B738,35.8,shandongAirlines,16R,203,B1987,,
20170803,CDG8710,ZLIC,ZBTJ,64800,72900,69060,74820,B738,35.8,shandongAirlines,16L,109,B1987,,
20170803,CDG4802,ZBTJ,ZSAM,76500,86100,78600,86820,B738,35.8,shandongAirlines,16R,109,B1987,,
20170803,CKK214,EKCH,ZBTJ,64800,8700,0,28440,B77L,64.8,ChinaCargoAirlines,16R,876,B2079,,
20170803,CKK214,ZBTJ,ZSPD,15900,22800,37560,43320,B77L,64.8,ChinaCargoAirlines,16R,876,B2079,,
20170803,CYZ9101,ZBTJ,ZSNJ,1500,7800,40920,46320,B733,28.3,ChinaPost,16R,876,B2135,,
20170803,CSN8638,ZBTJ,ZYTL,12600,17700,15120,0,A319,34.09,ChinaSouthernAirlines,16R,220,B2297,,
20170803,YZR7480,EHAM,ZBTJ,56700,3600,18600,51660,B744,64.4,YangtzeRiverExpress,16L,876,B2437,,
20170803,YZR7480,ZBTJ,ZSPD,10800,18000,63000,68700,B744,64.4,YangtzeRiverExpress,16R,876,B2437,,
20170803,LHA4015,ZSNT,ZBTJ,9600,15600,13320,18660,B733,28.3,LonghaoAirlines,16R,897,B2572,,
20170803,LHA4016,ZBTJ,ZSNT,21600,24900,21660,26940,B733,28.3,LonghaoAirlines,16R,876,B2572,,
20170803,LKE9714,ZBTJ,ZPPP,80400,6600,15660,0,B737,35.8,LUCKYAIR,16R,210,B2677,,
20170803,LKE9713,ZPPP,ZBTJ,63600,75900,70800,80820,B737,35.8,LUCKYAIR,16L,213,B2677,,
20170803,CYZ9102,ZSNJ,ZBTJ,22200,28500,22500,27300,B734,28.9,ChinaPost,16R,906,B2882,,
20170803,CYZ9112,ZBSJ,ZBTJ,30600,36480,34500,36780,B734,28.9,ChinaPost,16R,897,B2882,,
20170803,CYZ9111,ZBTJ,ZLLL,31500,40500,39240,47460,B734,28.9,ChinaPost,16R,906,B2882,,
20170803,CYZ9113,ZLLL,ZBTJ,76200,84900,77460,84120,B734,28.9,ChinaPost,16R,897,B2882,,
20170803,YZR7943,ZBTJ,ZGSZ,3600,15600,8160,18060,B733,28.3,YangtzeRiverExpress,16R,876,B2885,,
20170803,YZR7944,ZSNB,ZBTJ,16500,24300,34740,41580,B733,28.3,YangtzeRiverExpress,16L,897,B2885,,
20170803,CSS6863,ZYTX,ZBTJ,4500,10200,3660,7680,B752,38.05,SHUNFENG,16R,897,B2899,,
20170803,CSS6863,ZBTJ,ZSHC,13800,21000,12960,18540,B752,38.05,SHUNFENG,16R,897,B2899,,
20170803,GCR7923,ZBTJ,ZSYT,59700,64200,60960,63960,E145,20.04,TianjinAirlines,16R,206,B3092,,
20170803,GCR7924,ZSYT,ZBTJ,67800,72000,73560,76260,E145,20.04,TianjinAirlines,16R,206,B3092,,
20170803,CGZ7137,ZUTR,ZBTJ,55800,65700,60300,68280,E190,28.72,COLORFUL,16R,112,B3115,,
20170803,CGZ7138,ZBTJ,ZUTR,74100,83700,75720,83340,E190,28.72,COLORFUL,16R,110,B3115,,
20170803,GCR7930,ZLXY,ZBTJ,62100,69000,62820,68040,E190,28.72,TianjinAirlines,16R,212,B3129,,
20170803,GCR7828,ZBDS,ZBTJ,55500,61800,55380,59880,E190,28.72,TianjinAirlines,16R,210,B3150,,
20170803,GCR7917,ZBTJ,ZBLA,65400,74400,65880,72180,E190,28.72,TianjinAirlines,16R,210,B3150,,
20170803,GCR7918,ZBLA,ZBTJ,77100,85800,76740,83760,E190,28.72,TianjinAirlines,16R,602,B3150,,
20170802,GCR7928,ZBHH,ZBTJ,-18900,1080,-2580,1080,E190,28.72,TianjinAirlines,16R,213,B3151,,
20170803,GCR7909,ZBTJ,ZYQQ,43200,50700,45600,51960,E190,28.72,TianjinAirlines,16R,209,B3151,,
20170803,GCR7910,ZYQQ,ZBTJ,54300,62100,54900,61380,E190,28.72,TianjinAirlines,16R,211,B3151,,
20170803,GCR7827,ZBTJ,ZBDS,65100,71400,67860,72540,E190,28.72,TianjinAirlines,16R,211,B3151,,
20170803,GCR782Z,ZGHA,ZBTJ,29700,38100,30720,37920,E190,28.72,TianjinAirlines,16R,211,B3153,,
20170803,GCR7582,ZBTJ,ZLXY,77100,84000,81360,87240,E190,28.72,TianjinAirlines,16R,210,B3153,,
20170802,GCR6527,ZGSD,ZBTJ,-18900,11560,6600,16560,E190,28.72,TianjinAirlines,16R,214,B3157,,
20170803,GCR7929,ZBTJ,ZLXY,27000,34200,28140,34020,E190,28.72,TianjinAirlines,16R,210,B3157,,
20170803,CBG8851,ZHNY,ZBTJ,47100,53100,52620,57960,E190,28.72,SPRAY,16R,112,B3159,,
20170803,CBG8852,ZBTJ,ZHNY,57000,63300,62160,67260,E190,28.72,SPRAY,16R,111,B3159,,
20170803,GCR758X,ZBXH,ZBTJ,34200,38700,34680,38520,E190,28.72,TianjinAirlines,16R,206,B3167,,
20170803,GCR758X,ZBTJ,ZLXY,41400,48300,42960,48900,E190,28.72,TianjinAirlines,16R,206,B3167,,
20170803,GCR7581,ZLXY,ZBTJ,49500,56400,60240,66000,E190,28.72,TianjinAirlines,16R,214,B3167,,
20170803,GCR6658,ZYTL,ZBTJ,67700,69900,72120,75360,E190,28.72,TianjinAirlines,16L,209,B3167,,
20170803,GCR6658,ZBTJ,ZBHH,73500,78900,78420,82320,E190,28.72,TianjinAirlines,16R,209,B3167,,
20170803,GCR784V,ZHCC,ZBTJ,27000,31800,26940,31800,E190,28.72,TianjinAirlines,16R,211,B3170,,
20170803,GCR7841,ZBTJ,ZHCC,33400,38400,34440,39480,E190,28.72,TianjinAirlines,16R,211,B3170,,
20170803,GCR7842,ZHCC,ZBTJ,65400,70500,66780,70920,E190,28.72,TianjinAirlines,16L,213,B3170,,
20170803,GCR7889,ZBTJ,ZSAM,33900,43500,43920,53280,A332,60.3,TianjinAirlines,16R,212,B3171,,
20170803,GCR7890,ZSAM,ZBTJ,48000,58500,56700,66600,A332,60.3,TianjinAirlines,16R,212,B3171,,
20170803,GCR6433,ZYTL,ZBTJ,63600,67500,66240,68940,E190,28.72,TianjinAirlines,16L,206,B3181,,
20170803,GCR6434,ZBTJ,ZYTL,71100,74700,72360,77100,E190,28.72,TianjinAirlines,16R,206,B3181,,
20170803,CBG8823,ZUKJ,ZBTJ,35400,45600,37380,47340,E190,28.72,SPRAY,16R,110,B3183,,
20170803,CBG8824,ZBTJ,ZUKJ,49440,61200,59040,69480,E190,28.72,SPRAY,16R,110,B3183,,
20170803,GCR6657,ZBHH,ZBTJ,64800,69900,70200,73920,E190,28.72,TianjinAirlines,16L,212,B3189,,
20170803,GCR6657,ZBTJ,ZYTL,73200,77100,79380,81840,E190,28.72,TianjinAirlines,16R,212,B3189,,
20170803,GCR7869,ZBTJ,ZHHH,36600,44100,37800,43980,E190,28.72,TianjinAirlines,16R,210,B3213,,
20170803,GCR7870,ZHHH,ZBTJ,63900,70500,64440,70080,E190,28.72,TianjinAirlines,16L,215,B3213,,
20170802,HXA2924,ZYBA,ZBTJ,-21600,9700,6300,11700,CRJ9,23.2,Chinaexpressair,16R,601,B3228,,
20170803,HXA2901,ZBUC,ZBTJ,33600,37500,36360,39840,CRJ9,23.2,Chinaexpressair,16L,601,B3228,,
20170803,HXA2902,ZBTJ,ZBUC,41100,45600,44400,48660,CRJ9,23.2,Chinaexpressair,16R,414R,B3228,,
20170803,HXA2670,ZLGY,ZBTJ,43500,49800,43800,49680,CRJ9,23.2,Chinaexpressair,16R,601,B3231,,
20170803,HXA2819,ZBTJ,ZBES,61500,69300,61920,67680,CRJ9,23.2,Chinaexpressair,16R,414R,B3231,,
20170803,GCR791Z,ZYQQ,ZBTJ,28800,36300,47100,53880,E190,28.72,TianjinAirlines,16L,211,B3232,,
20170803,GCR7813,ZBTJ,ZYTL,51600,55200,58860,61560,A320,34.1,TianjinAirlines,16R,209,B3232,,
20170803,GCR785V,ZSHC,ZBTJ,25200,32700,27780,34080,E190,28.72,TianjinAirlines,16L,213,B3235,,
20170803,GCR7859,ZBTJ,ZHHH,30000,37200,43320,49500,A320,34.1,TianjinAirlines,16R,205,B3235,,
20170803,CGZ712Y,ZBSJ,ZBTJ,32400,35100,34860,37500,E190,28.72,COLORFUL,16R,115,B3242,,
20170803,CGZ712X,ZBTJ,ZUWX,48100,56500,51780,60060,E190,28.72,COLORFUL,16R,111,B3242,,
20170803,GCR7883,ZBTJ,ZSSS,29400,36300,33480,39240,E190,28.72,TianjinAirlines,16R,208,B3243,,
20170803,GCR7884,ZSSS,ZBTJ,40200,48600,43200,49800,E190,28.72,TianjinAirlines,16R,213,B3243,,
20170802,GCR7860,ZHHH,ZBTJ,-4500,9000,4800,11040,A320,34.1,TianjinAirlines,16R,215,B3245,,
20170803,GCR7907,ZBTJ,ZBOW,29100,35400,29280,34140,A320,34.1,TianjinAirlines,16R,211,B3245,,
20170803,GCR7908,ZBOW,ZBTJ,37800,43200,51300,55980,A320,34.1,TianjinAirlines,16R,211,B3245,,
20170803,GCR7851,ZBTJ,ZSHC,64200,71100,74520,81060,E190,28.72,TianjinAirlines,16R,211,B3245,,
20170803,HXA2841,ZBOW,ZBTJ,73200,78600,78060,82260,CRJ9,23.2,Chinaexpressair,16L,414,B3251,,
20170803,HXA2842,ZBTJ,ZBOW,81600,1200,84960,89880,CRJ9,23.2,Chinaexpressair,16R,414,B3251,,
20170803,JBE310,ZBTJ,ZBHD,36000,39600,36840,39480,E135,20.4,TianjinAirlines,16R,211,B3281,,
20170803,HXA2820,ZBES,ZBTJ,47700,55500,48660,55320,CRJ9,23.2,Chinaexpressair,16R,601,B3369,,
20170803,HXA2669,ZBTJ,ZLGY,57900,65400,58620,65040,CRJ9,23.2,Chinaexpressair,16R,601,B3369,,
20170802,HXA2655,ZBZJ,ZBTJ,-6900,12960,13320,15960,CRJ9,23.2,Chinaexpressair,16R,601,B3371,,
20170803,HXA2905,ZBTJ,ZLTS,25500,34800,27720,34980,CRJ9,23.2,Chinaexpressair,16R,414R,B3371,,
20170803,HXA2906,ZLTS,ZBTJ,38700,46800,37680,44400,CRJ9,23.2,Chinaexpressair,16L,601,B3371,,
20170803,HXA2925,ZBTJ,ZYTL,53400,57300,54000,56760,CRJ9,23.2,Chinaexpressair,16R,414R,B3371,,
20170803,HXA2926,ZYTL,ZBTJ,78600,82800,80460,83640,CRJ9,23.2,Chinaexpressair,16R,601,B3371,,
20170803,HXA2843,ZBLL,ZBTJ,67200,71400,71100,75000,CRJ9,23.2,Chinaexpressair,16L,414,B3378,,
20170803,HXA2844,ZBTJ,ZBLL,74700,79200,78780,82440,CRJ9,23.2,Chinaexpressair,16R,414R,B3378,,
20170803,JOY1610,ZBTJ,ZBOW,25500,33900,26280,32940,MA60,29.2,Joyair,16R,502,B3710,,
20170803,JOY1609,ZBOW,ZBTJ,54600,60900,55560,61860,MA60,29.2,Joyair,16R,501,B3710,,
20170803,JOY1595,ZBTJ,ZSYT,64500,70200,65340,69180,MA60,29.2,Joyair,16R,501,B3710,,
20170803,JOY1602,ZBTJ,ZBSJ,24300,28200,24180,27000,MA60,29.2,Joyair,16R,501,B3722,,
20170803,JOY1601,ZBSJ,ZBTJ,41700,45900,48720,51900,MA60,29.2,Joyair,16L,501,B3722,,
20170803,JOY1604,ZBTJ,ZBYN,54300,59100,54720,59340,MA60,29.2,Joyair,16R,501,B3722,,
20170803,CSH9115,ZSSS,ZBTJ,36300,44100,37020,43140,B738,35.8,ShanghaiAirlines,16L,219,B5142,,
20170803,CSH9116,ZBTJ,ZSSS,48600,55800,59220,65280,B738,35.8,ShanghaiAirlines,16R,218,B5142,,
20170803,CXA8203,ZYTL,ZBTJ,30900,34500,37920,40680,B738,35.8,XiamenAirlines,16L,227,B5151,,
20170803,CXA8203,ZBTJ,ZLXN,39000,48000,46320,54300,B738,35.8,XiamenAirlines,16R,227,B5151,,
20170803,CXA8204,ZLXN,ZBTJ,50700,59400,57420,63960,B738,35.8,XiamenAirlines,16R,229,B5151,,
20170803,CXA8204,ZBTJ,ZYTL,66900,71100,68340,71100,B738,35.8,XiamenAirlines,16R,229,B5151,,
20170803,CSN6655,ZSYW,ZBTJ,36900,45300,39120,46200,B738,35.8,ChinaSouthernAirlines,16L,220,B5156,,
20170803,CSN6656,ZBTJ,ZSYW,48900,57000,57960,65160,B738,35.8,ChinaSouthernAirlines,16R,217,B5156,,
20170802,CXA8240,ZLXY,ZBTJ,-10500,480,-4740,480,B738,35.8,XiamenAirlines,16R,225,B5160,,
20170803,CXA8321,ZBTJ,ZSHC,37800,45000,39060,45180,B738,35.8,XiamenAirlines,16R,229,B5161,,
20170803,OKA3035,ZBTJ,ZSNT,39000,45600,41700,46800,B738,35.8,OkayAirways,16R,224,B5181,,
20170803,CCA1663,ZBTJ,ZSWH,30000,35100,31680,35040,B738,35.8,AirChina,16R,415L,B5211,,
20170803,CCA1664,ZSWH,ZBTJ,38100,42000,43020,46740,B738,35.8,AirChina,16L,201,B5211,,
20170803,CCA1523,ZBTJ,ZSSS,55500,61500,68460,73740,B737,35.8,AirChina,16R,118,B5211,,
20170803,CCA1524,ZSSS,ZBTJ,65100,73200,77880,83940,B737,35.8,AirChina,16R,117,B5211,,
20170803,CCA1656,ZSPD,ZBTJ,33600,41700,56820,63180,B738,35.8,AirChina,16R,202,B5213,,
20170803,CCA4547,ZGGG,ZBTJ,26400,37800,27420,36360,B737,35.8,AirChina,16R,117,B5220,,
20170803,CCA4547,ZBTJ,ZYTN,41400,47700,43140,47700,B737,35.8,AirChina,16R,117,B5220,,
20170803,CCA4548,ZYTN,ZBTJ,50400,56700,51660,56700,B737,35.8,AirChina,16R,107,B5220,,
20170803,CCA4548,ZBTJ,ZGGG,60300,71400,72240,81060,B737,35.8,AirChina,16R,107,B5220,,
20170803,CCA1679,ZBTJ,ZUCK,28500,38400,30780,39540,B738,35.8,AirChina,16R,201,B5227,,
20170803,CCA1680,ZUCK,ZBTJ,42000,51600,43500,50940,B738,35.8,AirChina,16L,118,B5227,,
20170803,CCA1527,ZBTJ,ZSSS,59400,66900,70620,76560,B737,35.8,AirChina,16R,117,B5227,,
20170803,CCA1528,ZSSS,ZBTJ,70800,78900,80100,85980,B737,35.8,AirChina,16R,,B5227,,
20170803,CSH9131,ZSPD,ZBTJ,32700,41100,35040,41700,B738,35.8,ShanghaiAirlines,16L,218,B5260,,
20170803,CSH9132,ZBTJ,ZSPD,45000,52200,45780,51660,B738,35.8,ShanghaiAirlines,16R,218,B5260,,
20170803,CSN8558,ZBTJ,ZGGG,23700,35700,33960,43980,B737,35.8,ChinaSouthernAirlines,16R,217,B5291,,
20170803,CXA8681,ZBTJ,ZSAM,36300,46800,41820,50820,B738,35.8,XiamenAirlines,16R,226,B5301,,
20170802,CXA8380,ZGSZ,ZBTJ,-13500,12860,7140,16860,B738,35.8,XiamenAirlines,16R,225,B5306,,
20170803,CXA8271,ZBTJ,ZBLA,26100,34800,29400,36840,B738,35.8,XiamenAirlines,16R,226,B5306,,
20170803,CXA8293,ZBTJ,ZLLL,33000,42600,33120,40740,B738,35.8,XiamenAirlines,16R,225,B5306,,
20170803,CXA8294,ZLLL,ZBTJ,46500,55500,46500,53520,B738,35.8,XiamenAirlines,16L,227,B5306,,
20170803,CXA8239,ZBTJ,ZLXY,63900,70800,66060,72360,B738,35.8,XiamenAirlines,16R,225,B5306,,
20170803,CXA8240,ZLXY,ZBTJ,75900,82800,77040,82140,B738,35.8,XiamenAirlines,16L,225,B5306,,
20170803,CSZ9122,ZBTJ,ZGSZ,40260,51600,61320,71220,B738,35.8,ShenzhenAirlines,16R,109,B5357,,
20170803,CHH7202,ZGGG,ZBTJ,58200,69300,65820,75480,B738,35.8,HainanAirlines,16L,215,B5371,,
20170803,CHH7201,ZBTJ,ZGGG,72900,84300,82020,91260,B738,35.8,HainanAirlines,16R,211,B5371,,
20170803,CXA8059,ZBTJ,ZYHB,70500,81240,75240,83880,B738,35.8,XiamenAirlines,16R,229,B5385,,
20170802,CCA1524,ZSSS,ZBTJ,-21300,12200,10560,15720,B737,35.8,AirChina,16R,107,B5387,,
20170803,CCA1633,ZBTJ,ZHSY,32100,39600,34800,41760,B738,35.8,AirChina,16R,117,B5387,,
20170803,CCA1634,ZHSY,ZBTJ,42600,49500,45360,51360,B738,35.8,AirChina,16L,201,B5387,,
20170803,CCA1389,ZBTJ,ZJSY,53700,68700,64080,76680,B738,35.8,AirChina,16R,117,B5387,,
20170803,FZA661Q,ZSJN,ZBTJ,25200,27600,35400,37680,B738,35.8,STRAITAIR,16R,213,B5430,,
20170803,FZA662Z,ZBTJ,ZSNT,30600,36000,42660,47940,B738,35.8,STRAITAIR,16R,208,B5430,,
20170803,CCA1677,ZYHB,ZBTJ,28200,36300,33360,39660,B738,35.8,AirChina,16L,109,B5442,,
20170803,CCA1677,ZBTJ,ZGKL,42300,50400,44940,53520,B738,35.8,AirChina,16R,109,B5442,,
20170803,CCA1678,ZGKL,ZBTJ,53700,63900,57420,65520,B738,35.8,AirChina,16R,203,B5442,,
20170803,CCA1678,ZBTJ,ZYHB,69000,76200,82320,86640,B738,35.8,AirChina,16R,203,B5442,,
20170803,CSN3168,ZHHH,ZBTJ,58200,64800,64140,70200,B738,35.8,ChinaSouthernAirlines,16L,221,B5445,,
20170803,CSN3167,ZBTJ,ZHHH,68700,75600,76500,81780,B738,35.8,ChinaSouthernAirlines,16R,220,B5445,,
20170802,CCA1252,ZLXY,ZBTJ,-12000,3000,-1440,3660,B738,35.8,AirChina,16R,109,B5447,,
20170803,CCA1529,ZBTJ,ZSAM,25200,35100,26160,34860,B738,35.8,AirChina,16R,117,B5447,,
20170803,CCA1530,ZSAM,ZBTJ,40200,50400,40980,49440,B738,35.8,AirChina,16R,203,B5447,,
20170803,CCA1387,ZBTJ,ZGGG,53400,64800,66720,76260,B737,35.8,AirChina,16R,201,B5447,,
20170802,CCA8276,ZSWZ,ZBTJ,-11100,780,-6720,780,B738,35.8,AirChina,16R,109,B5485,,
20170803,CCA1417,ZBTJ,ZUGY,34200,44700,34920,44940,B738,35.8,AirChina,16R,107,B5485,,
20170803,CCA1418,ZUGY,ZBTJ,47700,57900,51420,60540,B738,35.8,AirChina,16R,201,B5485,,
20170803,CCA1259,ZBTJ,ZUGY,63500,71400,77640,87300,B738,35.8,AirChina,16R,107,B5485,,
20170803,CCA1260,ZUGY,ZBTJ,37800,47400,38580,47820,B738,35.8,AirChina,16R,117,B5495,,
20170803,CCA1319,ZBTJ,ZGSZ,52500,64200,68220,78120,B738,35.8,AirChina,16R,108,B5495,,
20170803,CCA171,ZBTJ,RKSI,31800,38700,36600,0,B738,35.8,AirChina,16R,117,B5508,,
20170803,CCA187,ZBTJ,RCSS,53700,64800,63660,0,B738,35.8,AirChina,16R,108,B5508,,
20170803,CCA172,RKSI,ZBTJ,42300,48600,47640,52440,B738,35.8,AirChina,16L,118,B5508,,
20170803,CCA188,RCSS,ZBTJ,68400,79200,77100,86220,B738,35.8,AirChina,16R,,B5508,,
20170803,CCA1245,ZBTJ,ZLLL,30600,39600,31800,39360,B738,35.8,AirChina,16R,109,B5509,,
20170803,CCA1246,ZLLL,ZBTJ,42600,51000,42540,49200,B738,35.8,AirChina,16R,117,B5509,,
20170803,CCA167X,ZSYT,ZBTJ,45900,56040,53340,56280,B738,35.8,AirChina,16R,201,B5510,,
20170803,CCA1401,ZBTJ,ZPPP,76400,89300,78300,89580,B738,35.8,AirChina,16R,108,B5510,,
20170803,CCA1318,ZGGG,ZBTJ,42600,54600,46800,56700,B738,35.8,AirChina,16R,109,B5518,,
20170803,CCA8275,ZBTJ,ZSWZ,58200,66600,69600,76800,B738,35.8,AirChina,16R,109,B5518,,
20170803,CCA1396,ZGGG,ZBTJ,31500,42900,35700,44820,B738,35.8,AirChina,16L,201,B5519,,
20170803,CCA8283,ZBTJ,ZBYC,47340,53400,49680,54120,B738,35.8,AirChina,16R,107,B5519,,
20170803,CSH913V,ZBTJ,ZSSS,32400,37800,57420,63600,B738,35.8,ShanghaiAirlines,16R,218,B5523,,
20170803,CSH9063,ZSSS,ZBTJ,57300,66000,67980,73740,B738,35.8,ShanghaiAirlines,16L,218,B5523,,
20170803,CSH9064,ZBTJ,ZSSS,75100,82900,78060,83820,B738,35.8,ShanghaiAirlines,16R,218,B5523,,
20170803,CCA103,ZBTJ,VHHH,32100,42600,31980,42600,B738,35.8,AirChina,16R,107,B5525,,
20170803,CCA104,VHHH,ZBTJ,46200,58500,48600,58020,B738,35.8,AirChina,16R,202,B5525,,
20170803,CCA1395,ZBTJ,ZGGG,64200,75900,74100,83040,B738,35.8,AirChina,16R,118,B5525,,
20170803,CXA8365,ZBTJ,ZGSZ,26100,38100,27000,36840,B738,35.8,XiamenAirlines,16R,226,B5535,,
20170803,CSH906V,ZBTJ,ZSSS,29400,36000,30540,36420,B738,35.8,ShanghaiAirlines,16R,219,B5548,,
20170803,OKA2918,ZBTJ,ZYHB,20100,27480,21480,27480,B738,35.8,OkayAirways,16R,222,B5562,,
20170803,OKA3021,ZYHB,ZBTJ,24600,32100,37860,44520,B738,35.8,OkayAirways,16L,223,B5562,,
20170803,OKA2757,ZBTJ,ZGDY,35700,44700,51540,58980,B738,35.8,OkayAirways,16R,224,B5562,,
20170803,OKA2861,ZBTJ,ZGHA,30600,39900,31620,38400,B738,35.8,OkayAirways,16R,224,B5571,,
20170803,OKA2862,ZGHA,ZBTJ,62700,70800,74760,81420,B738,35.8,OkayAirways,16L,222,B5571,,
20170803,OKA2788,ZBTJ,ZGGG,78000,3300,85620,94980,B739,34.3,OkayAirways,16R,222,B5571,,
20170803,OKA287S,ZBTJ,ZSNB,24900,32100,32760,39120,B738,35.8,OkayAirways,16R,223,B5573,,
20170803,OKA2878,ZSNB,ZBTJ,36300,43800,45120,52320,B738,35.8,OkayAirways,16L,226,B5573,,
20170803,OKA2847,ZBTJ,ZUCK,52200,62100,62460,71040,B738,35.8,OkayAirways,16R,224,B5573,,
20170802,OKA2824,ZLXY,ZBTJ,-7800,6270,1680,6780,B738,35.8,OkayAirways,16R,222,B5575,,
20170803,OKA2820,ZGKL,ZBTJ,45600,56100,46320,55080,B738,35.8,OkayAirways,16R,223,B5575,,
20170803,OKA2805,ZBTJ,ZSHC,61200,68100,73980,79920,B738,35.8,OkayAirways,16R,223,B5575,,
20170803,OKA2849,ZGHA,ZBTJ,26100,34500,27240,34200,B738,35.8,OkayAirways,16L,223,B5578,,
20170803,OKA2849,ZBTJ,ZYHB,38400,46200,42780,48720,B738,35.8,OkayAirways,16R,223,B5578,,
20170803,OKA2850,ZYHB,ZBTJ,49800,57900,52740,59520,B738,35.8,OkayAirways,16R,224,B5578,,
20170803,OKA2850,ZBTJ,ZGHA,61800,70800,65700,72420,B738,35.8,OkayAirways,16R,224,B5578,,
20170803,CHH7797,ZSCN,ZBTJ,57900,66000,60420,67020,B738,35.8,HainanAirlines,16R,211,B5580,,
20170803,CHH7798,ZBTJ,ZSCN,69600,75000,79140,85200,B738,35.8,HainanAirlines,16R,210,B5580,,
20170803,CCA8290,ZBHH,ZBTJ,28800,33900,54600,58800,B738,35.8,AirChina,16R,203,B5585,,
20170803,CCA1251,ZBTJ,ZLXY,63300,70500,64500,70440,B738,35.8,AirChina,16R,109,B5585,,
20170803,CCA1252,ZLXY,ZBTJ,74400,81000,74940,79800,B738,35.8,AirChina,16L,118,B5585,,
20170803,CXA8134,ZBTJ,ZHHH,27300,34500,27420,33540,B738,35.8,XiamenAirlines,16R,229,B5633,,
20170803,CCA152S,ZBTJ,ZSSS,30300,36000,30900,36720,B738,35.8,AirChina,16R,118,B5680,,
20170803,CCA1534,ZSSS,ZBTJ,39300,47700,42480,48060,B737,35.8,AirChina,16R,203,B5680,,
20170803,CCA1467,ZBTJ,ZPPP,68000,81500,69960,82380,B738,35.8,AirChina,16R,107,B5680,,
20170803,CCA104D,VHHH,ZBTJ,29100,41220,31560,41460,B738,35.8,AirChina,16L,201,B5681,,
20170803,CCA1671,ZBTJ,ZGSZ,62000,71600,63360,72660,B738,35.8,AirChina,16R,107,B5681,,
20170803,CDG480X,ZBTJ,ZSAM,27000,36000,28680,36960,B738,35.8,shandongAirlines,16R,109,B5728,,
20170803,CSH9264,ZSSS,ZBTJ,50400,59100,50940,57300,B738,35.8,ShanghaiAirlines,16R,219,B5730,,
20170803,CSH9134,ZBTJ,ZSSS,62700,69900,75060,80280,B738,35.8,ShanghaiAirlines,16R,219,B5730,,
20170803,CSN3133,ZGGG,ZBTJ,30300,41400,34080,43200,B738,35.8,ChinaSouthernAirlines,16L,221,B5739,,
20170803,CXA8682,ZSAM,ZBTJ,69600,80100,70680,79440,B738,35.8,XiamenAirlines,16L,226,B5750,,
20170803,CCA811,ZBTJ,VTBS,73800,6300,82200,0,B738,35.8,AirChina,16R,201,B5793,,
20170802,CCA1390,ZJSY,ZBTJ,-14400,12060,-240,12360,B738,35.8,AirChina,16R,109,B5793,,
20170803,CCA151,ZBTJ,ZYTL,32700,36600,33300,36240,B738,35.8,AirChina,16R,118,B5793,,
20170803,CCA152,ZYTL,ZBTJ,66000,69600,67260,70440,B738,35.8,AirChina,16L,108,B5793,,
20170803,CES973S,ZPPP,ZBTJ,36000,46800,44220,55740,B738,35.8,ChinaEasternAirlines,16R,215,B5795,,
20170803,CES9738,ZBTJ,ZPPP,34500,47400,67560,79680,B738,35.8,ChinaEasternAirlines,16R,216,B5795,,
20170803,RLH6515,ZHXF,ZBTJ,59700,66600,60000,65880,B737,35.8,SENDI,16R,111,B5829,,
20170803,RLH6516,ZBTJ,ZHXF,72300,78600,77820,83400,B737,35.8,SENDI,16R,110,B5829,,
20170803,RLH5315,ZBCZ,ZBTJ,37800,42300,39180,42780,B737,35.8,SENDI,16L,112,B5830,,
20170803,RLH5316,ZBTJ,ZBCZ,46200,49800,47100,50940,B737,35.8,SENDI,16R,110,B5830,,
20170803,OKA2709,ZBTJ,ZSFZ,39300,48600,40560,48240,B738,35.8,OkayAirways,16R,222,B5841,,
20170803,OKA2710,ZSFZ,ZBTJ,55800,64800,56220,64500,B738,35.8,OkayAirways,16R,222,B5841,,
20170803,OKA3039,ZBTJ,VVDN,75600,1800,82560,96960,B738,35.8,OkayAirways,16R,224,B5841,,
20170803,OKA2945,ZBTJ,ZGSZ,27900,40200,34140,44880,B739,34.3,OkayAirways,16R,222,B5842,,
20170803,OKA2826,ZSHC,ZBTJ,36000,43500,37200,43380,B738,35.8,OkayAirways,16L,222,B5843,,
20170803,OKA2931,ZBTJ,ZGHA,48300,57000,57000,64020,B738,35.8,OkayAirways,16R,224,B5843,,
20170803,CCD8923,ZYTL,ZBTJ,24600,28200,26040,29520,B738,35.8,XIANGJIAN,16R,110,B6105,,
20170803,CCD8923,ZBTJ,ZLIC,31800,39900,58080,64800,B738,35.8,XIANGJIAN,16R,110,B6105,,
20170803,CCD8924,ZLIC,ZBTJ,42900,50400,69840,75600,B738,35.8,XIANGJIAN,16L,110,B6105,,
20170803,CCD8924,ZBTJ,ZYTL,54000,57900,79680,82020,B738,35.8,XIANGJIAN,16R,110,B6105,,
20170803,CSC8217,ZLXY,ZBTJ,63600,71100,64080,68940,A319,34.09,SichuanAirlines,16L,112,B6176,,
20170803,CSC8218,ZBTJ,ZLXY,75000,82800,80040,85680,A319,34.09,SichuanAirlines,16R,111,B6176,,
20170803,CBJ5729,ZPLJ,ZBTJ,64800,75600,67500,76900,A319,34.09,BeijingCapitalAirlines,16R,214,B6180,,
20170803,CBJ5730,ZBTJ,ZPLJ,79500,5100,82920,93660,A319,34.09,BeijingCapitalAirlines,16R,210,B6180,,
20170803,CCA1771,ZSHC,ZBTJ,54900,63000,65100,71100,A319,34.09,AirChina,16L,202,B6216,,
20170803,CCA1772,ZBTJ,ZSHC,73600,79800,74880,80340,A319,34.09,AirChina,16R,109,B6216,,
20170803,CSN3125,ZGHA,ZBTJ,48000,56700,48600,55500,A320,34.1,ChinaSouthernAirlines,16R,217,B6272,,
20170803,CSN3125,ZBTJ,ZYTX,60600,68400,61140,67380,A320,34.1,ChinaSouthernAirlines,16R,217,B6272,,
20170803,CSC881T,ZBTJ,ZSHC,38400,44400,39900,45360,A320,34.1,SichuanAirlines,16R,111,B6347,,
20170803,DKH1136,ZYBS,ZBTJ,44100,51300,44820,50580,A321,34.1,ShanghaiJuneyaoAirlines,16L,113,B6395,,
20170803,DKH1136,ZBTJ,ZSPD,55200,62400,55200,61200,A321,34.1,ShanghaiJuneyaoAirlines,16R,113,B6395,,
20170803,CGH1029,ZSTX,ZBTJ,57000,64200,59400,66420,A319,34.09,GuizhouAirlines,16R,110,B6417,,
20170803,CGH1030,ZBTJ,ZSTX,67800,74100,73380,79140,A319,34.09,GuizhouAirlines,16R,110,B6417,,
20170803,TBA9907,ZUCK,ZBTJ,49800,59400,68940,76680,A319,34.09,TIBET,16R,113,B6451,,
20170803,CXA8039,ZGHA,ZBTJ,32100,40200,37200,44700,B738,35.8,XiamenAirlines,16L,225,B6486,,
20170803,CXA8039,ZBTJ,ZYHB,46900,54000,48540,55260,B738,35.8,XiamenAirlines,16R,225,B6486,,
20170803,CXA8040,ZYHB,ZBTJ,59400,66900,63300,70080,B738,35.8,XiamenAirlines,16L,227,B6486,,
20170803,CXA8040,ZBTJ,ZGHA,72300,80700,81180,88140,B738,35.8,XiamenAirlines,16R,227,B6486,,
20170803,CXA8125,ZSAM,ZBTJ,31800,42000,34920,43860,B738,35.8,XiamenAirlines,16L,225,B6487,,
20170803,CXA867,ZBTJ,ZSAM,50700,60600,62580,71100,B738,35.8,XiamenAirlines,16R,225,B6487,,
20170803,CXA8139,ZBTJ,ZSAM,27300,36900,31080,39480,B738,35.8,XiamenAirlines,16R,227,B6490,,
20170803,CXA8272,ZBLA,ZBTJ,71700,81300,73260,80580,B738,35.8,XiamenAirlines,16L,225,B6490,,
20170803,CCA951,ZBTJ,ZYTL,25800,30000,26100,28800,B738,35.8,AirChina,16R,107,B6499,,
20170803,CCA952,ZYTL,ZBTJ,61500,65400,62760,65400,B738,35.8,AirChina,16R,109,B6499,,
20170803,CCA8289,ZBTJ,ZBHH,75900,81300,81540,84960,B738,35.8,AirChina,16R,202,B6499,,
20170803,CCA4187,ZUUU,ZBTJ,26700,35700,31260,38940,A321,34.1,AirChina,16R,201,B6556,,
20170803,CSC8568,ZLLL,ZBTJ,50100,58800,67440,73560,A321,34.1,SichuanAirlines,16L,110,B6598,,
20170803,CSC8568,ZBTJ,ZYHB,62400,70200,81780,87240,A321,34.1,SichuanAirlines,16R,110,B6598,,
20170803,CCA8225,ZHHH,ZBTJ,29700,36600,31740,36960,A320,34.1,AirChina,16R,108,B6607,,
20170803,CCA8225,ZBTJ,ZYDQ,40200,46500,43500,49560,A320,34.1,AirChina,16R,108,B6607,,
20170803,CCA8226,ZYDQ,ZBTJ,50100,57000,52980,59400,A320,34.1,AirChina,16R,203,B6607,,
20170803,CCA8226,ZBTJ,ZHHH,62640,69600,68640,73980,A320,34.1,AirChina,16R,203,B6607,,
20170803,CSN3301,ZGGG,ZBTJ,38700,50100,42180,51180,A320,34.1,ChinaSouthernAirlines,16L,220,B6623,,
20170803,CSN3302,ZBTJ,ZGGG,54120,65100,55560,64740,A320,34.1,ChinaSouthernAirlines,16R,218,B6623,,
20170803,CCA4188,ZBTJ,ZUUU,39540,50700,44760,53700,A321,34.1,AirChina,16R,118,B6633,,
20170803,CSN6570,ZLXY,ZBTJ,49800,57000,52140,57120,A320,34.1,ChinaSouthernAirlines,16R,218,B6655,,
20170803,CSN6570,ZBTJ,ZYCC,62400,67500,62280,67320,A320,34.1,ChinaSouthernAirlines,16R,218,B6655,,
20170803,CBJ5226,ZBTJ,ZYTX,79200,360,83040,87720,A320,34.1,BeijingCapitalAirlines,16R,208,B6709,,
20170803,CSZ9797,ZSQZ,ZBTJ,25200,34500,25440,33420,A320,34.1,ShenzhenAirlines,16L,202,B6722,,
20170803,CSC8349,ZBTJ,ZGNN,24000,34800,24000,33900,A320,34.1,SichuanAirlines,16R,110,B6732,,
20170803,CSC8861,ZUUU,ZBTJ,64800,73800,65760,73440,A320,34.1,SichuanAirlines,16L,110,B6732,,
20170803,CSZ9798,ZBTJ,ZSQZ,38100,47700,39360,47580,A320,34.1,ShenzhenAirlines,16R,107,B6740,,
20170802,CSC8861,ZUUU,ZBTJ,-21600,3600,-2940,4620,A320,34.1,SichuanAirlines,16R,110,B6771,,
20170803,CSC8350,ZGNN,ZBTJ,44700,55800,62460,73080,A320,34.1,SichuanAirlines,16L,111,B6771,,
20170803,CCA1921,ZSWZ,ZBTJ,30600,39900,31500,39300,A320,34.1,AirChina,16R,118,B6773,,
20170803,CCA1922,ZBTJ,ZSWZ,43500,52200,46200,52980,A320,34.1,AirChina,16R,107,B6773,,
20170803,GCR7583,ZLXY,ZBTJ,24600,31200,25260,31200,A320,34.1,TianjinAirlines,16R,208,B6789,,
20170803,GCR7583,ZBTJ,ZYHB,35760,42000,35460,41820,A320,34.1,TianjinAirlines,16R,208,B6789,,
20170803,GCR7584,ZYHB,ZBTJ,45000,52800,47220,53340,A320,34.1,TianjinAirlines,16L,210,B6789,,
20170803,GCR7584,ZBTJ,ZLXY,56700,63600,57780,63480,A320,34.1,TianjinAirlines,16R,210,B6789,,
20170803,CSC8567,ZYHB,ZBTJ,27000,34800,28200,34680,A321,34.1,SichuanAirlines,16L,110,B6810,,
20170803,CSC8567,ZBTJ,ZLLL,38700,47400,56520,64200,A321,34.1,SichuanAirlines,16R,110,B6810,,
20170803,GCR7839,ZBTJ,ZWWW,28500,43800,28500,43920,A320,34.1,TianjinAirlines,16R,208,B6837,,
20170803,GCR757R,ZBSJ,ZBTJ,57600,61200,59340,61620,A320,34.1,TianjinAirlines,16R,210,B6837,,
20170803,GCR7887,ZBTJ,ZUUU,69000,79500,75420,84120,A332,60.3,TianjinAirlines,16R,212,B6837,,
20170803,CES2083,ZSPD,ZBTJ,35700,44400,36360,42540,A320,34.1,ChinaEasternAirlines,16L,218,B6880,,
20170803,CES2083,ZBTJ,ZBCF,50400,55800,50640,54960,A320,34.1,ChinaEasternAirlines,16R,218,B6880,,
20170803,CES2084,ZBCF,ZBTJ,59700,64800,62040,66180,A320,34.1,ChinaEasternAirlines,16R,218,B6880,,
20170803,CES2084,ZBTJ,ZSPD,68400,75900,70080,76080,A320,34.1,ChinaEasternAirlines,16R,218,B6880,,
20170803,CSN6579,ZYTL,ZBTJ,27000,30600,27600,30540,A320,34.1,ChinaSouthernAirlines,16R,220,B6896,,
20170803,CSN6579,ZBTJ,ZUCK,34320,44100,41160,49440,A320,34.1,ChinaSouthernAirlines,16R,220,B6896,,
20170803,GCR7809,ZBTJ,ZSCN,52500,58200,64740,71400,A320,34.1,TianjinAirlines,16R,208,B6903,,
20170803,CSN312T,ZYHB,ZBTJ,27000,34200,27360,33720,A320,34.1,ChinaSouthernAirlines,16L,218,B6909,,
20170803,CSN312T,ZBTJ,ZGHA,36900,45600,38040,45300,A320,34.1,ChinaSouthernAirlines,16R,218,B6909,,
20170803,CES519Z,ZBTJ,ZSSS,54000,60000,65220,71040,A321,34.1,ChinaEasternAirlines,16R,218,B6927,,
20170802,CSC8016,ZUXC,ZBTJ,-27300,1800,-6960,2700,A320,34.1,SichuanAirlines,16R,112,B6953,,
20170803,CSC8358,ZJHK,ZBTJ,42000,54300,63360,75180,A320,34.1,SichuanAirlines,16L,110,B6953,,
20170802,CSC8354,ZSCN,ZBTJ,-20100,4800,-780,5220,A320,34.1,SichuanAirlines,16R,112,B6956,,
20170803,CQH8814,ZBTJ,ZSPD,38100,45300,43680,49800,A320,34.1,ShanghaiSpringAirlines,16R,113,B6972,,
20170803,JYH1055,ZGGG,ZBTJ,23100,35100,24600,33840,B738,35.8,TRANSJADE,16L,112,B6991,,
20170803,OKA2883,ZBTJ,ZLXY,10800,21600,16800,27000,B738,35.8,OkayAirways,16R,223,B6997,,
20170803,OKA2990,RJTT,ZBTJ,22800,30300,24900,32400,B738,35.8,OkayAirways,16R,223,B6997,,
20170803,OKA2897,ZBTJ,ZPPP,35700,48000,36120,47640,B738,35.8,OkayAirways,16R,223,B6997,,
20170803,OKA2898,ZPPP,ZBTJ,66000,77400,68160,78960,B738,35.8,OkayAirways,16R,222,B6997,,
20170803,OKA2884,ZBTJ,ZLXY,81000,2400,83880,90120,B738,35.8,OkayAirways,16R,226,B6997,,
20170803,CSZ9121,ZGSZ,ZBTJ,25200,36300,26280,35700,B739,34.3,ShenzhenAirlines,16L,201,B7083,,
20170803,CXA8460,ZLXY,ZBTJ,58500,65400,61020,65820,B738,35.8,XiamenAirlines,16R,225,B7176,,
20170803,CXA8469,ZBTJ,ZUCK,68700,78300,74280,82680,B738,35.8,XiamenAirlines,16R,227,B7176,,
20170803,CXA8069,ZBTJ,ZYTX,81000,1800,84480,1740,B738,35.8,XiamenAirlines,16R,227,B7178,,
20170803,CCA8293,ZBTJ,ZWTL,33960,48000,35760,49740,B738,35.8,AirChina,16R,108,B7182,,
20170803,CCA8294,ZWTL,ZBTJ,67800,80400,68280,79620,B738,35.8,AirChina,16L,108,B7182,,
20170803,OKA285Z,ZBTJ,ZGHA,23400,34500,27900,34860,B738,35.8,OkayAirways,16R,223,B7373,,
20170803,CHH772T,ZBTJ,ZGHA,34200,42600,37380,44520,B738,35.8,HainanAirlines,16R,209,B7379,,
20170803,FZA6645,ZYHB,ZBTJ,23400,31500,37140,43680,B738,35.8,STRAITAIR,16L,206,B7395,,
20170803,FZA6645,ZBTJ,ZLLL,45960,54900,47400,55140,B738,35.8,STRAITAIR,16R,206,B7395,,
20170803,FZA6646,ZLLL,ZBTJ,57600,66300,58920,65340,B738,35.8,STRAITAIR,16R,210,B7395,,
20170803,FZA6646,ZBTJ,ZYHB,69900,77400,73800,79800,B738,35.8,STRAITAIR,16R,210,B7395,,
20170803,CHH7726,ZYHB,ZBTJ,59100,66600,76800,82680,B738,35.8,HainanAirlines,16L,210,B7399,,
20170803,CHH7726,ZBTJ,ZGHA,70200,79200,86040,92640,B738,35.8,HainanAirlines,16R,210,B7399,,
20170803,CXA8366,ZGSZ,ZBTJ,42000,53100,43260,52860,B738,35.8,XiamenAirlines,16L,225,B7557,,
20170803,CXA8379,ZBTJ,ZGSZ,63900,75900,77100,86820,B738,35.8,XiamenAirlines,16R,227,B7557,,
20170803,CXA8230,ZWWW,ZBTJ,57900,71100,58620,71700,B738,35.8,XiamenAirlines,16L,225,B7559,,
20170803,CXA8230,ZBTJ,ZSHC,76200,83400,76740,82140,B738,35.8,XiamenAirlines,16R,225,B7559,,
20170803,CXA8459,ZBTJ,ZLXY,28200,35400,30420,36420,B738,35.8,XiamenAirlines,16R,225,B7560,,
20170803,CXA8470,ZUCK,ZBTJ,29700,38400,30780,38280,B738,35.8,XiamenAirlines,16R,227,B7560,,
20170803,CXA8331,ZBTJ,ZSFZ,42300,51300,49920,58500,B738,35.8,XiamenAirlines,16R,227,B7560,,
20170803,CUA226X,ZBTJ,ZBNY,32400,34200,32940,34140,B738,35.8,LIANHANG,16R,111,B7561,,
20170803,CES5747,ZPPP,ZBTJ,35100,46500,35820,46560,B738,35.8,ChinaEasternAirlines,16L,217,B7591,,
20170803,CES5748,ZBTJ,ZPPP,50700,64200,72780,84480,B738,35.8,ChinaEasternAirlines,16R,216,B7591,,
20170803,CHH7731,ZUGY,ZBTJ,37800,47700,46620,56520,B738,35.8,HainanAirlines,16R,214,B7619,,
20170803,CHH7732,ZBTJ,ZUGY,62200,72400,73200,82500,B738,35.8,HainanAirlines,16R,205,B7619,,
20170802,CSH9069,ZSPD,ZBTJ,-5100,10080,6240,11880,B738,35.8,ShanghaiAirlines,16R,218,B7635,,
20170803,CSH9070,ZBTJ,ZSPD,27600,35400,30660,37140,B738,35.8,ShanghaiAirlines,16R,218,B7635,,
20170802,CXA8140,ZSAM,ZBTJ,-26100,300,-9660,300,B738,35.8,XiamenAirlines,16R,227,B7819,,
20170803,CXA8140,ZBTJ,ZSAM,60300,70800,69780,78720,B738,35.8,XiamenAirlines,16R,227,B7819,,
20170802,CCA1674,ZSHC,ZBTJ,-17400,9900,8700,14280,B738,35.8,AirChina,16R,109,B7890,,
20170803,CCA1619,ZBTJ,ZGSD,31200,43200,34320,45480,B738,35.8,AirChina,16R,203,B7890,,
20170803,CCA1620,ZGSD,ZBTJ,46800,57300,60720,70740,B738,35.8,AirChina,16L,201,B7890,,
20170803,CCA1669,ZBTJ,ZGHA,72500,80200,80640,87180,B738,35.8,AirChina,16R,203,B7890,,
20170803,CCA167Z,ZGHA,ZBTJ,39600,46800,44460,52020,B738,35.8,AirChina,16L,202,B7893,,
20170803,CCA1673,ZBTJ,ZSHC,57600,64500,70260,75900,B738,35.8,AirChina,16R,108,B7893,,
20170803,CDG4825,ZSQD,ZBTJ,28200,33300,30060,33360,B738,35.8,shandongAirlines,16L,108,B7977,,
20170803,CDG4825,ZBTJ,ZBHH,37560,42600,38220,42180,B738,35.8,shandongAirlines,16R,108,B7977,,
20170803,CQH8799,ZBTJ,RJBB,79500,83700,79920,0,A320,34.1,ShanghaiSpringAirlines,16R,110,B8012,,
20170803,CQH8800,RJBB,ZBTJ,58500,76200,59640,68880,A320,34.1,ShanghaiSpringAirlines,16L,110,B8012,,
20170803,GCR7997,ZBTJ,ZBOW,79200,14400,4920,8640,A320,34.1,TianjinAirlines,16R,210,B8075,,
20170803,GCR6510,ZHHH,ZBTJ,36300,43200,36780,42000,A320,34.1,TianjinAirlines,16L,214,B8075,,
20170803,GCR7901,ZBTJ,ZLXY,48900,55800,48900,54660,A332,60.3,TianjinAirlines,16R,212,B8075,,
20170803,TXJ251,ZBTJ,ZGSZ,57600,68400,69300,79620,GLF5,28.5,Taixiang,16R,876,B8125,,
20170803,CBJ5739,ZPLJ,ZBTJ,28200,39000,29820,41400,A320,34.1,BeijingCapitalAirlines,16L,213,B8169,,
20170803,CBJ5740,ZBTJ,ZPLJ,43700,55200,45960,57120,A320,34.1,BeijingCapitalAirlines,16R,207,B8169,,
20170803,CBJ5195,ZJSY,ZBTJ,55800,70200,69960,82920,A321,34.1,BeijingCapitalAirlines,16R,213,B8189,,
20170803,CQH8813,ZSPD,ZBTJ,25500,34200,27060,33120,A320,34.1,ShanghaiSpringAirlines,16L,111,B8327,,
20170803,CSC8356,ZGOW,ZBTJ,73500,84600,83880,6300,A320,34.1,SichuanAirlines,16R,110,B8470,,
20170803,CSC8357,ZBTJ,ZJHK,24900,39000,24780,36120,A320,34.1,SichuanAirlines,16R,111,B8470,,
20170803,CSC8355,ZBTJ,ZGOW,60900,70800,71820,80580,A320,34.1,SichuanAirlines,16R,114,B8470,,
20170803,GCR7577,ZWWW,ZBTJ,33600,46800,34260,46080,A320,34.1,TianjinAirlines,16L,210,B8505,,
20170803,GCR7577,ZBTJ,ZYCC,51000,57300,51060,56340,A320,34.1,TianjinAirlines,16R,210,B8505,,
20170803,GCR7578,ZYCC,ZBTJ,61200,67200,61800,67200,A320,34.1,TianjinAirlines,16R,207,B8505,,
20170803,GCR7578,ZBTJ,ZWWW,71700,600,73560,87840,A320,34.1,TianjinAirlines,16R,207,B8505,,
20170802,CBG8853,ZGCD,ZBTJ,-48900,360,-4980,1860,A320,34.1,SPRAY,16R,110,B8511,,
20170803,CSC8863,ZUCK,ZBTJ,49800,58800,50280,57780,A321,34.1,SichuanAirlines,16R,111,B8605,,
20170803,CSC8863,ZBTJ,ZYCC,63000,68400,63180,68220,A321,34.1,SichuanAirlines,16R,111,B8605,,
20170803,CSC8864,ZYCC,ZBTJ,71400,77700,72840,78540,A321,34.1,SichuanAirlines,16R,112,B8605,,
20170803,UEA225Z,ZBTJ,ZUUU,66600,75600,76860,85740,A320,34.1,ChengduAirlines,16R,111,B8608,,
20170803,CES514V,ZYHB,ZBTJ,34200,37800,37860,46200,A321,34.1,ChinaEasternAirlines,16L,216,B8650,,
20170803,CES514V,ZBTJ,ZSSS,40500,46800,53160,59640,A321,34.1,ChinaEasternAirlines,16R,216,B8650,,
20170803,GCR7966,ZUCK,ZBTJ,71400,80400,74460,81780,A332,60.3,TianjinAirlines,16L,212,B8659,,
20170803,LKE9647,ZSSH,ZBTJ,38700,43800,41640,45900,A320,34.1,LUCKYAIR,16L,213, ,,
20170803,LKE9648,ZBTJ,ZSSH,47400,52800,56040,60540,A320,34.1,LUCKYAIR,16R,210,B8731,,
20170803,TBA9877,ZUUU,ZBTJ,22800,31500,24420,32220,A320,34.1,TIBET,16R,110,B8842,,
20170803,TBA9877,ZBTJ,ZYCC,35100,41400,38700,44100,A320,34.1,TIBET,16R,110,B8842,,
20170803,TBA9878,ZYCC,ZBTJ,67500,74100,72300,78000,A320,34.1,TIBET,16R,112,B8842,,
20170803,TBA9878,ZBTJ,ZUUU,77700,2100,83100,91980,A320,34.1,TIBET,16R,112,B8842,,
20170803,CBG8819,ZHYC,ZBTJ,56400,63600,67200,73200,A320,34.1,SPRAY,16L,112,B8851,,
20170803,CBG8820,ZBTJ,ZHYC,67800,75600,77280,83280,A320,34.1,SPRAY,16R,113,B8851,,
20170803,GCR7955,ZBTJ,UUEE,30300,61200,32640,60120,A332,60.3,TianjinAirlines,16R,414,B8959,,
20170803,CES5643,ZSSS,ZBTJ,41100,49200,41700,47580,A320,34.1,ChinaEasternAirlines,16R,215,B9901,,
20170803,CES5643,ZBTJ,ZBUL,55800,61800,54120,60180,A320,34.1,ChinaEasternAirlines,16R,215,B9901,,
20170803,CES5644,ZBUL,ZBTJ,65100,72000,65880,72300,A320,34.1,ChinaEasternAirlines,16L,216,B9901,,
20170803,CES5644,ZBTJ,ZSSS,76200,83400,82320,87720,A320,34.1,ChinaEasternAirlines,16R,216,B9901,,
20170803,CSN6580,ZUCK,ZBTJ,47700,56400,74880,82560,A320,34.1,ChinaSouthernAirlines,16L,217,B9911,,
20170803,CSN6569,ZYCC,ZBTJ,29100,35100,32640,38220,A320,34.1,ChinaSouthernAirlines,16R,218,B9953,,
20170803,CSN6569,ZBTJ,ZLXY,40700,45900,42300,47940,A320,34.1,ChinaSouthernAirlines,16R,218,B9953,,
20170803,QDA9853,ZSQD,ZBTJ,24600,29700,26040,30000,A320,34.1,SKYLEGEND,16R,113,B9956,,
20170803,QDA9853,ZBTJ,ZBLA,36000,45300,39660,47460,A320,34.1,SKYLEGEND,16R,113,B9956,,
20170803,QDA9854,ZBLA,ZBTJ,58200,67500,64380,71760,A320,34.1,SKYLEGEND,16L,113,B9956,,
20170803,QDA9854,ZBTJ,ZSQD,75000,79500,75840,78900,A320,34.1,SKYLEGEND,16R,113,B9956,,
20170803,GCR7989,ZBTJ,RJTT,72600,83100,74640,0,A320,34.1,TianjinAirlines,16R,208,B9983,,
20170803,GCR7990,RJTT,ZBTJ,1800,12080,12700,12900,A320,34.1,TianjinAirlines,16R,211,B9983,,
20170803,GCR7855,ZBTJ,ZPPP,30300,43500,31380,42300,A332,60.3,TianjinAirlines,16R,212,B9983,,
20170803,GCR7856,ZPPP,ZBTJ,48300,60000,48180,58440,A332,60.3,TianjinAirlines,16R,418,B9983,,
20170803,GCR7977,ZBTJ,RJBB,30900,39900,34560,0,A320,34.1,TianjinAirlines,16R,205,B9987,,
20170802,GCR7876,ZLXY,ZBTJ,-3000,6420,4500,9420,A320,34.1,TianjinAirlines,16R,213,B9987,,
20170803,GCR7978,RJBB,ZBTJ,44400,55200,48540,57000,A320,34.1,TianjinAirlines,16R,210,B9987,,
20170803,GCR7877,ZBTJ,ZLXN,60600,69900,61500,69660,A320,34.1,TianjinAirlines,16R,208,B9987,,
20170803,GCR7878,ZLXN,ZBTJ,72600,81300,76740,85260,A320,34.1,TianjinAirlines,16R,211,B9987,,
20170803,CRK363,ZBTJ,VHHH,26700,37800,27600,0,A333,60.3,HongKongAirlines,16R,101,BLNT,,
20170803,CRK3578,VHHH,ZBTJ,40200,50700,41040,50760,A320,34.1,HongKongAirlines,16L,103,BLPQ,,
20170803,CRK3579,ZBTJ,VHHH,54600,65700,67140,78000,A320,34.1,HongKongAirlines,16R,101,BLPQ,,
20170803,AMU238,VMMC,ZBTJ,29400,40500,30780,40020,A320,34.1,AirMacau,16L,103,BMAK,,
20170803,AMU237,ZBTJ,VMMC,44100,55200,55020,0,A319,34.09,AirMacau,16R,101,BMAN,,
20170803,AAR997,RKSI,ZBTJ,34200,41400,39120,44040,B763,47.57,AsianaAirways,16L,104,HL7507,,
20170803,AAR998,ZBTJ,RKSI,56400,63000,56340,61140,B763,47.57,AsianaAirways,16R,101,HL7507,,
20170803,KAL805,RKSI,ZBTJ,29700,36600,31500,36240,B772,60.9,KoreanAirLines,16R,105,HL7574,,
20170803,KAL806,ZBTJ,RKSI,40800,47400,42120,0,B772,60.9,KoreanAirLines,16R,101,HL7721,,
20170803,KAL318,ZBTJ,RKSI,57600,63600,57540,0,B77L,64.8,KoreanAirLines,16R,102,HL8046,,
20170803,KAL317,RKSI,ZBTJ,37800,44400,39900,45300,B77L,64.8,KoreanAirLines,16L,105,HL8046,,
20170803,AAR327,RKSI,ZBTJ,26700,33000,27060,32340,A321,34.1,AsianaAirways,16R,103,HL8059,,
20170803,KAL864,ZBTJ,RKSI,52800,59400,55920,0,B739,34.3,KoreanAirLines,16R,102,HL8242,,
20170803,KAL863,RKSI,ZBTJ,41700,48300,46740,51480,B739,34.3,KoreanAirLines,16L,103,HL8242,,
20170803,AAR328,ZBTJ,RKSI,36900,43200,41340,46680,A321,34.1,AsianaAirways,16R,101,HL8266,,
20170803,VGO865,VTSG,ZBTJ,23700,46500,26880,45540,B738,35.8,NewEraofThaiAirways,16L,104,HSNGK,,
20170803,VGO866,ZBTJ,VTSG,50100,68700,61680,79800,B738,35.8,NewEraofThaiAirways,16R,104,HSNGK,,
20170803,NCT879,ZBTJ,VTBD,65700,82800,76320,0,B772,60.9,NokScoot,16R,102,HSXBB,,
20170803,NCT880,VTBD,ZBTJ,44400,61200,44940,59700,B772,60.9,NokScoot,16R,105,HSXBB,,
20170803,JAL840,ZBTJ,RJGG,50400,62400,52740,0,B738,35.8,JapanAirlines,16R,101,JA304J,,
20170803,JAL841,RJGG,ZBTJ,35100,46200,39480,48360,B738,35.8,JapanAirlines,16R,103,JA304J,,
20170803,ANA8494,ZBTJ,RJBB,52500,62100,53400,0,B763,47.57,AllNipponAirways,16R,101,JA8664,,
20170803,ANA8503,RJAA,ZBTJ,33600,47100,39060,49080,B763,47.57,AllNipponAirways,16R,106,JA8664,,
20170803,N779LG,WIHH,ZBTJ,36000,58200,36720,62760,CL60,19.61,DeerJet,16R,897,N779LG,,
20170803,HVN500,VVCR,ZBTJ,55200,72600,56700,71520,A321,34.1,VientnamAirlines,16L,103,VNA357,,
20170803,HVN501,ZBTJ,VVCR,76800,8400,83340,97560,A321,34.1,VientnamAirlines,16R,101,VNA357,,
20170803,VJC5320,VVCR,ZBTJ,44700,60900,45540,60840,A321,34.1,VietJet,16R,103,VNA642,,
20170803,VJC5321,ZBTJ,VVCR,65100,81600,76080,90480,A321,34.1,VietJet,16R,101,VNA642,,
