data,callsign,departure,arrivee,TTOT,TLDT,ATOT,ALDT,Type,Wingspan,Airline,QFU,Parking,registration,changing times,remote numbers
20170817,TGW187,ZBTJ,WSSS,33600,55200,34620,0,B788,60.0,SCOOTER,16R,101,9VOJA,178.0,10.0
20170817,TGW188,WSSS,ZBTJ,5400,27000,6600,26100,B788,60.0,SCOOTER,16R,105,9VOJA,,
20170817,CCA8293,ZBTJ,ZWTL,33600,48000,34140,48000,B738,35.8,AirChina,16R,117,B1418,,
20170817,CCA8294,ZWTL,ZBTJ,67800,80400,67140,79020,B738,35.8,AirChina,16R,117,B1418,,
20170817,OKA1420,PGSN,ZBTJ,20400,40800,21660,40860,B739,34.3,OkayAirways,16L,222,B1420,,
20170817,FZA6555,ZSFZ,ZBTJ,65400,74400,66600,76440,B738,35.8,STRAITAIR,16R,211,B1435,,
20170817,FZA6555,ZBTJ,ZYHB,78000,85200,80100,86460,B738,35.8,STRAITAIR,16R,211,B1435,,
20170817,OKA2990,RJTT,ZBTJ,10800,21600,16440,27000,B738,35.8,OkayAirways,16R,222,B1450,,
20170817,OKA3035,ZBTJ,ZSNT,39000,45600,39540,45060,B738,35.8,OkayAirways,16R,226,B1450,,
20170817,CDG4717,ZSQD,ZBTJ,25200,30000,26100,29460,B738,35.8,shandongAirlines,16L,203,B1510,,
20170817,CDG4717,ZBTJ,ZBHH,33600,39000,34440,38520,B738,35.8,shandongAirlines,16R,203,B1510,,
20170817,CDG4718,ZBHH,ZBTJ,42900,48000,45060,49380,B738,35.8,shandongAirlines,16R,203,B1510,,
20170817,CDG4718,ZBTJ,ZSQD,51600,55800,55620,58440,B738,35.8,shandongAirlines,16R,203,B1510,,
20170816,OKA2852,ZLXY,ZBTJ,-4200,-82800,-1800,3600,B739,34.3,OkayAirways,16R,222,B1522,,
20170817,OKA2823,ZBTJ,ZLXY,26400,32100,25860,31980,B738,35.8,OkayAirways,16R,224,B1522,,
20170817,CCA8279,ZBTJ,ZBYN,46500,52200,48780,52080,B738,35.8,AirChina,16R,108,B1528,,
20170817,CCA8280,ZBYN,ZBTJ,75000,79500,74760,77760,B738,35.8,AirChina,16R,118,B1528,,
20170817,CHH7167,ZYTL,ZBTJ,26400,30900,26220,28980,B738,35.8,HainanAirlines,16L,214,B1547,,
20170817,CHH7202,ZGGG,ZBTJ,58200,69300,59160,68460,B738,35.8,HainanAirlines,16L,215,B1548,,
20170817,CHH7201,ZBTJ,ZGGG,73200,84300,73800,82680,B738,35.8,HainanAirlines,16R,206,B1548,,
20170817,OKA291A,ZSQD,ZBTJ,28800,32100,42720,45780,B739,34.3,OkayAirways,16R,223,B1581,,
20170817,OKA2709,ZBTJ,ZSFZ,39300,48600,52080,60960,B738,35.8,OkayAirways,16R,223,B1581,,
20170817,OKA2710,ZSFZ,ZBTJ,55800,64800,65040,75300,B738,35.8,OkayAirways,16R,224,B1581,,
20170817,LKE972R,ZBTJ,ZUMY,46800,54000,51120,59340,B738,35.8,LUCKYAIR,16R,212,B1586,,
20170817,QDA9853,ZSQD,ZBTJ,24600,29700,25860,31200,A320,34.1,SKYLEGEND,16L,113,B1617,,
20170817,QDA9853,ZBTJ,ZBLA,36000,45300,36540,44400,A320,34.1,SKYLEGEND,16R,113,B1617,,
20170817,QDA9854,ZBLA,ZBTJ,58200,67500,58020,67200,A320,34.1,SKYLEGEND,16L,110,B1617,,
20170817,QDA9854,ZBTJ,ZSQD,75000,79500,75300,78240,A320,34.1,SKYLEGEND,16R,110,B1617,,
20170817,DKH1135,ZSPD,ZBTJ,51300,59700,60480,66660,A321,34.1,ShanghaiJuneyaoAirlines,16L,110,B1646,,
20170817,DKH1135,ZBTJ,ZYBS,64200,69600,71100,77700,A321,34.1,ShanghaiJuneyaoAirlines,16R,110,B1646,,
20170817,GCR7583,ZLXY,ZBTJ,24600,31200,25140,31200,A320,34.1,TianjinAirlines,16L,207,B1659,,
20170817,GCR7583,ZBTJ,ZYHB,35400,42000,35220,41760,A320,34.1,TianjinAirlines,16R,207,B1659,,
20170817,GCR7584,ZYHB,ZBTJ,45000,52800,45840,52260,A320,34.1,TianjinAirlines,16L,210,B1659,,
20170817,GCR7584,ZBTJ,ZLXY,56700,63600,63300,69180,A320,34.1,TianjinAirlines,16R,210,B1659,,
20170817,CCA8225,ZHHH,ZBTJ,29700,36600,29700,35220,A320,34.1,AirChina,16L,108,B1687,,
20170817,CCA8225,ZBTJ,ZYDQ,40200,46500,40020,46560,A320,34.1,AirChina,16R,108,B1687,,
20170817,CCA8226,ZYDQ,ZBTJ,50100,57000,50640,56880,A320,34.1,AirChina,16R,117,B1687,,
20170817,CCA8226,ZBTJ,ZHHH,62100,69600,63000,68520,A320,34.1,AirChina,16R,117,B1687,,
20170817,GCR6510,ZHHH,ZBTJ,36300,43200,36420,41880,A320,34.1,TianjinAirlines,16L,209,B1692,,
20170817,GCR7578,ZYCC,ZBTJ,61200,67200,63240,70020,A320,34.1,TianjinAirlines,16L,210,B1692,,
20170817,GCR7578,ZBTJ,ZWWW,71700,600,75660,90180,A320,34.1,TianjinAirlines,16R,210,B1692,,
20170817,CSN8558,ZBTJ,ZGGG,23700,35700,24480,34080,B737,35.8,ChinaSouthernAirlines,16R,218,B1700,,
20170817,EPA6283,ZLLL,ZBTJ,45600,54600,45720,52500,B738,35.8,DONGHAIAIR,16L,210,B1705,,
20170817,EPA6284,ZBTJ,ZLLL,58800,67500,69600,76920,B738,35.8,DONGHAIAIR,16R,207,B1705,,
20170817,CSZ9121,ZGSZ,ZBTJ,25200,36300,26040,35580,B739,34.3,ShenzhenAirlines,16L,118,B1713,,
20170817,JYH1056,ZBTJ,ZGGG,44100,54900,47220,57000,B738,35.8,TRANSJADE,16R,110,B1715,,
20170817,JYH1055,ZGGG,ZBTJ,23100,35100,24480,33300,B738,35.8,TRANSJADE,16L,111,B1716,,
20170817,CSN3133,ZGGG,ZBTJ,30300,41400,31320,40260,B738,35.8,ChinaSouthernAirlines,16L,220,B1737,,
20170817,CCA167R,ZBTJ,ZYHB,21600,28800,20880,26700,B738,35.8,AirChina,16R,108,B1762,,
20170817,CCA1677,ZYHB,ZBTJ,28200,36300,33000,39300,B738,35.8,AirChina,16R,109,B1762,,
20170817,CCA1677,ZBTJ,ZGKL,41700,50400,45060,54780,B738,35.8,AirChina,16R,109,B1762,,
20170817,CCA1678,ZGKL,ZBTJ,53700,63900,58500,67080,B738,35.8,AirChina,16L,107,B1762,,
20170817,CCA1678,ZBTJ,ZYHB,69000,76200,72480,80100,B738,35.8,AirChina,16R,107,B1762,,
20170817,CHH7726,ZYHB,ZBTJ,59100,66600,60660,67200,B738,35.8,HainanAirlines,16L,207,B1786,,
20170817,CHH7726,ZBTJ,ZGHA,70200,79200,71760,78780,B738,35.8,HainanAirlines,16R,207,B1786,,
20170817,CHH7168,ZBTJ,ZYTL,36900,40500,37200,39900,B738,35.8,HainanAirlines,16R,210,B1797,,
20170817,CSC881T,ZBTJ,ZSHC,30000,34800,29640,35640,A320,34.1,SichuanAirlines,16R,110,B1818,,
20170817,CSN6579,ZYTL,ZBTJ,27000,30600,26940,29700,A320,34.1,ChinaSouthernAirlines,16L,217,B1829,,
20170817,CSN6579,ZBTJ,ZUCK,34200,44100,41700,49800,A320,34.1,ChinaSouthernAirlines,16R,217,B1829,,
20170816,GCR7876,ZLXY,ZBTJ,-3000,-84000,-1500,4080,A320,34.1,TianjinAirlines,16R,213,B1850,,
20170817,GCR7815,ZBTJ,ZSQD,27900,32100,28320,31680,A320,34.1,TianjinAirlines,16R,206,B1850,,
20170817,GCR7816,ZSQD,ZBTJ,55500,60300,72900,76080,A320,34.1,TianjinAirlines,16R,216,B1850,,
20170817,GCR7887,ZBTJ,ZUUU,70500,79500,80580,88560,A332,60.3,TianjinAirlines,16R,414,B1850,,
20170817,GCR7896,ZUCK,ZBTJ,32400,41400,33120,40920,A320,34.1,TianjinAirlines,16L,210,B1851,,
20170817,GCR7901,ZBTJ,ZLXY,48900,55800,56220,62280,A332,60.3,TianjinAirlines,16R,212,B1851,,
20170817,CES2083,ZSPD,ZBTJ,35700,44400,40740,47580,A320,34.1,ChinaEasternAirlines,16R,217,B1865,,
20170817,CES2083,ZBTJ,ZBCF,50400,55800,51360,54540,A320,34.1,ChinaEasternAirlines,16R,217,B1865,,
20170817,CES2084,ZBCF,ZBTJ,59700,64800,59640,62760,A320,34.1,ChinaEasternAirlines,16R,216,B1865,,
20170817,CES2084,ZBTJ,ZSPD,68400,81060,74880,81300,A320,34.1,ChinaEasternAirlines,16R,216,B1865,,
20170817,CQH869X,ZBTJ,ZYTX,37800,40500,41580,45540,A320,34.1,ShanghaiSpringAirlines,16R,113,B1896,,
20170817,FZA6556,ZYHB,ZBTJ,41700,49500,42360,48960,B738,35.8,STRAITAIR,16R,210,B1906,,
20170817,FZA6556,ZBTJ,ZSFZ,53100,62400,61080,70020,B738,35.8,STRAITAIR,16R,210,B1906,,
20170817,CSN6655,ZSYW,ZBTJ,36900,45300,39720,46320,B738,35.8,ChinaSouthernAirlines,16R,220,B1920,,
20170817,CSN6656,ZBTJ,ZSYW,48900,57000,57480,64020,B738,35.8,ChinaSouthernAirlines,16R,218,B1920,,
20170817,OKA2862,ZGHA,ZBTJ,62700,70800,63000,70200,B738,35.8,OkayAirways,16L,222,B1963,,
20170817,OKA2707,ZBTJ,ZYTL,75900,80100,76560,79140,B739,34.3,OkayAirways,16R,225,B1963,,
20170817,CXA868,ZSAM,ZBTJ,54600,64500,59460,68640,B738,35.8,XiamenAirlines,16L,227,B1969,,
20170817,CXA8126,ZBTJ,ZSAM,74100,84000,75540,83400,B738,35.8,XiamenAirlines,16R,229,B1969,,
20170817,CDG8709,ZBTJ,ZLIC,40500,48300,41400,48420,B738,35.8,shandongAirlines,16R,117,B1987,,
20170817,CDG8710,ZLIC,ZBTJ,64800,72900,64800,70920,B738,35.8,shandongAirlines,16L,118,B1987,,
20170817,CDG4802,ZBTJ,ZSAM,76500,86100,79980,88260,B738,35.8,shandongAirlines,16R,108,B1987,,
20170817,CKK214,EKCH,ZBTJ,64800,8700,12480,43320,B77L,64.8,ChinaCargoAirlines,16R,897,B2083,,
20170817,CAO1070,KJFK,ZBTJ,1500,55200,85740,47820,B77L,64.8,AirChinaInternationalCorporation,16R,101,B2094,,
20170817,CAO1070,ZBTJ,ZSPD,80700,1800,86040,92040,B77L,64.8,AirChinaInternationalCorporation,16R,101,B2094,,
20170817,CSN6333,ZBTJ,ZYTL,52500,59700,57000,60000,A320,34.1,ChinaSouthernAirlines,16R,222,B2350,,
20170816,CCA1771,ZSHC,ZBTJ,-27600,-19800,4020,9720,A319,34.09,AirChina,16R,109,B2404,,
20170817,CSN6126,ZBTJ,ZYTL,49800,58980,56400,59340,A321,34.1,ChinaSouthernAirlines,16R,217,B2417,,
20170817,LHA4015,ZSNT,ZBTJ,9600,15600,10500,15960,B733,28.3,LonghaoAirlines,16R,906,B2572,,
20170817,LHA4016,ZBTJ,ZSNT,18600,24900,20040,25320,B733,28.3,LonghaoAirlines,16R,906,B2572,,
20170817,CYZ9101,ZBTJ,ZSNJ,1500,7800,16260,0,B733,28.3,ChinaPost,16R,876,B2882,,
20170817,YZR7943,ZBTJ,ZGSZ,3600,15600,17340,0,B733,28.3,YangtzeRiverExpress,16R,876,B2885,,
20170817,YZR7944,ZSNB,ZBTJ,16500,24300,45240,52380,B733,28.3,YangtzeRiverExpress,16L,897,B2885,,
20170817,CYZ9102,ZSNJ,ZBTJ,22200,28500,23400,28260,B734,28.9,ChinaPost,16R,906,B2892,,
20170817,CYZ9111,ZBTJ,ZLLL,31500,40500,31920,39480,B734,28.9,ChinaPost,16R,906,B2892,,
20170817,CYZ9112,ZLLL,ZBTJ,76200,84900,77160,83400,B734,28.9,ChinaPost,16R,897,B2892,,
20170817,CSS6863,ZBTJ,ZSHC,13800,21000,14880,0,B752,38.05,SHUNFENG,16R,897,B2899,,
20170817,CSS6863,ZYTX,ZBTJ,4500,10200,4980,8820,B752,38.05,SHUNFENG,16R,897,B2899,,
20170817,GCR7911,ZBTJ,ZBCF,29700,34800,29880,33600,E145,20.04,TianjinAirlines,16R,209,B3092,,
20170817,GCR7912,ZBCF,ZBTJ,38100,42600,39780,43200,E145,20.04,TianjinAirlines,16L,206,B3092,,
20170817,GCR7849,ZBTJ,ZYCY,59100,62700,69420,72600,E145,20.04,TianjinAirlines,16R,208,B3092,,
20170817,GCR7850,ZYCY,ZBTJ,70800,75600,75300,78840,E145,20.04,TianjinAirlines,16R,209,B3092,,
20170816,GCR7860,ZHHH,ZBTJ,-4500,-84000,300,6960,A320,34.1,TianjinAirlines,16R,211,B3100,,
20170817,GCR7889,ZBTJ,ZSAM,33900,43500,35040,44400,A332,60.3,TianjinAirlines,16R,212,B3100,,
20170817,CGZ7137,ZUTR,ZBTJ,55800,65700,59400,68100,E190,28.72,COLORFUL,16L,112,B3115,,
20170817,CGZ7138,ZBTJ,ZUTR,69600,80100,71520,79560,E190,28.72,COLORFUL,16R,113,B3115,,
20170816,GCR7854,ZSHC,ZBTJ,-26100,-18600,2220,8160,E190,28.72,TianjinAirlines,16R,213,B3117,,
20170817,GCR7929,ZBTJ,ZLXY,27000,34200,26640,32940,E190,28.72,TianjinAirlines,16R,210,B3117,,
20170817,GCR7930,ZLXY,ZBTJ,62100,69000,62280,67920,E190,28.72,TianjinAirlines,16L,214,B3117,,
20170816,GCR7852,ZSHC,ZBTJ,-11400,-3300,7620,13680,E190,28.72,TianjinAirlines,16R,213,B3119,,
20170817,GCR7859,ZBTJ,ZHHH,30000,37200,30600,36660,A320,34.1,TianjinAirlines,16R,207,B3119,,
20170817,GCR7927,ZBTJ,ZBHH,29400,34500,33840,37680,E190,28.72,TianjinAirlines,16R,206,B3121,,
20170817,GCR7928,ZBHH,ZBTJ,50700,56100,52500,56520,E190,28.72,TianjinAirlines,16R,213,B3121,,
20170817,GCR7851,ZBTJ,ZSHC,64200,71100,67320,73320,E190,28.72,TianjinAirlines,16R,205,B3121,,
20170817,GCR6657,ZBHH,ZBTJ,64800,69900,69300,74700,E190,28.72,TianjinAirlines,16R,212,B3123,,
20170817,GCR6657,ZBTJ,ZYTL,73200,77100,78180,81000,E190,28.72,TianjinAirlines,16R,212,B3123,,
20170817,HXA2670,ZLGY,ZBTJ,43500,49800,45000,51600,CRJ9,23.2,Chinaexpressair,16L,601,B3142,,
20170817,HXA2925,ZBTJ,ZYTL,53400,57300,60480,63300,CRJ9,23.2,Chinaexpressair,16R,415L,B3142,,
20170817,GCR6433,ZYTL,ZBTJ,63600,67500,64140,67260,E190,28.72,TianjinAirlines,16L,210,B3155,,
20170817,GCR6434,ZBTJ,ZYTL,71100,74700,71880,74880,E190,28.72,TianjinAirlines,16R,210,B3155,,
20170817,GCR7581,ZLXY,ZBTJ,49500,56400,59640,64980,E190,28.72,TianjinAirlines,16L,205,B3163,,
20170817,GCR7581,ZBTJ,ZBXH,60000,65700,70320,74400,E190,28.72,TianjinAirlines,16R,205,B3163,,
20170817,CBG8823,ZUKJ,ZBTJ,35400,45600,36180,46140,E190,28.72,SPRAY,16R,110,B3165,,
20170817,CBG8824,ZBTJ,ZUKJ,49560,61200,55260,65700,E190,28.72,SPRAY,16R,110,B3165,,
20170817,GCR7841,ZBTJ,ZHCC,33000,38400,33720,38400,E190,28.72,TianjinAirlines,16R,209,B3168,,
20170817,GCR7842,ZHCC,ZBTJ,65400,70500,70920,75480,E190,28.72,TianjinAirlines,16R,207,B3168,,
20170817,GCR7821,ZBTJ,ZYTL,33900,37800,34020,36720,E190,28.72,TianjinAirlines,16R,210,B3169,,
20170817,GCR7822,ZYTL,ZBTJ,40800,44700,49200,51900,E190,28.72,TianjinAirlines,16L,213,B3169,,
20170817,GCR7813,ZBTJ,ZYTL,51600,55200,59700,62520,A320,34.1,TianjinAirlines,16R,208,B3169,,
20170817,GCR7869,ZBTJ,ZHHH,36600,44100,39360,45420,E190,28.72,TianjinAirlines,16R,208,B3170,,
20170817,GCR6658,ZBTJ,ZBHH,76500,80900,78360,82500,E190,28.72,TianjinAirlines,16R,209,B3170,,
20170817,GCR7870,ZHHH,ZBTJ,63900,70500,66600,73200,E190,28.72,TianjinAirlines,16R,206,B3170,,
20170817,GCR7828,ZBDS,ZBTJ,55500,61800,56640,61860,E190,28.72,TianjinAirlines,16R,211,B3171,,
20170817,GCR7917,ZBTJ,ZBLA,65400,74400,66720,74880,E190,28.72,TianjinAirlines,16R,206,B3171,,
20170817,GCR758X,ZBTJ,ZLXY,39600,46500,46320,52920,E190,28.72,TianjinAirlines,16R,205,B3181,,
20170817,CBG8819,ZHYC,ZBTJ,56400,63600,56280,62880,A320,34.1,SPRAY,16R,112,B3186,,
20170817,CBG8820,ZBTJ,ZHYC,67800,75600,68760,75060,A320,34.1,SPRAY,16R,110,B3186,,
20170817,GCR7907,ZBTJ,ZBOW,29100,35400,29760,34200,A320,34.1,TianjinAirlines,16R,210,B3189,,
20170817,GCR7908,ZBOW,ZBTJ,37800,43200,37560,42000,A320,34.1,TianjinAirlines,16L,213,B3189,,
20170817,GCR7867,ZBTJ,ZSRZ,47100,51000,51720,55380,E190,28.72,TianjinAirlines,16R,206,B3189,,
20170817,GCR7868,ZSRZ,ZBTJ,71100,75900,74100,77640,E190,28.72,TianjinAirlines,16R,215,B3189,,
20170817,GCR7921,ZBTJ,ZSYT,26400,30900,32760,35520,E190,28.72,TianjinAirlines,16R,208,B3191,,
20170817,GCR7922,ZSYT,ZBTJ,35700,39600,39720,42840,E190,28.72,TianjinAirlines,16L,212,B3191,,
20170817,GCR7909,ZBTJ,ZYQQ,45800,39600,47400,54420,E190,28.72,TianjinAirlines,16R,208,B3191,,
20170817,GCR7910,ZYQQ,ZBTJ,54300,62100,57180,63780,E190,28.72,TianjinAirlines,16R,213,B3191,,
20170817,GCR7582,ZBXH,ZBTJ,68100,73500,76740,80280,E190,28.72,TianjinAirlines,16R,211,B3191,,
20170817,GCR7582,ZBTJ,ZLXY,77100,84000,84840,90900,E190,28.72,TianjinAirlines,16R,211,B3191,,
20170817,CBG8851,ZHNY,ZBTJ,47100,53100,48300,53700,E190,28.72,SPRAY,16L,111,B3215,,
20170817,CBG8852,ZBTJ,ZHNY,57000,63300,66300,71400,E190,28.72,SPRAY,16R,111,B3215,,
20170817,CGZ712X,ZBTJ,ZUWX,32400,41400,34260,43020,E190,28.72,COLORFUL,16R,111,B3225,,
20170816,GCR7918,ZBLA,ZBTJ,-9300,-600,-1020,6000,E190,28.72,TianjinAirlines,16R,213,B3232,,
20170817,GCR7883,ZBTJ,ZSSS,30900,36300,30000,36120,E190,28.72,TianjinAirlines,16R,206,B3232,,
20170817,GCR7884,ZSSS,ZBTJ,40200,48600,42720,49200,E190,28.72,TianjinAirlines,16R,213,B3232,,
20170817,GCR7827,ZBTJ,ZBDS,65100,71400,67020,71700,E190,28.72,TianjinAirlines,16R,209,B3232,,
20170816,HXA2924,ZYBA,ZBTJ,-21600,-14700,-4800,720,CRJ9,23.2,Chinaexpressair,16R,601,B3252,,
20170817,HXA290X,ZBTJ,ZBUC,36000,40800,36900,40320,CRJ9,23.2,Chinaexpressair,16R,414R,B3252,,
20170817,HXA2843,ZBLL,ZBTJ,67200,71400,67200,71220,CRJ9,23.2,Chinaexpressair,16L,414,B3361,,
20170817,HXA2844,ZBTJ,ZBLL,74700,79200,76140,80100,CRJ9,23.2,Chinaexpressair,16R,414R,B3361,,
20170816,HXA2655,ZBZJ,ZBTJ,-6900,-3300,3540,6660,CRJ9,23.2,Chinaexpressair,16R,601,B3362,,
20170817,HXA2905,ZBTJ,ZLTS,25500,34800,26220,33480,CRJ9,23.2,Chinaexpressair,16R,414R,B3362,,
20170817,HXA2906,ZLTS,ZBTJ,38700,46800,38340,45480,CRJ9,23.2,Chinaexpressair,16R,601,B3362,,
20170817,HXA2669,ZBTJ,ZLGY,57900,65400,68460,74820,CRJ9,23.2,Chinaexpressair,16R,414R,B3362,,
20170817,HXA2841,ZBOW,ZBTJ,73200,78600,78900,83760,CRJ9,23.2,Chinaexpressair,16R,601,B3366,,
20170816,HXA2841,ZBOW,ZBTJ,-13200,-7800,240,4620,CRJ9,23.2,Chinaexpressair,16R,601,B3377,,
20170817,HXA2820,ZBES,ZBTJ,47700,55500,47520,54240,CRJ9,23.2,Chinaexpressair,16R,601,B3378,,
20170817,HXA2819,ZBTJ,ZBES,61500,69300,62340,68220,CRJ9,23.2,Chinaexpressair,16R,414R,B3378,,
20170817,JOY1602,ZBTJ,ZBSJ,24300,28200,24660,27540,MA60,29.2,Joyair,16R,502,B3710,,
20170817,JOY1610,ZBTJ,ZBOW,25500,33900,26400,32880,MA60,29.2,Joyair,16R,501,B3710,,
20170817,JOY1609,ZBOW,ZBTJ,54600,60900,65880,73800,MA60,29.2,Joyair,16R,501,B3710,,
20170817,JOY1595,ZBTJ,ZSYT,64500,70200,76920,80640,MA60,29.2,Joyair,16R,501,B3710,,
20170817,JOY1601,ZBSJ,ZBTJ,41700,45900,47520,50460,MA60,29.2,Joyair,16L,501,B3712,,
20170817,JOY1604,ZBTJ,ZBYN,54300,59100,61620,66900,MA60,29.2,Joyair,16R,501,B3712,,
20170817,JOY1603,ZBYN,ZBTJ,77400,82800,79500,83580,MA60,29.2,Joyair,16R,501,B3712,,
20170817,CSZ9122,ZBTJ,ZGSZ,39900,51600,41220,51420,B738,35.8,ShenzhenAirlines,16R,201,B5105,,
20170817,CSZ9123,ZGSZ,ZBTJ,55500,66300,60120,69900,A320,34.1,ShenzhenAirlines,16L,202,B5109,,
20170817,CSZ9124,ZBTJ,ZGSZ,72800,82500,74160,83940,A320,34.1,ShenzhenAirlines,16R,107,B5109,,
20170816,CXA8682,ZSAM,ZBTJ,-16800,-6300,-7260,1980,B738,35.8,XiamenAirlines,16R,225,B5161,,
20170817,CXA8365,ZBTJ,ZGSZ,26100,38100,26880,36600,B738,35.8,XiamenAirlines,16R,227,B5161,,
20170816,OKA2708,ZYTL,ZBTJ,-2400,-84600,7740,10440,B739,34.3,OkayAirways,16R,222,B5181,,
20170817,OKA2877,ZBTJ,ZSNB,24900,32100,24900,31080,B738,35.8,OkayAirways,16R,223,B5181,,
20170817,OKA2878,ZSNB,ZBTJ,36300,43800,40800,48060,B738,35.8,OkayAirways,16R,223,B5181,,
20170817,OKA2833,ZBTJ,ZSCN,45600,51900,53940,61380,B738,35.8,OkayAirways,16R,222,B5181,,
20170817,CSN3168,ZHHH,ZBTJ,58200,64800,58440,64260,B738,35.8,ChinaSouthernAirlines,16R,220,B5192,,
20170817,CSN3167,ZBTJ,ZHHH,68700,75600,70080,75900,B738,35.8,ChinaSouthernAirlines,16R,220,B5192,,
20170817,CCD8924,ZLIC,ZBTJ,42900,50400,44700,51180,B738,35.8,XIANGJIAN,16L,110,B5196,,
20170817,CCD8924,ZBTJ,ZYTL,54000,57900,55440,58380,B738,35.8,XIANGJIAN,16R,110,B5196,,
20170817,CCA1249,ZBTJ,ZLXY,26700,33600,27120,33120,B737,35.8,AirChina,16R,107,B5211,,
20170817,CCA1250,ZLXY,ZBTJ,37500,44700,37800,43560,B737,35.8,AirChina,16R,201,B5211,,
20170817,CCA1387,ZBTJ,ZGGG,53400,64800,61860,71460,B737,35.8,AirChina,16R,109,B5211,,
20170817,CCA1388,ZGGG,ZBTJ,69000,80700,76320,85440,B737,35.8,AirChina,16R,109,B5211,,
20170816,CCA1528,ZSSS,ZBTJ,-15600,-7500,-2040,3840,B737,35.8,AirChina,16R,108,B5213,,
20170817,CCA1427,ZBTJ,ZUUU,27000,37800,27300,36360,B738,35.8,AirChina,16R,117,B5213,,
20170817,CCA1428,ZUUU,ZBTJ,42600,51900,43260,51660,B738,35.8,AirChina,16L,202,B5213,,
20170817,CCA1527,ZBTJ,ZSSS,59880,66900,70560,76320,B737,35.8,AirChina,16R,107,B5213,,
20170816,CCA1482,ZBYC,ZBTJ,-16200,-10800,-2160,2340,B737,35.8,AirChina,16R,108,B5229,,
20170817,CCA1245,ZBTJ,ZLLL,30600,39600,30900,38580,B738,35.8,AirChina,16R,201,B5229,,
20170817,CCA1246,ZLLL,ZBTJ,42600,51000,44160,50820,B738,35.8,AirChina,16L,203,B5229,,
20170817,CCA1523,ZBTJ,ZSSS,54000,61500,66180,71700,B737,35.8,AirChina,16R,108,B5229,,
20170817,CSH9115,ZSSS,ZBTJ,36300,44100,37620,43800,B738,35.8,ShanghaiAirlines,16R,219,B5315,,
20170817,CSH9116,ZBTJ,ZSSS,48600,55800,50520,56820,B738,35.8,ShanghaiAirlines,16R,219,B5315,,
20170817,CDG4801,ZSAM,ZBTJ,26700,37200,28560,37200,B738,35.8,shandongAirlines,16R,201,B5336,,
20170817,CCA1663,ZBTJ,ZSWH,30000,35100,30120,33720,B738,35.8,AirChina,16R,109,B5387,,
20170817,CCA1664,ZSWH,ZBTJ,38100,42000,38520,41520,B738,35.8,AirChina,16L,203,B5387,,
20170817,CCA8277,ZBTJ,ZGSD,49800,62100,59520,69960,B738,35.8,AirChina,16R,108,B5387,,
20170817,CCA8278,ZGSD,ZBTJ,66600,77400,74040,83880,B738,35.8,AirChina,16R,117,B5387,,
20170817,CXA8380,ZGSZ,ZBTJ,72900,84000,72840,82800,B738,35.8,XiamenAirlines,16R,227,B5388,,
20170817,CCA8290,ZBHH,ZBTJ,28800,33900,38520,42660,B738,35.8,AirChina,16L,117,B5391,,
20170817,CCA8283,ZBTJ,ZBYC,47100,53400,55740,60360,B738,35.8,AirChina,16R,109,B5391,,
20170817,CHH7731,ZUGY,ZBTJ,37800,47700,40260,50760,B738,35.8,HainanAirlines,16L,211,B5429,,
20170817,CHH7732,ZBTJ,ZUGY,52200,62400,59940,68940,B738,35.8,HainanAirlines,16R,206,B5429,,
20170816,FZA6619,ZSNT,ZBTJ,-27300,-21300,-5760,60,B738,35.8,STRAITAIR,16R,213,B5430,,
20170817,FZA6569,ZSLY,ZBTJ,37500,42600,38700,43020,B738,35.8,STRAITAIR,16L,213,B5430,,
20170817,FZA6570,ZBTJ,ZSLY,46200,51300,50100,54000,B738,35.8,STRAITAIR,16R,208,B5430,,
20170817,CSN3134,ZBTJ,ZGGG,45000,56400,48420,58440,B738,35.8,ChinaSouthernAirlines,16R,221,B5445,,
20170816,CCA1390,ZJSY,ZBTJ,-14400,-300,-10800,1860,B738,35.8,AirChina,16R,109,B5447,,
20170817,CCA1529,ZBTJ,ZSAM,25200,35100,25500,33660,B738,35.8,AirChina,16R,117,B5447,,
20170817,CCA1530,ZSAM,ZBTJ,40200,50400,44520,53280,B738,35.8,AirChina,16L,202,B5447,,
20170817,CCA1241,ZBTJ,ZLXN,55860,64500,67560,75300,B738,35.8,AirChina,16R,109,B5447,,
20170817,CCA1242,ZLXN,ZBTJ,71100,79800,78900,85860,B738,35.8,AirChina,16R,,B5447,,
20170817,CXA8097,ZBTJ,ZSQZ,30000,37500,28860,37320,B738,35.8,XiamenAirlines,16R,226,B5487,,
20170817,CXA8098,ZSQZ,ZBTJ,71700,81900,75120,83100,B738,35.8,XiamenAirlines,16R,226,B5487,,
20170817,CXA8039,ZGHA,ZBTJ,32100,40200,31980,38940,B738,35.8,XiamenAirlines,16R,225,B5489,,
20170817,CXA8039,ZBTJ,ZYHB,45900,54000,46140,52620,B738,35.8,XiamenAirlines,16R,225,B5489,,
20170817,CXA8040,ZYHB,ZBTJ,59400,66900,61440,68400,B738,35.8,XiamenAirlines,16L,225,B5489,,
20170817,CXA8040,ZBTJ,ZGHA,72300,80700,72600,79440,B738,35.8,XiamenAirlines,16R,225,B5489,,
20170817,CCA187,ZBTJ,RCSS,53700,64800,62280,0,B738,35.8,AirChina,16R,108,B5508,,
20170817,CCA1533,ZBTJ,ZSSS,28800,35700,28980,34800,B737,35.8,AirChina,16R,107,B5508,,
20170817,CCA1534,ZSSS,ZBTJ,39300,47700,42060,48180,B737,35.8,AirChina,16R,203,B5508,,
20170817,CCA188,RCSS,ZBTJ,68400,79200,75960,84960,B738,35.8,AirChina,16R,108,B5508,,
20170817,CCA1371,ZBTJ,ZGSZ,28200,39900,29340,39840,B737,35.8,AirChina,16R,203,B5509,,
20170817,CCA1372,ZGSZ,ZBTJ,43500,54900,44040,54600,B737,35.8,AirChina,16R,201,B5509,,
20170817,CCA1401,ZBTJ,ZPPP,56400,69300,65100,75300,B738,35.8,AirChina,16R,109,B5509,,
20170816,CCA8276,ZSWZ,ZBTJ,-11100,-2400,7860,14820,B738,35.8,AirChina,16R,109,B5510,,
20170817,CCA103,ZBTJ,VHHH,30900,42600,31500,41940,B738,35.8,AirChina,16R,117,B5510,,
20170817,CCA104,VHHH,ZBTJ,46200,58500,48780,58140,B738,35.8,AirChina,16R,201,B5510,,
20170817,CCA1395,ZBTJ,ZGGG,64200,75900,68340,77580,B738,35.8,AirChina,16R,107,B5510,,
20170816,CCA1524,ZSSS,ZBTJ,-21300,-13200,-180,5160,B737,35.8,AirChina,16R,109,B5518,,
20170817,CCA1619,ZBTJ,ZGSD,31200,43200,32400,42660,B738,35.8,AirChina,16R,107,B5518,,
20170817,CCA1620,ZGSD,ZBTJ,46800,57300,48480,58800,B738,35.8,AirChina,16R,202,B5518,,
20170817,CCA1259,ZBTJ,ZUGY,61500,71400,63600,72420,B738,35.8,AirChina,16R,203,B5518,,
20170817,CCA1671,ZBTJ,ZGSZ,42000,54000,43200,52980,B738,35.8,AirChina,16R,109,B5519,,
20170817,CCA1672,ZGSZ,ZBTJ,57600,68400,57960,67800,B738,35.8,AirChina,16L,202,B5519,,
20170817,CSH911T,ZBTJ,ZSSS,32400,39600,33360,39180,B738,35.8,ShanghaiAirlines,16R,218,B5523,,
20170817,CCA1317,ZBTJ,ZGGG,27600,39000,27780,37320,B738,35.8,AirChina,16R,109,B5525,,
20170817,CCA1318,ZGGG,ZBTJ,42600,54600,43020,52680,B738,35.8,AirChina,16L,117,B5525,,
20170817,CCA8275,ZBTJ,ZSWZ,58200,66600,67740,75060,B738,35.8,AirChina,16R,108,B5525,,
20170817,CSH9264,ZSSS,ZBTJ,50400,59100,53580,60060,B738,35.8,ShanghaiAirlines,16R,219,B5550,,
20170817,CSH9134,ZBTJ,ZSQD,63900,69900,73260,79980,B738,35.8,ShanghaiAirlines,16R,218,B5550,,
20170816,OKA2932,ZGHA,ZBTJ,-5700,-84000,6000,13620,B738,35.8,OkayAirways,16R,222,B5562,,
20170817,OKA2945,ZBTJ,ZGSZ,27900,40200,29160,39600,B739,34.3,OkayAirways,16R,223,B5562,,
20170817,OKA2946,ZGSZ,ZBTJ,62400,73500,63360,72960,B739,34.3,OkayAirways,16R,223,B5562,,
20170817,OKA3022,ZBTJ,ZYHB,77100,84300,78000,84660,B738,35.8,OkayAirways,16R,223,B5562,,
20170817,OKA291R,ZBTJ,ZYHB,19800,26400,19560,26460,B738,35.8,OkayAirways,16R,224,B5571,,
20170817,OKA3021,ZYHB,ZBTJ,24600,32100,30300,36900,B738,35.8,OkayAirways,16R,224,B5571,,
20170817,OKA2701,ZBTJ,ZSLG,39300,45300,44400,48480,B738,35.8,OkayAirways,16R,223,B5571,,
20170817,OKA2702,ZSLG,ZBTJ,74100,79200,74580,78300,B738,35.8,OkayAirways,16R,223,B5571,,
20170816,OKA2878,ZSNB,ZBTJ,-18600,-10200,6720,12960,B738,35.8,OkayAirways,16R,223,B5573,,
20170817,OKA2757,ZBTJ,ZGDY,35700,44700,36120,43560,B738,35.8,OkayAirways,16R,224,B5573,,
20170817,OKA2758,ZGDY,ZBTJ,64200,72900,71940,80100,B738,35.8,OkayAirways,16R,222,B5573,,
20170817,OKA2788,ZBTJ,ZGGG,78900,3300,84360,93360,B739,34.3,OkayAirways,16R,224,B5573,,
20170816,OKA2834,ZSCN,ZBTJ,-10500,-2100,2040,8700,B738,35.8,OkayAirways,16R,222,B5575,,
20170817,OKA2819,ZBTJ,ZGKL,25800,36600,25980,34860,B738,35.8,OkayAirways,16R,222,B5575,,
20170817,OKA2820,ZGKL,ZBTJ,45600,56100,45300,54420,B738,35.8,OkayAirways,16R,224,B5575,,
20170817,OKA2805,ZBTJ,ZSHC,61200,68100,66480,72660,B738,35.8,OkayAirways,16R,224,B5575,,
20170816,OKA2752,ZSHC,ZBTJ,-6600,-85200,8760,14640,B738,35.8,OkayAirways,16R,223,B5577,,
20170817,OKA2825,ZBTJ,ZSHC,24600,31800,25260,31020,B738,35.8,OkayAirways,16R,226,B5577,,
20170817,OKA2826,ZSHC,ZBTJ,36000,43500,39240,45180,B738,35.8,OkayAirways,16R,222,B5577,,
20170817,OKA2931,ZBTJ,ZGHA,48780,57000,57660,64680,B738,35.8,OkayAirways,16R,223,B5577,,
20170817,CCA1396,ZGGG,ZBTJ,31500,42900,51960,61500,B738,35.8,AirChina,16R,202,B5585,,
20170817,CCA1251,ZBTJ,ZLXY,63300,70500,70800,76920,B738,35.8,AirChina,16R,108,B5585,,
20170817,CCA1252,ZLXY,ZBTJ,74400,81000,80760,85620,B738,35.8,AirChina,16R,117,B5585,,
20170817,CXA8203,ZYTL,ZBTJ,30900,34500,31080,33900,B738,35.8,XiamenAirlines,16L,229,B5602,,
20170817,CXA8203,ZBTJ,ZLXN,39600,48000,38940,46500,B738,35.8,XiamenAirlines,16R,229,B5602,,
20170817,CXA8204,ZLXN,ZBTJ,50700,59400,50640,57600,B738,35.8,XiamenAirlines,16R,229,B5602,,
20170817,CXA8204,ZBTJ,ZYTL,67500,71100,68640,71280,B738,35.8,XiamenAirlines,16R,229,B5602,,
20170817,CCA1260,ZUGY,ZBTJ,37800,47400,38580,48360,B738,35.8,AirChina,16R,201,B5621,,
20170817,CCA1467,ZBTJ,ZPPP,58000,68900,58260,69360,B738,35.8,AirChina,16R,107,B5621,,
20170817,CCA1468,ZPPP,ZBTJ,65100,76800,75120,86040,B738,35.8,AirChina,16R,,B5621,,
20170817,CCD8923,ZYTL,ZBTJ,24600,28200,24600,27420,B738,35.8,XIANGJIAN,16R,112,B5639,,
20170817,CCD8923,ZBTJ,ZLIC,31800,39900,31800,38100,B738,35.8,XIANGJIAN,16R,112,B5639,,
20170816,CXA8380,ZGSZ,ZBTJ,-13500,-2400,-3300,6480,B738,35.8,XiamenAirlines,16R,226,B5656,,
20170817,CXA8681,ZBTJ,ZSAM,36300,46800,39780,48720,B738,35.8,XiamenAirlines,16R,230,B5656,,
20170817,CCA1656,ZSPD,ZBTJ,33600,41700,53040,59280,B738,35.8,AirChina,16R,203,B5680,,
20170817,CCA1669,ZBTJ,ZGHA,61500,70200,64740,71280,B738,35.8,AirChina,16R,118,B5680,,
20170817,CCA1670,ZGHA,ZBTJ,73800,82500,74820,81660,B738,35.8,AirChina,16R,109,B5680,,
20170817,CCA951,ZBTJ,ZYTL,23100,30000,25620,28200,B738,35.8,AirChina,16R,109,B5681,,
20170817,CCA952,ZYTL,ZBTJ,61500,65400,62520,65220,B738,35.8,AirChina,16L,201,B5681,,
20170817,CCA1655,ZBTJ,ZSPD,72900,80100,76260,82080,B738,35.8,AirChina,16R,109,B5681,,
20170817,CSH926V,ZSSS,ZBTJ,28800,36000,31980,38280,B738,35.8,ShanghaiAirlines,16R,219,B5692,,
20170817,CSH9148,ZBTJ,ZSSS,41100,48900,43680,49980,B738,35.8,ShanghaiAirlines,16R,414R,B5692,,
20170816,CCA1402,ZPPP,ZBTJ,-13200,-1500,-10560,240,B738,35.8,AirChina,16R,109,B5696,,
20170817,CCA1417,ZBTJ,ZUGY,34200,44700,42600,52320,B738,35.8,AirChina,16R,202,B5696,,
20170817,CCA1418,ZUGY,ZBTJ,47700,57900,56520,65940,B738,35.8,AirChina,16L,203,B5696,,
20170817,CCA8289,ZBTJ,ZBHH,75900,81300,77160,81000,B738,35.8,AirChina,16R,107,B5696,,
20170817,CCA4547,ZGGG,ZBTJ,26400,37800,27360,36900,B737,35.8,AirChina,16R,107,B5803,,
20170817,CCA4547,ZBTJ,ZYTN,43500,47700,42120,47220,B737,35.8,AirChina,16R,107,B5803,,
20170817,CCA4548,ZYTN,ZBTJ,50400,56700,50580,55260,B737,35.8,AirChina,16R,117,B5803,,
20170817,CCA4548,ZBTJ,ZGGG,60300,71400,67920,77280,B737,35.8,AirChina,16R,117,B5803,,
20170817,RLH6515,ZHXF,ZBTJ,59700,66600,61740,67440,B737,35.8,SENDI,16L,111,B5812,,
20170817,RLH6516,ZBTJ,ZHXF,72300,78600,72780,78660,B737,35.8,SENDI,16R,110,B5812,,
20170817,OKA2868,VTSP,ZBTJ,9600,33000,33240,52080,B738,35.8,OkayAirways,16L,223,B5841,,
20170817,OKA2847,ZBTJ,ZUCK,59200,67100,61500,69960,B738,35.8,OkayAirways,16R,223,B5841,,
20170817,OKA2848,ZUCK,ZBTJ,66300,75300,73980,82680,B738,35.8,OkayAirways,16R,222,B5841,,
20170817,OKA2851,ZBTJ,ZUUU,42300,53100,44220,53100,B739,34.3,OkayAirways,16R,224,B5842,,
20170817,OKA2852,ZUUU,ZBTJ,57300,66300,58260,66120,B739,34.3,OkayAirways,16L,222,B5842,,
20170817,OKA3039,ZBTJ,VVDN,75600,1800,76860,91440,B738,35.8,OkayAirways,16R,414L,B5842,,
20170817,OKA2883,ZLXY,ZBTJ,22800,30300,25560,30840,B738,35.8,OkayAirways,16L,222,B5843,,
20170817,OKA2897,ZBTJ,ZPPP,35100,48000,35700,46800,B738,35.8,OkayAirways,16R,225,B5843,,
20170817,OKA2898,ZPPP,ZBTJ,66000,77400,66720,78120,B738,35.8,OkayAirways,16R,224,B5843,,
20170817,OKA2884,ZBTJ,ZLXY,81000,2400,81900,88140,B738,35.8,OkayAirways,16R,224,B5843,,
20170817,CXA8293,ZBTJ,ZLLL,33000,42600,33480,40860,B738,35.8,XiamenAirlines,16R,225,B5845,,
20170817,CXA8294,ZLLL,ZBTJ,46500,55500,46260,53160,B738,35.8,XiamenAirlines,16L,226,B5845,,
20170817,CXA8239,ZBTJ,ZLXY,63900,70800,70200,76200,B738,35.8,XiamenAirlines,16R,226,B5845,,
20170817,CXA8240,ZLXY,ZBTJ,75900,82800,81120,86340,B738,35.8,XiamenAirlines,16R,,B5845,,
20170817,CCA171,ZBTJ,RKSI,31800,38700,32940,0,B738,35.8,AirChina,16R,109,B5849,,
20170817,CCA172,RKSI,ZBTJ,42300,48600,45360,50220,B738,35.8,AirChina,16R,201,B5849,,
20170817,CCA1319,ZBTJ,ZGSZ,54300,64200,60420,71580,B738,35.8,AirChina,16R,117,B5849,,
20170817,CCA1320,ZGSZ,ZBTJ,69000,80100,76080,86220,B738,35.8,AirChina,16R,,B5849,,
20170816,OKA2728,ZLXN,ZBTJ,-8100,-85800,7860,15000,B738,35.8,OkayAirways,16R,222,B6026,,
20170817,OKA2861,ZBTJ,ZGHA,30600,39900,31080,38100,B738,35.8,OkayAirways,16R,224,B6026,,
20170817,CCA1771,ZSHC,ZBTJ,54900,63000,57120,63540,A319,34.09,AirChina,16R,107,B6048,,
20170817,CCA1772,ZBTJ,ZSHC,66600,73800,69300,76260,A319,34.09,AirChina,16R,109,B6048,,
20170816,CSN8557,ZGGG,ZBTJ,-10500,-85800,-7620,2220,B737,35.8,ChinaSouthernAirlines,16R,217,B6067,,
20170816,CES9737,ZPPP,ZBTJ,-10200,-84900,-4200,7320,B738,35.8,ChinaEasternAirlines,16R,215,B6149,,
20170817,CES9738,ZBTJ,ZPPP,34500,47400,35340,45660,B738,35.8,ChinaEasternAirlines,16R,216,B6149,,
20170817,CGH1029,ZSNJ,ZBTJ,61200,67800,66300,71580,A319,34.09,GuizhouAirlines,16L,112,B6192,,
20170817,CGH1030,ZBTJ,ZSTX,73500,78080,75120,80880,A319,34.09,GuizhouAirlines,16R,111,B6192,,
20170817,CBJ5729,ZPLJ,ZBTJ,64800,75600,67140,78600,A319,34.09,BeijingCapitalAirlines,16R,214,B6210,,
20170817,CBJ5730,ZBTJ,ZPLJ,81250,5100,83940,93960,A319,34.09,BeijingCapitalAirlines,16R,209,B6210,,
20170817,CSN312T,ZYHB,ZBTJ,34200,40500,34680,41400,A320,34.1,ChinaSouthernAirlines,16L,217,B6287,,
20170817,CSN312T,ZBTJ,ZGHA,45600,49800,47760,55080,A320,34.1,ChinaSouthernAirlines,16R,217,B6287,,
20170817,CSN3135,ZGGG,ZBTJ,56700,68100,57060,66480,A320,34.1,ChinaSouthernAirlines,16L,221,B6289,,
20170817,CSN3136,ZBTJ,ZGGG,71400,83400,72300,81300,A320,34.1,ChinaSouthernAirlines,16R,220,B6289,,
20170817,CSN3301,ZGGG,ZBTJ,38700,50100,40140,49680,A320,34.1,ChinaSouthernAirlines,16R,220,B6291,,
20170817,CSN3302,ZBTJ,ZGGG,53700,65100,64020,73200,A320,34.1,ChinaSouthernAirlines,16R,220,B6291,,
20170817,CSN6522,ZBTJ,ZYTL,50700,55920,53340,55860,A321,34.1,ChinaSouthernAirlines,16R,217,B6306,,
20170817,CSC8358,ZJHK,ZBTJ,42000,54300,44220,56400,A320,34.1,SichuanAirlines,16R,112,B6348,,
20170817,CSC8355,ZBTJ,ZGOW,59700,70800,65220,73560,A320,34.1,SichuanAirlines,16R,112,B6348,,
20170817,CCA4187,ZUUU,ZBTJ,26700,35700,27840,35820,A321,34.1,AirChina,16L,109,B6365,,
20170817,CCA4188,ZBTJ,ZUUU,39300,50700,40860,49680,A321,34.1,AirChina,16R,414R,B6365,,
20170817,TBA9907,ZUCK,ZBTJ,49800,59400,52380,60480,A319,34.09,TIBET,16R,113,B6440,,
20170817,TBA9908,ZBTJ,ZUCK,66000,76500,71280,79560,A319,34.09,TIBET,16R,110,B6440,,
20170817,CSC8217,ZLXY,ZBTJ,63600,71100,65340,70560,A319,34.09,SichuanAirlines,16L,112,B6445,,
20170817,CSC8218,ZBTJ,ZLXY,76800,82800,76440,82320,A319,34.09,SichuanAirlines,16R,110,B6445,,
20170817,CXA8366,ZGSZ,ZBTJ,42000,53100,43020,53400,B738,35.8,XiamenAirlines,16L,225,B6485,,
20170817,CXA8379,ZBTJ,ZGSZ,63900,75900,66600,76560,B738,35.8,XiamenAirlines,16R,225,B6485,,
20170817,CXA8139,ZBTJ,ZSAM,27300,36900,30300,39180,B738,35.8,XiamenAirlines,16R,225,B6486,,
20170817,CXA8140,ZSAM,ZBTJ,60300,70800,71280,79860,B738,35.8,XiamenAirlines,16R,227,B6486,,
20170817,CXA8125,ZSAM,ZBTJ,31800,42000,32280,41100,B738,35.8,XiamenAirlines,16L,226,B6487,,
20170817,CXA867,ZBTJ,ZSAM,50700,60600,58680,67920,B738,35.8,XiamenAirlines,16R,225,B6487,,
20170816,CXA8322,ZSHC,ZBTJ,-9300,-1200,8040,13860,B738,35.8,XiamenAirlines,16R,225,B6488,,
20170817,CXA8459,ZBTJ,ZLXY,28500,35400,28680,34800,B738,35.8,XiamenAirlines,16R,225,B6488,,
20170817,CXA8460,ZLXY,ZBTJ,58500,65400,61860,67020,B738,35.8,XiamenAirlines,16L,225,B6488,,
20170817,CXA8469,ZBTJ,ZUCK,69300,78300,72120,80100,B738,35.8,XiamenAirlines,16R,229,B6488,,
20170817,CCA811,ZBTJ,VTBS,73800,6300,74700,0,B738,35.8,AirChina,16R,109,B6499,,
20170817,CCA812,VTBS,ZBTJ,11100,27900,12240,35040,B738,35.8,AirChina,16L,117,B6499,,
20170817,CCA151,ZBTJ,ZYTL,32700,36600,42520,45220,B738,35.8,AirChina,16R,118,B6499,,
20170817,CCA152,ZYTL,ZBTJ,66000,69600,66000,68820,B738,35.8,AirChina,16L,109,B6499,,
20170817,CSZ9798,ZBTJ,ZSQZ,38100,47700,41880,50940,A320,34.1,ShenzhenAirlines,16R,108,B6550,,
20170817,CSZ9797,ZSQZ,ZBTJ,25200,34500,26640,34800,A320,34.1,ShenzhenAirlines,16L,201,B6589,,
20170817,CSC8568,ZLLL,ZBTJ,50100,58800,51360,57720,A321,34.1,SichuanAirlines,16R,111,B6590,,
20170817,CSC8568,ZBTJ,ZYHB,62400,70200,63780,69720,A321,34.1,SichuanAirlines,16R,111,B6590,,
20170817,CSC8567,ZYHB,ZBTJ,27000,34800,27840,34260,A321,34.1,SichuanAirlines,16L,110,B6598,,
20170817,CSC8567,ZBTJ,ZLLL,38700,47400,40140,47460,A321,34.1,SichuanAirlines,16R,110,B6598,,
20170817,CES5189,ZSSS,ZBTJ,46200,54900,50100,56100,A321,34.1,ChinaEasternAirlines,16R,219,B6643,,
20170817,CES5190,ZBTJ,ZSSS,58500,65700,68880,74400,A321,34.1,ChinaEasternAirlines,16R,217,B6643,,
20170817,CSC8861,ZUUU,ZBTJ,64800,73800,65520,73560,A320,34.1,SichuanAirlines,16R,112,B6697,,
20170817,CSC8862,ZBTJ,ZUUU,79200,3300,81480,89760,A320,34.1,SichuanAirlines,16R,111,B6697,,
20170816,CSC8356,ZGOW,ZBTJ,-10800,-86100,6360,15180,A320,34.1,SichuanAirlines,16R,110,B6700,,
20170817,CSC8353,ZBTJ,ZSCN,32100,37800,33060,39420,A320,34.1,SichuanAirlines,16R,113,B6700,,
20170817,CSC8354,ZSCN,ZBTJ,61200,69300,70080,76800,A320,34.1,SichuanAirlines,16R,112,B6700,,
20170817,CSC8815,ZSHC,ZBTJ,25200,32700,26400,32160,A320,34.1,SichuanAirlines,16L,114,B6771,,
20170817,CSC8815,ZBTJ,ZYCC,36900,42900,37080,43080,A320,34.1,SichuanAirlines,16R,114,B6771,,
20170817,CSC8816,ZYCC,ZBTJ,45900,52200,48120,53520,A320,34.1,SichuanAirlines,16L,110,B6771,,
20170817,CSC8816,ZBTJ,ZSHC,56100,63600,64980,70620,A320,34.1,SichuanAirlines,16R,110,B6771,,
20170817,CCA1921,ZSWZ,ZBTJ,30600,39900,31020,38700,A320,34.1,AirChina,16R,118,B6773,,
20170817,CCA1922,ZBTJ,ZSWZ,43500,52200,44700,52620,A320,34.1,AirChina,16R,107,B6773,,
20170817,GCR7855,ZBTJ,ZPPP,30300,43500,30420,40620,A332,60.3,TianjinAirlines,16R,414,B6789,,
20170817,GCR7856,ZPPP,ZBTJ,48300,60000,48900,59460,A332,60.3,TianjinAirlines,16R,212,B6789,,
20170817,GCR7895,ZBTJ,ZUCK,64800,74700,66840,74700,A320,34.1,TianjinAirlines,16R,208,B6789,,
20170816,CES2084,ZBCF,ZBTJ,-26700,-21600,6780,9600,A320,34.1,ChinaEasternAirlines,16R,215,B6805,,
20170817,CES208V,ZBTJ,ZSPD,62100,67800,69180,74940,A320,34.1,ChinaEasternAirlines,16R,215,B6805,,
20170817,CSN3125,ZGHA,ZBTJ,48000,56700,48000,54840,A320,34.1,ChinaSouthernAirlines,16R,217,B6816,,
20170817,CSN3125,ZBTJ,ZYHB,60600,68400,60960,67140,A320,34.1,ChinaSouthernAirlines,16R,217,B6816,,
20170817,CSN3126,ZYHB,ZBTJ,70800,78300,71160,77940,A320,34.1,ChinaSouthernAirlines,16R,218,B6816,,
20170817,CSN3126,ZBTJ,ZGHA,82500,4800,82320,88680,A320,34.1,ChinaSouthernAirlines,16R,218,B6816,,
20170817,CXA8655,ZBTJ,ZSFZ,42300,51600,44040,52500,B738,35.8,XiamenAirlines,16R,225,B6819,,
20170817,CXA8656,ZSFZ,ZBTJ,71700,81300,76980,85140,B738,35.8,XiamenAirlines,16R,225,B6819,,
20170817,GCR7993,ZBTJ,RKSI,29100,34200,29520,0,A320,34.1,TianjinAirlines,16R,208,B6837,,
20170817,GCR6509,ZBTJ,ZHHH,47400,54600,54900,0,A320,34.1,TianjinAirlines,16R,209,B6837,,
20170817,GCR7994,RKSI,ZBTJ,38700,44700,40020,45000,A320,34.1,TianjinAirlines,16R,211,B6837,,
20170817,GCR7839,ZBTJ,ZWWW,28500,43800,34800,47940,A320,34.1,TianjinAirlines,16R,205,B6865,,
20170817,GCR7840,ZWWW,ZBTJ,68400,81900,71580,84240,A320,34.1,TianjinAirlines,16R,213,B6865,,
20170817,CSN6570,ZLXY,ZBTJ,49800,57000,50880,55980,A320,34.1,ChinaSouthernAirlines,16R,220,B6897,,
20170817,CSN6570,ZBTJ,ZYCC,62400,67500,61980,67020,A320,34.1,ChinaSouthernAirlines,16R,220,B6897,,
20170817,CQH8813,ZSPD,ZBTJ,25500,34200,30300,36840,A320,34.1,ShanghaiSpringAirlines,16R,112,B6902,,
20170817,CSC8863,ZUCK,ZBTJ,49800,58800,50880,58980,A321,34.1,SichuanAirlines,16R,110,B6953,,
20170817,CSC8863,ZBTJ,ZYCC,62400,68400,62760,67920,A321,34.1,SichuanAirlines,16R,110,B6953,,
20170817,CSC8864,ZYCC,ZBTJ,71400,77700,71460,77160,A321,34.1,SichuanAirlines,16R,110,B6953,,
20170817,CSC8864,ZBTJ,ZUCK,81600,4800,81720,90240,A321,34.1,SichuanAirlines,16R,110,B6953,,
20170817,CSC8357,ZBTJ,ZJHK,24900,39000,28440,39900,A320,34.1,SichuanAirlines,16R,110,B6955,,
20170817,CSC835V,ZSCN,ZBTJ,55800,61200,58020,65400,A320,34.1,SichuanAirlines,16L,112,B6955,,
20170817,CSN6569,ZYCC,ZBTJ,29100,35100,29700,35400,A320,34.1,ChinaSouthernAirlines,16L,220,B6975,,
20170817,CSN6569,ZBTJ,ZLXY,38700,45900,40320,46380,A320,34.1,ChinaSouthernAirlines,16R,220,B6975,,
20170817,OKA2849,ZGHA,ZBTJ,26100,34500,26160,33480,B738,35.8,OkayAirways,16L,222,B6997,,
20170817,OKA2849,ZBTJ,ZYHB,38400,46200,38760,44940,B738,35.8,OkayAirways,16R,222,B6997,,
20170817,OKA2850,ZYHB,ZBTJ,49800,57900,50400,56760,B738,35.8,OkayAirways,16R,223,B6997,,
20170817,OKA2850,ZBTJ,ZGHA,61800,70800,69480,76500,B738,35.8,OkayAirways,16R,223,B6997,,
20170817,RLH5315,ZBCZ,ZBTJ,37800,42300,38820,42420,B737,35.8,SENDI,16L,112,B7088,,
20170817,RLH5316,ZBTJ,ZBCZ,46200,49800,48180,52020,B737,35.8,SENDI,16R,110,B7088,,
20170817,FZA6645,ZYHB,ZBTJ,23400,31500,35760,42480,B738,35.8,STRAITAIR,16L,209,B7105,,
20170817,FZA6645,ZBTJ,ZLLL,45600,54900,49740,57300,B738,35.8,STRAITAIR,16R,209,B7105,,
20170817,FZA6646,ZLLL,ZBTJ,57600,66300,61500,68160,B738,35.8,STRAITAIR,16L,206,B7105,,
20170817,FZA6646,ZBTJ,ZYHB,69900,77400,71640,78240,B738,35.8,STRAITAIR,16R,206,B7105,,
20170817,CXA8272,ZBLA,ZBTJ,71700,81300,76680,84720,B738,35.8,XiamenAirlines,16R,227,B7179,,
20170817,CXA8229,ZSHC,ZBTJ,27300,34800,27900,34080,B738,35.8,XiamenAirlines,16L,227,B7196,,
20170817,CXA8229,ZBTJ,ZWWW,38400,53700,38400,52080,B738,35.8,XiamenAirlines,16R,227,B7196,,
20170817,CXA8230,ZWWW,ZBTJ,57900,71100,61560,75060,B738,35.8,XiamenAirlines,16R,226,B7559,,
20170817,CXA8231,ZBTJ,ZSHC,78200,83400,79140,84720,B738,35.8,XiamenAirlines,16R,226,B7559,,
20170817,CES5747,ZPPP,ZBTJ,35100,46500,35580,47340,B738,35.8,ChinaEasternAirlines,16R,216,B7589,,
20170817,CES5748,ZBTJ,ZPPP,50700,64200,56760,67080,B738,35.8,ChinaEasternAirlines,16R,216,B7589,,
20170817,CXA8321,ZBTJ,ZSHC,37800,45000,38220,44280,B738,35.8,XiamenAirlines,16R,225,B7823,,
20170816,CXA8332,ZSFZ,ZBTJ,-10200,-900,-840,7380,B738,35.8,XiamenAirlines,16R,225,B7825,,
20170817,CXA8271,ZBTJ,ZBLA,26700,34800,26340,33840,B738,35.8,XiamenAirlines,16R,225,B7825,,
20170817,CXA8470,ZUCK,ZBTJ,29700,38400,30060,37920,B738,35.8,XiamenAirlines,16R,225,B7825,,
20170817,CSH9131,ZSPD,ZBTJ,32700,41100,33780,40500,B738,35.8,ShanghaiAirlines,16L,219,B7861,,
20170817,CSH9132,ZBTJ,ZSPD,45000,52200,45480,51300,B738,35.8,ShanghaiAirlines,16R,218,B7861,,
20170816,CCA1674,ZSHC,ZBTJ,-17400,-9900,5820,11460,B738,35.8,AirChina,16R,109,B7890,,
20170817,CCA1633,ZBTJ,ZHSY,33600,39600,32640,38820,B738,35.8,AirChina,16R,201,B7890,,
20170817,CCA1634,ZHSY,ZBTJ,42600,49500,42840,49020,B738,35.8,AirChina,16R,117,B7890,,
20170817,CCA1389,ZBTJ,ZJSY,55500,68700,62640,76020,B738,35.8,AirChina,16R,107,B7890,,
20170816,CCA1670,ZGHA,ZBTJ,-12600,-3900,-4140,3420,B738,35.8,AirChina,16R,109,B7893,,
20170817,CCA1679,ZBTJ,ZUCK,28500,38400,32100,41100,B738,35.8,AirChina,16R,108,B7893,,
20170817,CCA1680,ZUCK,ZBTJ,42000,51600,45000,52860,B738,35.8,AirChina,16L,201,B7893,,
20170817,CCA1673,ZBTJ,ZSHC,57600,64500,66000,71580,B738,35.8,AirChina,16R,117,B7893,,
20170817,CDG4825,ZSQD,ZBTJ,28200,33300,35140,38620,B738,35.8,shandongAirlines,16R,108,B7975,,
20170817,CDG4825,ZBTJ,ZBHH,37200,42600,44580,48660,B738,35.8,shandongAirlines,16R,108,B7975,,
20170817,LKE9727,ZUMY,ZBTJ,69000,77100,76200,84060,B738,35.8,LUCKYAIR,16R,211,B7990,,
20170817,GCR7577,ZWWW,ZBTJ,33600,46800,34440,46560,A320,34.1,TianjinAirlines,16R,208,B8062,,
20170817,GCR7577,ZBTJ,ZYCC,51000,57300,52620,57660,A320,34.1,TianjinAirlines,16R,208,B8062,,
20170817,GCR7809,ZBTJ,ZSCN,52500,58200,60900,67680,A320,34.1,TianjinAirlines,16R,205,B8062,,
20170817,CBJ5740,ZBTJ,ZPLJ,42900,55200,46620,57660,A320,34.1,BeijingCapitalAirlines,16R,207,B8072,,
20170817,GCR7825,ZBTJ,ZYTL,24600,28800,25320,27840,A320,34.1,TianjinAirlines,16R,209,B8075,,
20170817,GCR7826,ZYTL,ZBTJ,68100,72000,68400,71160,A320,34.1,TianjinAirlines,16L,213,B8075,,
20170817,GCR7865,ZBTJ,ZJHK,77700,4800,79260,90180,A320,34.1,TianjinAirlines,16R,210,B8075,,
20170816,CES5189,ZSSS,ZBTJ,-40200,-31500,-2640,3360,A321,34.1,ChinaEasternAirlines,16R,215,B8163,,
20170817,JBE101,ZBTJ,ZBAA,66600,68400,67140,68760,GLF4,23.7,DeerJet,16R,876,B8166,,
20170817,CBJ5739,ZPLJ,ZBTJ,28200,39000,30420,42300,A320,34.1,BeijingCapitalAirlines,16L,211,B8169,,
20170817,DKH1136,ZYBS,ZBTJ,44100,51300,54060,61020,A321,34.1,ShanghaiJuneyaoAirlines,16R,113,B8317,,
20170817,DKH1136,ZBTJ,ZSPD,55200,62400,65340,71640,A321,34.1,ShanghaiJuneyaoAirlines,16R,113,B8317,,
20170817,CQH8799,ZBTJ,RJBB,79500,83700,79320,0,A320,34.1,ShanghaiSpringAirlines,16R,110,B8327,,
20170817,CQH8800,RJBB,ZBTJ,58500,76200,62700,71880,A320,34.1,ShanghaiSpringAirlines,16L,110,B8327,,
20170817,CBG882Z,ZBTJ,ZHYC,48600,55800,51480,57720,A320,34.1,SPRAY,16R,111,B8388,,
20170817,GCR8389,UACC,ZBTJ,10800,27000,13200,30600,A321,34.1,TianjinAirlines,16L,214,B8389,,
20170817,TBA9877,ZUUU,ZBTJ,22800,31500,23280,31500,A320,34.1,TIBET,16L,110,B8419,,
20170817,TBA9877,ZBTJ,ZYCC,35100,41400,36000,41640,A320,34.1,TIBET,16R,110,B8419,,
20170817,CBJ519T,ZBTJ,ZJSY,36000,49200,36720,49200,A321,34.1,BeijingCapitalAirlines,16R,211,B8553,,
20170817,CBJ5195,ZJSY,ZBTJ,55800,70200,56520,69720,A321,34.1,BeijingCapitalAirlines,16L,213,B8553,,
20170817,CBJ5196,ZBTJ,ZJSY,74700,2700,75780,88500,A321,34.1,BeijingCapitalAirlines,16R,209,B8553,,
20170816,CES5144,ZYHB,ZBTJ,-21000,-13800,1620,7980,A320,34.1,ChinaEasternAirlines,16R,216,B8556,,
20170817,CES514V,ZBTJ,ZSSS,60660,65700,64320,71280,A321,34.1,ChinaEasternAirlines,16R,216,B8556,,
20170816,CSC8864,ZYCC,ZBTJ,-15000,-8700,7200,11760,A321,34.1,SichuanAirlines,16R,110,B8605,,
20170817,UEA2773,ZUUU,ZBTJ,27300,36000,28200,36420,A320,34.1,ChengduAirlines,16R,112,B8610,,
20170817,UEA2773,ZBTJ,ZBMZ,39600,50400,41040,48840,A320,34.1,ChengduAirlines,16R,112,B8610,,
20170817,UEA2774,ZBMZ,ZBTJ,53400,63600,53460,61980,A320,34.1,ChengduAirlines,16R,111,B8610,,
20170817,UEA2774,ZBTJ,ZUUU,67260,78300,69060,78120,A320,34.1,ChengduAirlines,16R,111,B8610,,
20170817,LKE9647,ZSSH,ZBTJ,38700,43800,42000,46920,A320,34.1,LUCKYAIR,16R,214,B8732,,
20170817,LKE9648,ZBTJ,ZSSH,49520,54800,54480,58800,A320,34.1,LUCKYAIR,16R,208,B8732,,
20170816,GCR7956,UUEE,ZBTJ,-8100,-67200,-7320,17820,A332,60.3,TianjinAirlines,16R,212,B8776,,
20170817,GCR7955,ZBTJ,UUEE,30300,61200,31200,59580,A332,60.3,TianjinAirlines,16R,212,B8776,,
20170817,CQH8814,ZBTJ,ZSPD,38100,45300,40500,47400,A320,34.1,ShanghaiSpringAirlines,16R,115,B8872,,
20170817,GCR7966,ZUCK,ZBTJ,71400,80400,72000,79680,A332,60.3,TianjinAirlines,16R,212,B8959,,
20170817,CSN090,ZBTJ,ZYHB,40500,46200,43440,49140,A320,34.1,ChinaSouthernAirlines,16R,218,B8990,,
20170817,CES5643,ZSSS,ZBTJ,41100,49200,43380,49920,A320,34.1,ChinaEasternAirlines,16R,218,B9900,,
20170817,CES5643,ZBTJ,ZBUL,54300,61800,54720,60780,A320,34.1,ChinaEasternAirlines,16R,218,B9900,,
20170817,CES5644,ZBUL,ZBTJ,65100,72000,66000,72000,A320,34.1,ChinaEasternAirlines,16L,215,B9900,,
20170817,CSN6580,ZUCK,ZBTJ,47700,56400,56700,65100,A320,34.1,ChinaSouthernAirlines,16L,218,B9911,,
20170817,CSN6580,ZBTJ,ZYTL,60300,64200,69000,71580,A320,34.1,ChinaSouthernAirlines,16R,218,B9911,,
20170817,CHB6237,ZUCK,ZBTJ,59400,68400,65340,73920,A320,34.1,Westair,16R,213,B9949,,
20170817,CHB6238,ZBTJ,ZUCK,72300,81900,77280,86220,A320,34.1,Westair,16R,213,B9949,,
20170817,GCR7977,ZBTJ,RJBB,30900,39900,38040,0,A320,34.1,TianjinAirlines,16R,205,B9983,,
20170817,GCR7978,RJBB,ZBTJ,44400,55200,52500,61620,A320,34.1,TianjinAirlines,16R,214,B9983,,
20170817,GCR7877,ZBTJ,ZLXN,60600,69900,68100,75780,A320,34.1,TianjinAirlines,16R,210,B9983,,
20170817,GCR7878,ZLXN,ZBTJ,72600,81300,78480,85320,A320,34.1,TianjinAirlines,16R,217,B9983,,
20170817,GCR7981,ZBTJ,RJCH,31200,42600,31620,0,A320,34.1,TianjinAirlines,16R,211,B9987,,
20170817,GCR7989,ZBTJ,RJTT,72600,83100,72960,0,A320,34.1,TianjinAirlines,16R,208,B9987,,
20170817,GCR7982,RJCH,ZBTJ,46500,60000,47340,59640,A320,34.1,TianjinAirlines,16R,211,B9987,,
20170817,CRK363,ZBTJ,VHHH,26700,37800,27540,0,A333,60.3,HongKongAirlines,16R,101,BLNK,,
20170816,CRK362,VHHH,ZBTJ,-11100,-600,-5280,4740,A332,60.3,HongKongAirlines,16R,105,BLNL,,
20170817,CRK9366,ZBTJ,VHHH,52800,65700,57300,0,A332,60.3,HongKongAirlines,16R,101,BLNX,,
20170817,CRK9366,ZHCC,ZBTJ,41100,47700,41700,46440,A332,60.3,HongKongAirlines,16R,101,BLNX,,
20170817,CRK3579,ZBTJ,VHHH,54600,65700,59100,0,A320,34.1,HongKongAirlines,16R,101,BLPL,,
20170817,CRK3578,VHHH,ZBTJ,40200,50700,41100,50640,A320,34.1,HongKongAirlines,16L,103,BLPL,,
20170817,AMU237,ZBTJ,VMMC,44100,55200,49140,0,A319,34.09,AirMacau,16R,103,BMAK,,
20170817,AMU238,VMMC,ZBTJ,29400,40500,30360,39960,A320,34.1,AirMacau,16L,103,BMAK,,
20170817,AAR997,RKSI,ZBTJ,34200,41400,38700,43980,B763,47.57,AsianaAirways,16R,104,HL7507,,
20170817,AAR998,ZBTJ,RKSI,55800,63000,57120,61740,B763,47.57,AsianaAirways,16R,102,HL7507,,
20170817,KAL806,ZBTJ,RKSI,40800,47400,44820,0,B772,60.9,KoreanAirLines,16R,101,HL7526,,
20170817,KAL805,RKSI,ZBTJ,29700,36600,31920,38100,B772,60.9,KoreanAirLines,16R,105,HL7575,,
20170817,AAR328,ZBTJ,RKSI,36900,43200,37500,41880,A321,34.1,AsianaAirways,16R,101,HL8004,,
20170817,AAR327,RKSI,ZBTJ,26700,33000,27300,32280,A321,34.1,AsianaAirways,16L,103,HL8074,,
20170817,KAL864,ZBTJ,RKSI,52800,59400,55860,0,B739,34.3,KoreanAirLines,16R,102,HL8241,,
20170817,KAL863,RKSI,ZBTJ,41700,48300,44340,49500,B739,34.3,KoreanAirLines,16R,103,HL8241,,
20170817,KAL318,ZBTJ,RKSI,57600,63600,57960,0,B77L,64.8,KoreanAirLines,16R,101,HL8251,,
20170817,KAL317,RKSI,ZBTJ,37800,44400,42120,47160,B77L,64.8,KoreanAirLines,16R,105,HL8251,,
20170817,VGO865,VTSG,ZBTJ,23700,46500,40680,59880,B738,35.8,NewEraofThaiAirways,16R,104,HSNGE,,
20170817,VGO866,ZBTJ,VTSG,50100,68700,65880,84480,B738,35.8,NewEraofThaiAirways,16R,104,HSNGE,,
20170817,NCT879,ZBTJ,VTBD,65700,82800,70740,0,B772,60.9,NokScoot,16R,101,HSXBC,,
20170817,NCT880,VTBD,ZBTJ,44400,61200,45660,60240,B772,60.9,NokScoot,16R,105,HSXBC,,
20170817,JAL840,ZBTJ,RJGG,50400,62400,50940,0,B738,35.8,JapanAirlines,16R,101,JA310J,,
20170817,JAL841,RJGG,ZBTJ,35100,46200,36660,45900,B738,35.8,JapanAirlines,16R,103,JA310J,,
20170817,ANA8494,ZBTJ,RJBB,52500,62100,53760,0,B763,47.57,AllNipponAirways,16R,105,JA603A,,
20170817,ANA8503,RJAA,ZBTJ,33600,47100,37740,48480,B763,47.57,AllNipponAirways,16R,106,JA603A,,
20170817,MLLIN,ZBTJ,ZSFZ,68400,76500,69720,76920,GLEX,28.5,MLLIN,16R,876,MLLIN,,
20170817,HVN501,ZBTJ,VVCR,76800,8400,78660,6600,A321,34.1,VientnamAirlines,16R,101,VNA353,,
20170817,HVN500,VVCR,ZBTJ,55200,72600,57000,72660,A321,34.1,VientnamAirlines,16R,103,VNA353,,
20170817,VJC5320,VVCR,ZBTJ,44700,60900,44820,60240,A321,34.1,VietJet,16R,103,VNA687,,
20170817,VJC5321,ZBTJ,VVCR,65100,81600,69900,85020,A321,34.1,VietJet,16R,102,VNA687,,
