airlines,874,875,876,877,878,879,884,885,886,887,888,889,890,891,892,893,894,895,896,897,898,899,901,902,903,904,905,906,907,908,909,910,911,912,913,914,915,916,921,922,923,924,925,886L,886R,887L,887R,898L,898R,899L,899R,910R,911R,912R
AirAsiaX,101,102,103,104,105,106,,,,,,,,,,,,,,,,,,,,,,,,,,,,,,,,,,,,,,,,,,,,,,,,
AirBridgeCargoAirlines,874,875,876,877,878,879,884,885,886,887,888,889,890,891,892,893,894,895,896,897,898,899,901,902,903,904,905,906,907,908,909,910,911,912,913,914,915,916,921,922,923,924,925,886L,886R,887L,887R,898L,898R,899L,899R,910R,911R,912R
AirChina,107,108,109,117,118,201,202,203,,,,,,,,,,,,,,,,,,,,,,,,,,,,,,,,,,,,,,,,,,,,,,
AirChinaInternationalCorporation,101,102,103,104,105,106,,,,,,,,,,,,,,,,,,,,,,,,,,,,,,,,,,,,,,,,,,,,,,,,
AIRCRANE,110,111,112,113,114,115,116,,,,,,,,,,,,,,,,,,,,,,,,,,,,,,,,,,,,,,,,,,,,,,,
AirMacau,101,102,103,104,105,106,,,,,,,,,,,,,,,,,,,,,,,,,,,,,,,,,,,,,,,,,,,,,,,,
Aisa Medical,874,875,876,877,878,879,884,885,886,887,888,889,890,891,892,893,894,895,896,897,898,899,901,902,903,904,905,906,907,908,909,910,911,912,913,914,915,916,921,922,923,924,925,886L,886R,887L,887R,898L,898R,899L,899R,910R,911R,912R
AllNipponAirways,101,102,103,104,105,106,,,,,,,,,,,,,,,,,,,,,,,,,,,,,,,,,,,,,,,,,,,,,,,,
AsianaAirways,101,102,103,104,105,106,,,,,,,,,,,,,,,,,,,,,,,,,,,,,,,,,,,,,,,,,,,,,,,,
AVIC,874,875,876,877,878,879,884,885,886,887,888,889,890,891,892,893,894,895,896,897,898,899,901,902,903,904,905,906,907,908,909,910,911,912,913,914,915,916,921,922,923,924,925,886L,886R,887L,887R,898L,898R,899L,899R,910R,911R,912R
BeijingCapitalAirlines,409,410,411,412,413,414,415,416,417,418,419,414L,414R,415L,415R,416L,416R,417L,417R,418L,418R,419L,419R,204,205,206,207,208,209,210,211,212,213,214,215,216,217,,,,,,,,,,,,,,,,,
ChengduAirlines,110,111,112,113,114,115,116,,,,,,,,,,,,,,,,,,,,,,,,,,,,,,,,,,,,,,,,,,,,,,,
ChinaCargoAirlines,874,875,876,877,878,879,884,885,886,887,888,889,890,891,892,893,894,895,896,897,898,899,901,902,903,904,905,906,907,908,909,910,911,912,913,914,915,916,921,922,923,924,925,886L,886R,887L,887R,898L,898R,899L,899R,910R,911R,912R
ChinaEasternAirlines,215,216,217,218,219,,,,,,,,,,,,,,,,,,,,,,,,,,,,,,,,,,,,,,,,,,,,,,,,,
Chinaexpressair,601,602,603,604,605,606,607,608,609,610,,,,,,,,,,,,,,,,,,,,,,,,,,,,,,,,,,,,,,,,,,,,
ChinaPost,874,875,876,877,878,879,884,885,886,887,888,889,890,891,892,893,894,895,896,897,898,899,901,902,903,904,905,906,907,908,909,910,911,912,913,914,915,916,921,922,923,924,925,886L,886R,887L,887R,898L,898R,899L,899R,910R,911R,912R
ChinaSouthernAirlines,217,218,220,221,222,,,,,,,,,,,,,,,,,,,,,,,,,,,,,,,,,,,,,,,,,,,,,,,,,
COLORFUL,110,111,112,113,114,115,116,,,,,,,,,,,,,,,,,,,,,,,,,,,,,,,,,,,,,,,,,,,,,,,
DeerJet,874,875,876,877,878,879,884,885,886,887,888,889,890,891,892,893,894,895,896,897,898,899,901,902,903,904,905,906,907,908,909,910,911,912,913,914,915,916,921,922,923,924,925,886L,886R,887L,887R,898L,898R,899L,899R,910R,911R,912R
DONGHAIAIR,409,410,411,412,413,414,415,416,417,418,419,414L,414R,415L,415R,416L,416R,417L,417R,418L,418R,419L,419R,204,205,206,207,208,209,210,211,212,213,214,215,216,217,,,,,,,,,,,,,,,,,
EmpireAviation,101,102,103,104,105,106,,,,,,,,,,,,,,,,,,,,,,,,,,,,,,,,,,,,,,,,,,,,,,,,
EVAAir,101,102,103,104,105,106,,,,,,,,,,,,,,,,,,,,,,,,,,,,,,,,,,,,,,,,,,,,,,,,
GOMEHoldings,874,875,876,877,878,879,884,885,886,887,888,889,890,891,892,893,894,895,896,897,898,899,901,902,903,904,905,906,907,908,909,910,911,912,913,914,915,916,921,922,923,924,925,886L,886R,887L,887R,898L,898R,899L,899R,910R,911R,912R
GuizhouAirlines,110,111,112,113,114,115,116,,,,,,,,,,,,,,,,,,,,,,,,,,,,,,,,,,,,,,,,,,,,,,,
HainanAirlines,409,410,411,412,413,414,415,416,417,418,419,414L,414R,415L,415R,416L,416R,417L,417R,418L,418R,419L,419R,204,205,206,207,208,209,210,211,212,213,214,215,216,217,,,,,,,,,,,,,,,,,
HEBEIAIRLINES,110,111,112,113,114,115,116,,,,,,,,,,,,,,,,,,,,,,,,,,,,,,,,,,,,,,,,,,,,,,,
HongKongAirlines,101,102,103,104,105,106,,,,,,,,,,,,,,,,,,,,,,,,,,,,,,,,,,,,,,,,,,,,,,,,
JapanAirlines,101,102,103,104,105,106,,,,,,,,,,,,,,,,,,,,,,,,,,,,,,,,,,,,,,,,,,,,,,,,
Joyair,501,502,503,504,,,,,,,,,,,,,,,,,,,,,,,,,,,,,,,,,,,,,,,,,,,,,,,,,,
KoreanAirLines,101,102,103,104,105,106,,,,,,,,,,,,,,,,,,,,,,,,,,,,,,,,,,,,,,,,,,,,,,,,
LIANHANG,110,111,112,113,114,115,116,,,,,,,,,,,,,,,,,,,,,,,,,,,,,,,,,,,,,,,,,,,,,,,
LonghaoAirlines,874,875,876,877,878,879,884,885,886,887,888,889,890,891,892,893,894,895,896,897,898,899,901,902,903,904,905,906,907,908,909,910,911,912,913,914,915,916,921,922,923,924,925,886L,886R,887L,887R,898L,898R,899L,899R,910R,911R,912R
LoongAir,110,111,112,113,114,115,116,,,,,,,,,,,,,,,,,,,,,,,,,,,,,,,,,,,,,,,,,,,,,,,
LUCKYAIR,409,410,411,412,413,414,415,416,417,418,419,414L,414R,415L,415R,416L,416R,417L,417R,418L,418R,419L,419R,204,205,206,207,208,209,210,211,212,213,214,215,216,217,,,,,,,,,,,,,,,,,
MalindoAir,101,102,103,104,105,106,,,,,,,,,,,,,,,,,,,,,,,,,,,,,,,,,,,,,,,,,,,,,,,,
MinshengFinancialLeasing,874,875,876,877,878,879,884,885,886,887,888,889,890,891,892,893,894,895,896,897,898,899,901,902,903,904,905,906,907,908,909,910,911,912,913,914,915,916,921,922,923,924,925,886L,886R,887L,887R,898L,898R,899L,899R,910R,911R,912R
MLLIN,874,875,876,877,878,879,884,885,886,887,888,889,890,891,892,893,894,895,896,897,898,899,901,902,903,904,905,906,907,908,909,910,911,912,913,914,915,916,921,922,923,924,925,886L,886R,887L,887R,898L,898R,899L,899R,910R,911R,912R
NewEraofThaiAirways,101,102,103,104,105,106,,,,,,,,,,,,,,,,,,,,,,,,,,,,,,,,,,,,,,,,,,,,,,,,
NokScoot,101,102,103,104,105,106,,,,,,,,,,,,,,,,,,,,,,,,,,,,,,,,,,,,,,,,,,,,,,,,
OkayAirways,222,223,224,225,226,,,,,,,,,,,,,,,,,,,,,,,,,,,,,,,,,,,,,,,,,,,,,,,,,
private,874,875,876,877,878,879,884,885,886,887,888,889,890,891,892,893,894,895,896,897,898,899,901,902,903,904,905,906,907,908,909,910,911,912,913,914,915,916,921,922,923,924,925,886L,886R,887L,887R,898L,898R,899L,899R,910R,911R,912R
PTLionMentariAirlines,101,102,103,104,105,106,,,,,,,,,,,,,,,,,,,,,,,,,,,,,,,,,,,,,,,,,,,,,,,,
SCOOTER,101,102,103,104,105,106,,,,,,,,,,,,,,,,,,,,,,,,,,,,,,,,,,,,,,,,,,,,,,,,
SENDI,110,111,112,113,114,115,116,,,,,,,,,,,,,,,,,,,,,,,,,,,,,,,,,,,,,,,,,,,,,,,
shandongAirlines,107,108,109,117,118,201,202,203,,,,,,,,,,,,,,,,,,,,,,,,,,,,,,,,,,,,,,,,,,,,,,
ShanghaiAirlines,218,219,609,610,,,,,,,,,,,,,,,,,,,,,,,,,,,,,,,,,,,,,,,,,,,,,,,,,,
ShanghaiJuneyaoAirlines,110,111,112,113,114,115,116,,,,,,,,,,,,,,,,,,,,,,,,,,,,,,,,,,,,,,,,,,,,,,,
ShanghaiSpringAirlines,110,111,112,113,114,115,116,,,,,,,,,,,,,,,,,,,,,,,,,,,,,,,,,,,,,,,,,,,,,,,
ShenzhenAirlines,107,108,109,117,118,201,202,203,,,,,,,,,,,,,,,,,,,,,,,,,,,,,,,,,,,,,,,,,,,,,,
SHUNFENG,874,875,876,877,878,879,884,885,886,887,888,889,890,891,892,893,894,895,896,897,898,899,901,902,903,904,905,906,907,908,909,910,911,912,913,914,915,916,921,922,923,924,925,886L,886R,887L,887R,898L,898R,899L,899R,910R,911R,912R
SichuanAirlines,110,111,112,113,114,115,116,,,,,,,,,,,,,,,,,,,,,,,,,,,,,,,,,,,,,,,,,,,,,,,
Sky Angkor Airlines,101,102,103,104,105,106,,,,,,,,,,,,,,,,,,,,,,,,,,,,,,,,,,,,,,,,,,,,,,,,
SKYLEGEND,110,111,112,113,114,115,116,,,,,,,,,,,,,,,,,,,,,,,,,,,,,,,,,,,,,,,,,,,,,,,
SouthAfricanAirways,101,102,103,104,105,106,,,,,,,,,,,,,,,,,,,,,,,,,,,,,,,,,,,,,,,,,,,,,,,,
SPRAY,110,111,112,113,114,115,116,,,,,,,,,,,,,,,,,,,,,,,,,,,,,,,,,,,,,,,,,,,,,,,
SpringJapan,101,102,103,104,105,106,,,,,,,,,,,,,,,,,,,,,,,,,,,,,,,,,,,,,,,,,,,,,,,,
STRAITAIR,409,410,411,412,413,414,415,416,417,418,419,414L,414R,415L,415R,416L,416R,417L,417R,418L,418R,419L,419R,204,205,206,207,208,209,210,211,212,213,214,215,216,217,,,,,,,,,,,,,,,,,
Taixiang,874,875,876,877,878,879,884,885,886,887,888,889,890,891,892,893,894,895,896,897,898,899,901,902,903,904,905,906,907,908,909,910,911,912,913,914,915,916,921,922,923,924,925,886L,886R,887L,887R,898L,898R,899L,899R,910R,911R,912R
ThaiLionAir,101,102,103,104,105,106,,,,,,,,,,,,,,,,,,,,,,,,,,,,,,,,,,,,,,,,,,,,,,,,
TianjinAirCargo,874,875,876,877,878,879,884,885,886,887,888,889,890,891,892,893,894,895,896,897,898,899,901,902,903,904,905,906,907,908,909,910,911,912,913,914,915,916,921,922,923,924,925,886L,886R,887L,887R,898L,898R,899L,899R,910R,911R,912R
TianjinAirlines,409,410,411,412,413,414,415,416,417,418,419,414L,414R,415L,415R,416L,416R,417L,417R,418L,418R,419L,419R,204,205,206,207,208,209,210,211,212,213,214,215,216,217,,,,,,,,,,,,,,,,,
TIBET,110,111,112,113,114,115,116,,,,,,,,,,,,,,,,,,,,,,,,,,,,,,,,,,,,,,,,,,,,,,,
TRANSJADE,110,111,112,113,114,115,116,,,,,,,,,,,,,,,,,,,,,,,,,,,,,,,,,,,,,,,,,,,,,,,
TurkishAirlines,101,102,103,104,105,106,,,,,,,,,,,,,,,,,,,,,,,,,,,,,,,,,,,,,,,,,,,,,,,,
VientnamAirlines,101,102,103,104,105,106,,,,,,,,,,,,,,,,,,,,,,,,,,,,,,,,,,,,,,,,,,,,,,,,
VietJet,101,102,103,104,105,106,,,,,,,,,,,,,,,,,,,,,,,,,,,,,,,,,,,,,,,,,,,,,,,,
VistaJet,874,875,876,877,878,879,884,885,886,887,888,889,890,891,892,893,894,895,896,897,898,899,901,902,903,904,905,906,907,908,909,910,911,912,913,914,915,916,921,922,923,924,925,886L,886R,887L,887R,898L,898R,899L,899R,910R,911R,912R
Westair,409,410,411,412,413,414,415,416,417,418,419,414L,414R,415L,415R,416L,416R,417L,417R,418L,418R,419L,419R,204,205,206,207,208,209,210,211,212,213,214,215,216,217,,,,,,,,,,,,,,,,,
XiamenAirlines,226,227,228,229,230,225,,,,,,,,,,,,,,,,,,,,,,,,,,,,,,,,,,,,,,,,,,,,,,,,
XIANGJIAN,110,111,112,113,114,115,116,,,,,,,,,,,,,,,,,,,,,,,,,,,,,,,,,,,,,,,,,,,,,,,
YalianBusinessJet,874,875,876,877,878,879,884,885,886,887,888,889,890,891,892,893,894,895,896,897,898,899,901,902,903,904,905,906,907,908,909,910,911,912,913,914,915,916,921,922,923,924,925,886L,886R,887L,887R,898L,898R,899L,899R,910R,911R,912R
YangtzeRiverExpress,874,875,876,877,878,879,884,885,886,887,888,889,890,891,892,893,894,895,896,897,898,899,901,902,903,904,905,906,907,908,909,910,911,912,913,914,915,916,921,922,923,924,925,886L,886R,887L,887R,898L,898R,899L,899R,910R,911R,912R
ZhejiangLoongAlrlines,110,111,112,113,114,115,116,,,,,,,,,,,,,,,,,,,,,,,,,,,,,,,,,,,,,,,,,,,,,,,
BeijingAirlines,110,111,112,113,114,115,116,,,,,,,,,,,,,,,,,,,,,,,,,,,,,,,,,,,,,,,,,,,,,,,
TransMediterraneanAirways,101,102,103,104,105,106,,,,,,,,,,,,,,,,,,,,,,,,,,,,,,,,,,,,,,,,,,,,,,,,
SRJET,110,111,112,113,114,115,116,,,,,,,,,,,,,,,,,,,,,,,,,,,,,,,,,,,,,,,,,,,,,,,
FarEastern,101,102,103,104,105,106,,,,,,,,,,,,,,,,,,,,,,,,,,,,,,,,,,,,,,,,,,,,,,,,
