data,callsign,departure,arrivee,TTOT,TLDT,ATOT,ALDT,Type,Wingspan,Airline,QFU,Parking,registration
20180729,TGW139,ZBTJ,WSSS,33000,54600,34080,55680,B789,60.0,SCOOTER,16R,101,9VOJD
20180729,TGW138,WSSS,ZBTJ,7200,28500,8160,28560,B789,60.0,SCOOTER,16R,105,9VOJF
20180729,CQH8914,RKPC,ZBTJ,37200,45600,36900,45660,A320,34.1,ShanghaiSpringAirlines,16R,110,B1023
20180729,CQH8989,ZBTJ,ZSYA,49500,55500,51840,57120,A320,34.1,ShanghaiSpringAirlines,16R,113,B1023
20180729,CQH8990,ZSYA,ZBTJ,58200,63900,60000,64800,A320,34.1,ShanghaiSpringAirlines,16R,110,B1023
20180729,CQH8913,ZBTJ,RKPC,70500,77100,70560,76260,A320,34.1,ShanghaiSpringAirlines,16R,110,B1023
20180728,GCR7888,ZUUU,ZBTJ,-2400,-79800,-1500,6540,A332,60.3,TianjinAirlines,16R,212,B1045
20180729,GCR7881,ZBTJ,ZSPD,29100,36300,30060,36000,A320,34.1,TianjinAirlines,16R,205,B1045
20180729,GCR7882,ZSPD,ZBTJ,40800,49200,43140,49260,A320,34.1,TianjinAirlines,16R,216,B1045
20180729,GCR7863,ZBTJ,ZHHH,70200,77700,71040,76980,A320,34.1,TianjinAirlines,16R,205,B1045
20180729,GCR7002,ZHHH,ZBTJ,14400,20400,60720,67200,E190,28.72,TianjinAirlines,16R,212,B1052
20180729,GCR7887,ZBTJ,ZUUU,70500,79500,71220,79320,A332,60.3,TianjinAirlines,16R,414,B1052
20180729,CCA1427,ZBTJ,ZUUU,27300,38100,28080,36660,B738,35.8,AirChina,16R,109,B1218
20180729,CCA1428,ZUUU,ZBTJ,42600,51900,43320,51960,B737,35.8,AirChina,16R,201,B1218
20180729,CCA1251,ZBTJ,ZLXY,63420,70500,63660,69420,B738,35.8,AirChina,16R,108,B1218
20180729,CCA1252,ZLXY,ZBTJ,74400,81000,74160,81060,B738,35.8,AirChina,16R,202,B1218
20180729,CCA1670,ZGHA,ZBTJ,73800,82500,78060,85680,B738,35.8,AirChina,16R,117,B1219
20180729,CCA1317,ZBTJ,ZGGG,27600,39000,28800,38280,B738,35.8,AirChina,16R,118,B1219
20180729,CCA1318,ZGGG,ZBTJ,42900,54600,44100,54660,B738,35.8,AirChina,16R,118,B1219
20180729,CCA1669,ZBTJ,ZGHA,61800,70200,63120,71100,B738,35.8,AirChina,16R,117,B1219
20180729,OKA2843,ZBTJ,RJSA,39300,54900,39360,54360,B738,35.8,OkayAirways,16R,223,B1267
20180729,OKA2844,RJSA,ZBTJ,58500,68100,55140,68160,B738,35.8,OkayAirways,16R,222,B1267
20180729,OKA2735,ZBTJ,ZGHA,76200,85500,76260,83820,B738,35.8,OkayAirways,16R,223,B1267
20180729,CJX8961,ZSCN,ZBTJ,27300,35400,27840,35460,B738,35.8,AIRCRANE,16R,112,B1269
20180729,CJX8881,ZBTJ,ZSCN,39000,46500,39900,46560,B738,35.8,AIRCRANE,16R,114,B1269
20180729,CJX8882,ZSCN,ZBTJ,70500,78300,75780,82500,B738,35.8,AIRCRANE,16R,115,B1269
20180729,CUA2217,ZBTJ,ZSSS,24600,32400,24900,30660,B738,35.8,LIANHANG,16R,112,B1277
20180729,CXA8331,ZBTJ,ZSFZ,32700,42300,34260,42300,B738,35.8,XiamenAirlines,16R,225,B1287
20180729,CXA8332,ZSFZ,ZBTJ,64200,74400,64860,74460,B738,35.8,XiamenAirlines,16R,227,B1287
20180729,CXA8125,ZSAM,ZBTJ,27900,37500,32940,41220,B738,35.8,XiamenAirlines,16R,227,B1303
20180729,CXA8303,ZBTJ,ZGHA,41100,49500,45480,52380,B738,35.8,XiamenAirlines,16R,226,B1303
20180729,CXA8143,ZBTJ,ZSQZ,24000,34500,24660,32700,B738,35.8,XiamenAirlines,16R,226,B1305
20180729,CXA8144,ZSQZ,ZBTJ,61800,72300,62700,72360,B738,35.8,XiamenAirlines,16R,227,B1305
20180729,OKA2736,ZGHA,ZBTJ,24000,32100,24660,32160,B738,35.8,OkayAirways,16R,224,B1337
20180729,OKA2939,ZBTJ,ZSQZ,39600,48600,40920,49800,B738,35.8,OkayAirways,16R,224,B1337
20180729,AMU238,VMMC,ZBTJ,29400,40500,29940,40560,A320,34.1,AirMacau,16R,103,B1338
20180729,AMU237,ZBTJ,VMMC,44100,55200,47220,58320,A320,34.1,AirMacau,16R,101,B1338
20180729,FZA6601,ZSZS,ZBTJ,33600,41400,34800,41460,B738,35.8,STRAITAIR,16R,214,B1348
20180729,FZA6602,ZBTJ,ZSZS,45000,52500,45720,52440,B738,35.8,STRAITAIR,16R,208,B1348
20180729,FZA6556,ZSFZ,ZBTJ,65400,75000,66000,75060,B738,35.8,STRAITAIR,16R,213,B1348
20180729,FZA6556,ZBTJ,ZYHB,78600,85800,78720,85080,B738,35.8,STRAITAIR,16R,209,B1348
20180729,CSH9147,ZSSS,ZBTJ,29700,37500,30480,37560,B38M,35.9,ShanghaiAirlines,16R,218,B1381
20180729,CSH9148,ZBTJ,ZSSS,41700,49800,43380,49740,B38M,35.9,ShanghaiAirlines,16R,219,B1381
20180729,CSN6893,ZWWW,ZBTJ,66600,80700,66600,80760,B738,35.8,ChinaSouthernAirlines,16R,217,B1410
20180729,CCA1245,ZBTJ,ZLLL,26100,35100,26460,33480,B738,35.8,AirChina,16R,117,B1418
20180729,CCA1246,ZLLL,ZBTJ,38100,45600,37860,45660,B738,35.8,AirChina,16R,109,B1418
20180729,CCA1389,ZBTJ,ZJSY,54000,68700,55260,67620,B738,35.8,AirChina,16R,109,B1418
20180729,CCA1390,ZJSY,ZBTJ,72000,86100,72840,86160,B738,35.8,AirChina,16R,109,B1418
20180729,CUA2215,ZSPD,ZBTJ,45300,54600,46320,54660,B738,35.8,LIANHANG,16R,110,B1427
20180729,CUA2216,ZBTJ,ZSPD,58200,65700,59040,65280,B738,35.8,LIANHANG,16R,113,B1427
20180729,FZA6751,ZGHA,ZBTJ,38400,46200,39480,47100,B738,35.8,STRAITAIR,16R,210,B1435
20180729,FZA6752,ZBTJ,ZGHA,50400,58500,51540,59340,B738,35.8,STRAITAIR,16R,208,B1435
20180728,CXA8304,ZGHA,ZBTJ,-11100,-2100,-300,6240,B738,35.8,XiamenAirlines,16R,227,B1456
20180729,CXA8089,ZBTJ,ZBLA,27000,35400,27060,34500,B738,35.8,XiamenAirlines,16R,227,B1456
20180729,OKA3085,ZBTJ,ZSNB,24600,32400,25200,31380,B738,35.8,OkayAirways,16R,224,B1485
20180729,CHH7497,ZYTL,ZBTJ,30600,34500,31260,34560,B738,35.8,HainanAirlines,16R,214,B1492
20180729,CHH7498,ZBTJ,ZYTL,38100,42000,38400,41280,B738,35.8,HainanAirlines,16R,210,B1492
20180729,OKA2992,ZGHA,ZBTJ,50700,59100,56280,63000,B738,35.8,OkayAirways,16R,222,B1521
20180729,OKA2991,ZBTJ,ZGHA,62700,71100,67860,75360,B738,35.8,OkayAirways,16R,223,B1521
20180729,OKA2787,ZGGG,ZBTJ,24900,36000,25620,36060,B739,34.3,OkayAirways,16R,222,B1522
20180729,OKA2851,ZBTJ,ZUUU,42300,53100,42780,51000,B739,34.3,OkayAirways,16R,223,B1522
20180729,OKA2852,ZUUU,ZBTJ,57300,66300,57720,66420,B739,34.3,OkayAirways,16R,224,B1522
20180729,OKA2788,ZBTJ,ZGGG,78300,3300,80340,89880,B739,34.3,OkayAirways,16R,223,B1522
20180729,CCA1417,ZBTJ,ZUGY,34200,44700,37740,46680,B737,35.8,AirChina,16R,118,B1526
20180729,CCA1418,ZUGY,ZBTJ,47700,57900,50340,60240,B737,35.8,AirChina,16R,109,B1526
20180729,CCA1259,ZBTJ,ZUGY,61500,71400,64620,73980,B738,35.8,AirChina,16R,117,B1526
20180729,CCA1396,ZGGG,ZBTJ,31500,42600,31860,42660,B738,35.8,AirChina,16R,108,B1528
20180729,CCA1441,ZBTJ,ZBYN,47100,52200,47580,50700,B738,35.8,AirChina,16R,108,B1528
20180729,CCA1442,ZBYN,ZBTJ,75000,79500,76260,79500,B738,35.8,AirChina,16R,108,B1528
20180729,JYH1055,ZGGG,ZBTJ,23100,35100,23580,35160,B738,35.8,TRANSJADE,16R,111,B1553
20180729,JYH1068,ZBTJ,ZUGY,43800,55200,45240,54600,B738,35.8,TRANSJADE,16R,112,B1553
20180729,JYH1067,ZUGY,ZBTJ,60000,71400,59880,71460,B738,35.8,TRANSJADE,16R,112,B1553
20180729,JYH1056,ZBTJ,ZGGG,76200,300,76680,85980,B738,35.8,TRANSJADE,16R,114,B1553
20180729,FZA6555,ZYHB,ZBTJ,41100,49200,41340,49260,B738,35.8,STRAITAIR,16R,211,B1562
20180729,FZA6555,ZBTJ,ZSFZ,53100,62400,53760,62460,B738,35.8,STRAITAIR,16R,210,B1562
20180729,CUA2218,ZSSS,ZBTJ,70200,78000,73740,79980,B738,35.8,LIANHANG,16R,112,B1573
20180729,CXA8090,ZBLA,ZBTJ,63900,72300,65700,73380,B738,35.8,XiamenAirlines,16R,227,B1579
20180728,OKA3036,ZSNT,ZBTJ,-6600,-300,-3360,2160,B738,35.8,OkayAirways,16R,224,B1581
20180729,OKA2833,ZBTJ,ZSCN,31200,39600,32280,38940,B738,35.8,OkayAirways,16R,223,B1581
20180729,OKA2834,ZSCN,ZBTJ,65100,74100,65700,74160,B738,35.8,OkayAirways,16R,222,B1581
20180729,CSN6894,ZBTJ,ZWWW,31500,46800,32160,44760,B738,35.8,ChinaSouthernAirlines,16R,218,B1583
20180729,EVA730,RCTP,ZBTJ,33900,45300,34740,45360,A321,34.1,EVAAir,16R,103,B16206
20180729,EVA729,ZBTJ,RCTP,49800,60300,52860,63360,A321,34.1,EVAAir,16R,102,B16206
20180729,CSC8815,ZSHC,ZBTJ,25200,32700,26640,32760,A320,34.1,SichuanAirlines,16R,112,B1661
20180729,CSC8815,ZBTJ,ZYCC,36900,42600,36900,42060,A320,34.1,SichuanAirlines,16R,115,B1661
20180729,CSC8816,ZYCC,ZBTJ,45600,53100,45420,53160,A320,34.1,SichuanAirlines,16R,112,B1661
20180729,CSC8816,ZBTJ,ZSHC,56700,63600,57960,63300,A320,34.1,SichuanAirlines,16R,112,B1661
20180729,CXA8277,ZSFZ,ZBTJ,58200,68100,58980,68160,B738,35.8,XiamenAirlines,16R,225,B1706
20180729,CXA8277,ZBTJ,ZWWW,71700,600,73020,85440,B738,35.8,XiamenAirlines,16R,225,B1706
20180729,CSZ9123,ZGSZ,ZBTJ,54900,66600,55800,66660,B738,35.8,ShenzhenAirlines,16R,108,B1712
20180729,CSZ9124,ZBTJ,ZGSZ,70200,82500,70260,79920,B738,35.8,ShenzhenAirlines,16R,108,B1712
20180728,OKA2966,ZLXN,ZBTJ,-5100,-83400,-5040,2340,B738,35.8,OkayAirways,16R,222,B1732
20180729,OKA3035,ZBTJ,ZSNT,27300,34200,28920,34260,B738,35.8,OkayAirways,16R,223,B1732
20180729,OKA3036,ZSNT,ZBTJ,68400,74700,73020,78600,B738,35.8,OkayAirways,16R,224,B1732
20180729,CCA1260,ZUGY,ZBTJ,37800,47700,37260,47760,B738,35.8,AirChina,16R,117,B1762
20180729,CCA1319,ZBTJ,ZGSZ,52500,64200,53400,64020,B737,35.8,AirChina,16R,107,B1762
20180729,CCA1320,ZGSZ,ZBTJ,69000,80100,72120,82020,B737,35.8,AirChina,16R,108,B1762
20180729,CSN3771,ZGSD,ZBTJ,30600,41700,30840,41760,B738,35.8,ChinaSouthernAirlines,16R,220,B1776
20180729,CSN3772,ZBTJ,ZGSD,45300,58800,46800,57000,B738,35.8,ChinaSouthernAirlines,16R,220,B1776
20180729,CSC8350,ZGNN,ZBTJ,42000,55500,43200,55560,A321,34.1,SichuanAirlines,16R,111,B1823
20180729,CSC8355,ZBTJ,ZGOW,59700,69900,60480,69480,A321,34.1,SichuanAirlines,16R,111,B1823
20180729,GCR6510,ZJSY,ZBTJ,33900,47100,35400,48840,A320,34.1,TianjinAirlines,16R,214,B1850
20180729,GCR7897,ZBTJ,ZUCK,50700,60000,52980,60660,A320,34.1,TianjinAirlines,16R,208,B1850
20180729,GCR7898,ZUCK,ZBTJ,63600,72900,64620,72960,A320,34.1,TianjinAirlines,16R,214,B1850
20180729,GCR6509,ZBTJ,ZJSY,76500,4500,78180,90420,A320,34.1,TianjinAirlines,16R,214,B1850
20180729,CES2369,ZSPD,ZBTJ,37800,45900,38580,45960,A320,34.1,ChinaEasternAirlines,16R,215,B1859
20180729,CES2369,ZBTJ,ZBCF,50400,55500,50580,54420,A320,34.1,ChinaEasternAirlines,16R,218,B1859
20180729,CES2370,ZBCF,ZBTJ,59700,63900,59700,63960,A320,34.1,ChinaEasternAirlines,16R,215,B1859
20180729,CES2370,ZBTJ,ZSPD,68400,75900,68460,74280,A320,34.1,ChinaEasternAirlines,16R,219,B1859
20180729,CSC8357,ZBTJ,ZJHK,24900,39000,26220,37380,A321,34.1,SichuanAirlines,16R,110,B1890
20180729,CSC8358,ZJHK,ZBTJ,42300,55500,42720,55560,A321,34.1,SichuanAirlines,16R,113,B1890
20180729,CSC8809,ZBTJ,ZUCK,61800,71700,62040,69660,A321,34.1,SichuanAirlines,16R,113,B1890
20180728,CES5751,ZPPP,ZBTJ,-9600,-84600,-8640,2460,B738,35.8,ChinaEasternAirlines,16R,215,B1908
20180729,CES5752,ZBTJ,ZPPP,32400,45300,33300,44220,B738,35.8,ChinaEasternAirlines,16R,219,B1908
20180729,CSZ9121,ZGSZ,ZBTJ,25200,35700,25140,35760,B738,35.8,ShenzhenAirlines,16R,108,B1937
20180729,CSZ9122,ZBTJ,ZGSZ,39300,51600,40740,50580,B738,35.8,ShenzhenAirlines,16R,118,B1937
20180729,OKA2907,ZGNN,ZBTJ,26100,39000,26580,39060,B738,35.8,OkayAirways,16R,226,B1962
20180729,OKA2965,ZBTJ,ZLXN,44100,53400,45900,53280,B738,35.8,OkayAirways,16R,223,B1962
20180729,OKA3103,ZBTJ,ZGSZ,38700,51000,39480,49620,B738,35.8,OkayAirways,16R,222,B1963
20180729,OKA3104,ZGSZ,ZBTJ,54600,65400,54960,65460,B738,35.8,OkayAirways,16R,222,B1963
20180729,OKA2908,ZBTJ,ZGNN,74400,86100,74460,84600,B738,35.8,OkayAirways,16R,224,B1963
20180729,CXA8140,ZSAM,ZBTJ,74700,85200,74760,85260,B738,35.8,XiamenAirlines,16R,226,B1964
20180728,CAO1036,EHAM,ZBTJ,-25500,-76800,-20340,12300,B77L,64.8,AirChinaInternationalCorporation,16R,105,B2092
20180729,CAO1036,ZBTJ,ZSPD,16800,24300,22260,27660,B77L,64.8,AirChinaInternationalCorporation,16R,101,B2092
20180729,CES5143,ZSSS,ZBTJ,40200,48600,42060,48660,A320,34.1,ChinaEasternAirlines,16R,215,B2337
20180729,CES5143,ZBTJ,ZYHB,54300,62100,54480,61200,A320,34.1,ChinaEasternAirlines,16R,218,B2337
20180729,CES5144,ZYHB,ZBTJ,65400,73200,65760,73260,A320,34.1,ChinaEasternAirlines,16R,215,B2337
20180729,CES5144,ZBTJ,ZSSS,77100,84600,78360,83760,A320,34.1,ChinaEasternAirlines,16R,218,B2337
20180729,CCA1771,ZSHC,ZBTJ,58800,66600,72180,77880,A319,34.09,AirChina,16R,109,B2404
20180729,CCA1772,ZBTJ,ZSHC,71400,79500,81660,87360,A319,34.09,AirChina,16R,117,B2404
20180728,YZR7480,EHAM,ZBTJ,-26700,-77700,-18420,13980,B744,64.4,YangtzeRiverExpress,16R,897,B2432
20180729,YZR748Z,ZBTJ,ZSPD,13500,20700,22080,27600,B744,64.4,YangtzeRiverExpress,16R,875,B2432
20180729,CSN3168,ZHHH,ZBTJ,57900,64500,58680,64560,B738,35.8,ChinaSouthernAirlines,16R,217,B2694
20180729,CSN3167,ZBTJ,ZHHH,68700,75600,68760,74100,B738,35.8,ChinaSouthernAirlines,16R,220,B2694
20180729,CYZ9101,ZBTJ,ZSNJ,1500,7800,1560,5340,B734,28.9,ChinaPost,16R,876,B2823
20180729,CYZ9102,ZSNJ,ZBTJ,22200,28500,21960,28560,B752,38.05,ChinaPost,16R,897,B2823
20180729,CYZ9111,ZBTJ,ZLLL,33300,42300,33720,41520,B752,38.05,ChinaPost,16R,876,B2823
20180729,CYZ9112,ZLLL,ZBTJ,77400,84900,76440,84960,B752,38.05,ChinaPost,16R,897,B2823
20180729,CBJ5195,ZJSY,ZBTJ,61800,75300,62760,75720,A321,34.1,BeijingCapitalAirlines,16R,211,B300E
20180729,CBJ5718,ZBTJ,ZGGG,78900,3300,81120,90000,A321,34.1,BeijingCapitalAirlines,16R,211,B300E
20180729,CES5439,ZSSS,ZBTJ,49800,57900,50940,57960,A20N,35.8,ChinaEasternAirlines,16R,216,B300R
20180729,CES5440,ZBTJ,ZSSS,62100,68700,63360,69480,A20N,35.8,ChinaEasternAirlines,16R,219,B300R
20180729,GCR7990,RJTT,ZBTJ,1800,14700,2160,14760,A320,34.1,TianjinAirlines,16R,213,B300S
20180729,GCR7839,ZBTJ,ZWWW,28800,43800,30540,43200,A320,34.1,TianjinAirlines,16R,213,B300S
20180729,GCR7840,ZWWW,ZBTJ,68400,81900,68460,81960,A320,34.1,TianjinAirlines,16R,213,B300S
20180729,GCR7977,ZBTJ,RJBB,30900,39900,31200,40200,A320,34.1,TianjinAirlines,16R,216,B300T
20180729,GCR7978,RJBB,ZBTJ,44400,55200,49980,57780,A320,34.1,TianjinAirlines,16R,209,B300T
20180729,GCR7971,ZBTJ,RJCC,53100,64800,62280,74280,A320,34.1,TianjinAirlines,16R,414R,B300T
20180728,GCR7002,VTBU,ZBTJ,-15600,-85800,-13560,3960,E190,28.72,TianjinAirlines,16R,211,B302X
20180729,GCR7867,ZBTJ,ZSRZ,45900,50400,52560,55980,E190,28.72,TianjinAirlines,16R,211,B3100
20180729,GCR7868,ZSRZ,ZBTJ,72600,77700,74580,78540,E190,28.72,TianjinAirlines,16R,216,B3100
20180729,GCR7915,ZBTJ,ZBCF,30000,34800,31440,35160,E190,28.72,TianjinAirlines,16R,207,B3121
20180729,GCR7916,ZBCF,ZBTJ,56400,60900,57300,60960,E190,28.72,TianjinAirlines,16R,215,B3121
20180729,CBG8961,ZSJH,ZBTJ,41400,48000,40380,48060,E190,28.72,SPRAY,16R,110,B3122
20180729,CBG8962,ZBTJ,ZSJH,52200,58800,52260,57720,E190,28.72,SPRAY,16R,111,B3122
20180729,GCR7865,ZBTJ,ZJHK,54300,66300,54360,65820,A320,34.1,TianjinAirlines,16R,211,B3127
20180729,GCR6491,ZHNY,ZBTJ,44700,51000,44220,51060,E190,28.72,TianjinAirlines,16R,214,B3152
20180729,GCR7909,ZBTJ,ZYQQ,54300,61200,54360,60900,E190,28.72,TianjinAirlines,16R,214,B3152
20180729,GCR7910,ZYQQ,ZBTJ,65100,72900,65280,72960,E190,28.72,TianjinAirlines,16R,210,B3152
20180729,GCR7833,ZBTJ,ZBTL,29100,35100,30180,35100,E190,28.72,TianjinAirlines,16R,204,B3153
20180729,GCR7834,ZBTL,ZBTJ,51600,57600,51900,57660,E190,28.72,TianjinAirlines,16R,215,B3153
20180729,GCR6492,ZBTJ,ZHNY,64200,70500,64260,69660,E190,28.72,TianjinAirlines,16R,211,B3153
20180729,CBG8821,ZUNC,ZBTJ,37200,45600,37860,45900,E190,28.72,SPRAY,16R,112,B3157
20180729,CBG8822,ZBTJ,ZUNC,49200,59100,49380,57600,E190,28.72,SPRAY,16R,112,B3157
20180729,GCR6653,ZBHH,ZBTJ,35700,41100,41340,44880,E190,28.72,TianjinAirlines,16R,209,B3163
20180729,GCR6654,ZBTJ,ZSYT,46700,49200,48720,51480,E190,28.72,TianjinAirlines,16R,212,B3163
20180729,GCR6655,ZSYT,ZBTJ,54600,57400,55980,58260,E190,28.72,TianjinAirlines,16R,210,B3163
20180729,GCR6656,ZBTJ,ZBHH,61400,65800,64800,68520,E190,28.72,TianjinAirlines,16R,210,B3163
20180729,GCR7849,ZBHH,ZBTJ,75900,82200,76200,82260,E190,28.72,TianjinAirlines,16R,211,B3163
20180729,CBG8853,ZGCD,ZBTJ,42000,49800,40980,49860,E190,28.72,SPRAY,16R,110,B3180
20180729,CBG8854,ZBTJ,ZGCD,53400,61800,54360,61860,E190,28.72,SPRAY,16R,113,B3180
20180729,GCR6657,ZBHH,ZBTJ,64800,69900,64860,69960,E190,28.72,TianjinAirlines,16R,213,B3181
20180729,GCR6657,ZBTJ,ZYTL,73500,77100,73680,76500,E190,28.72,TianjinAirlines,16R,206,B3181
20180729,GCR7869,ZBTJ,ZSDY,35700,39600,35700,38100,E190,28.72,TianjinAirlines,16R,210,B3189
20180729,GCR7870,ZSDY,ZBTJ,65100,68400,65940,68460,E190,28.72,TianjinAirlines,16R,214,B3189
20180729,GCR7843,ZBTJ,ZHCC,32400,38100,33120,37500,E190,28.72,TianjinAirlines,16R,209,B3190
20180729,GCR7844,ZHCC,ZBTJ,64500,70500,64500,70560,E190,28.72,TianjinAirlines,16R,214,B3190
20180729,GCR7817,ZBTJ,ZSFY,29700,35700,31020,36540,E190,28.72,TianjinAirlines,16R,208,B3192
20180729,GCR7818,ZSFY,ZBTJ,58200,64200,61080,66660,E190,28.72,TianjinAirlines,16R,211,B3192
20180729,CSN3335,ZGGG,ZBTJ,25800,36900,25860,36960,E190,28.72,ChinaSouthernAirlines,16R,217,B3206
20180729,CSN3336,ZBTJ,ZGGG,40800,51900,42480,52440,E190,28.72,ChinaSouthernAirlines,16R,221,B3206
20180729,CSN3135,ZGGG,ZBTJ,56700,67800,58560,68400,A320,34.1,ChinaSouthernAirlines,16R,217,B3206
20180729,CSN3136,ZBTJ,ZGGG,71400,82500,73200,82740,A320,34.1,ChinaSouthernAirlines,16R,217,B3206
20180729,GCR6658,ZYTL,ZBTJ,64800,69300,65160,69360,E190,28.72,TianjinAirlines,16R,206,B3212
20180729,GCR6658,ZBTJ,ZBHH,73500,78600,73920,77820,E190,28.72,TianjinAirlines,16R,209,B3212
20180729,GCR7581,ZLXY,ZBTJ,50700,57000,51600,57120,E190,28.72,TianjinAirlines,16R,214,B3213
20180729,GCR7581,ZBTJ,ZBXH,60300,66000,60360,64560,E190,28.72,TianjinAirlines,16R,214,B3213
20180729,GCR7582,ZBXH,ZBTJ,69000,73500,69300,73560,E190,28.72,TianjinAirlines,16R,213,B3213
20180729,GCR7582,ZBTJ,ZLXY,78300,84300,78360,83520,E190,28.72,TianjinAirlines,16R,210,B3213
20180729,HXA2913,ZBTJ,ZGDY,40200,49200,41280,49620,CRJ9,23.2,Chinaexpressair,16R,601,B3228
20180729,HXA2914,ZGDY,ZBTJ,71100,79200,70980,79260,CRJ9,23.2,Chinaexpressair,16R,602,B3228
20180728,GCR7892,ZSAM,ZBTJ,-3900,-80700,-2700,6000,E190,28.72,TianjinAirlines,16R,213,B3232
20180729,GCR7815,ZBTJ,ZSQD,27900,31800,28500,31860,E190,28.72,TianjinAirlines,16R,212,B3232
20180729,GCR7816,ZSQD,ZBTJ,55500,60300,55500,60360,E190,28.72,TianjinAirlines,16R,214,B3232
20180729,GCR7891,ZBTJ,ZSAM,69300,79500,69720,78840,E190,28.72,TianjinAirlines,16R,209,B3232
20180729,GCR7826,ZYTL,ZBTJ,61200,64800,61020,64860,E190,28.72,TianjinAirlines,16R,214,B3236
20180729,GCR7825,ZBTJ,ZYTL,68100,72600,68160,71220,E190,28.72,TianjinAirlines,16R,214,B3236
20180729,GCR7879,ZBTJ,ZLQY,30300,36600,31500,36780,E190,28.72,TianjinAirlines,16R,210,B3238
20180729,GCR7880,ZLQY,ZBTJ,51600,57300,52800,59280,E190,28.72,TianjinAirlines,16R,213,B3238
20180729,GCR7837,ZBTJ,ZBDT,60900,65100,62820,66060,E190,28.72,TianjinAirlines,16R,213,B3238
20180729,GCR7838,ZBDT,ZBTJ,68100,72600,71100,74280,E190,28.72,TianjinAirlines,16R,211,B3238
20180729,GCR7803,ZBTJ,ZYTL,28800,32400,29640,32640,E190,28.72,TianjinAirlines,16R,217,B3247
20180729,GCR7804,ZYTL,ZBTJ,60000,63900,59820,63960,E190,28.72,TianjinAirlines,16R,213,B3247
20180729,GCR7853,ZBTJ,ZSHC,29700,36600,34440,40440,E190,28.72,TianjinAirlines,16R,206,B3257
20180729,GCR7854,ZSHC,ZBTJ,60300,68400,70740,77220,E190,28.72,TianjinAirlines,16R,215,B3257
20180729,GCR782S,ZBTJ,ZBDS,34200,39600,34800,39300,E190,28.72,TianjinAirlines,16R,211,B3267
20180729,CGZ7121,ZUWX,ZBTJ,59100,66300,59160,67140,E190,28.72,COLORFUL,16R,111,B3285
20180729,CGZ7122,ZBTJ,ZUWX,69900,78300,70500,78060,E190,28.72,COLORFUL,16R,111,B3285
20180728,HXA2914,ZGDY,ZBTJ,-17100,-9000,-2880,4620,CRJ9,23.2,Chinaexpressair,16R,601,B3362
20180729,HXA2844,ZBTJ,ZBLL,25800,30600,26040,29700,CRJ9,23.2,Chinaexpressair,16R,601,B3362
20180729,HXA2843,ZBLL,ZBTJ,51600,56400,51960,56460,CRJ9,23.2,Chinaexpressair,16R,602,B3362
20180729,HXA2923,ZBTJ,ZYBA,63600,70800,63900,69660,CRJ9,23.2,Chinaexpressair,16R,601,B3362
20180729,HXA2924,ZYBA,ZBTJ,73200,80400,72900,80460,CRJ9,23.2,Chinaexpressair,16R,601,B3362
20180729,HXA2911,ZBTJ,ZBZL,25500,33300,25920,32760,CRJ9,23.2,Chinaexpressair,16R,602,B3379
20180729,HXA2912,ZBZL,ZBTJ,35700,43500,35460,43560,CRJ9,23.2,Chinaexpressair,16R,601,B3379
20180729,HXA2669,ZBTJ,ZLGY,46500,53400,46920,52680,CRJ9,23.2,Chinaexpressair,16R,601,B3379
20180729,HXA2670,ZLGY,ZBTJ,69300,75600,70740,77040,CRJ9,23.2,Chinaexpressair,16R,601,B3379
20180729,HXA2842,ZBTJ,ZBOW,79800,85500,79980,84480,CRJ9,23.2,Chinaexpressair,16R,601,B3379
20180729,JOY1610,ZBOW,ZBTJ,57900,64500,78480,85500,MA60,29.2,Joyair,16R,501,B3421
20180729,JOY1601,ZBTJ,ZBSJ,29400,33300,30840,33780,MA60,29.2,Joyair,16R,502,B3455
20180729,JOY1609,ZBTJ,ZBOW,30300,37800,31680,38160,MA60,29.2,Joyair,16R,501,B3709
20180729,JOY1599,ZBTJ,ZLXY,10800,21600,40380,49920,MA60,29.2,Joyair,16R,501,B3718
20180729,JOY1602,ZBSJ,ZBTJ,77100,81300,79500,82380,MA60,29.2,Joyair,16R,501,B5003
20180729,OKA2883,ZLXY,ZBTJ,25200,33000,25800,33060,B738,35.8,OkayAirways,16R,222,B5181
20180729,OKA2931,ZBTJ,ZGHA,37800,47100,38040,45060,B738,35.8,OkayAirways,16R,224,B5181
20180729,OKA2932,ZGHA,ZBTJ,72300,80100,77460,85140,B738,35.8,OkayAirways,16R,224,B5181
20180729,CCA1371,ZBTJ,ZGSZ,28200,39300,29940,39600,B738,35.8,AirChina,16R,203,B5211
20180729,CCA1372,ZGSZ,ZBTJ,42900,54900,43560,54960,B738,35.8,AirChina,16R,108,B5211
20180729,CCA1527,ZBTJ,ZSSS,59400,66900,60840,66120,B738,35.8,AirChina,16R,107,B5211
20180729,CCA1528,ZSSS,ZBTJ,70800,78900,77040,82740,B738,35.8,AirChina,16R,109,B5211
20180729,CCA1671,ZBTJ,ZGSZ,42000,54000,43740,53820,B738,35.8,AirChina,16R,203,B5227
20180729,CCA1672,ZGSZ,ZBTJ,57600,68400,59880,69300,B738,35.8,AirChina,16R,117,B5227
20180729,CCA1633,ZBTJ,ZHSY,33600,39600,33660,38700,B738,35.8,AirChina,16R,108,B5229
20180729,CCA1634,ZHSY,ZBTJ,44100,50700,44220,50760,B738,35.8,AirChina,16R,118,B5229
20180729,CCA1523,ZBTJ,ZSSS,54300,61500,57360,63240,B738,35.8,AirChina,16R,118,B5229
20180729,CCA1524,ZSSS,ZBTJ,65100,73200,70980,76560,B738,35.8,AirChina,16R,117,B5229
20180729,CSH9063,ZSSS,ZBTJ,57000,66000,61920,68100,B738,35.8,ShanghaiAirlines,16R,218,B5260
20180729,CSH9064,ZBTJ,ZSSS,71400,78900,73500,78660,B738,35.8,ShanghaiAirlines,16R,218,B5260
20180729,CES9727,ZPDL,ZBTJ,30900,43800,30180,43860,B737,35.8,ChinaEasternAirlines,16R,216,B5293
20180729,CES9728,ZBTJ,ZPDL,48000,61800,48900,59580,B737,35.8,ChinaEasternAirlines,16R,219,B5293
20180729,CXA8304,ZGHA,ZBTJ,75300,84300,77340,84420,B738,35.8,XiamenAirlines,16R,225,B5302
20180728,CXA8194,ZGKL,ZBTJ,-11400,-1800,-4080,4860,B738,35.8,XiamenAirlines,16R,225,B5319
20180729,CXA8313,ZBTJ,ZGGG,29700,40800,30360,39720,B738,35.8,XiamenAirlines,16R,225,B5319
20180729,CXA8314,ZGGG,ZBTJ,45300,56700,45540,56760,B738,35.8,XiamenAirlines,16R,227,B5319
20180729,CXA8383,ZBTJ,ZGKL,61800,72000,61860,70680,B738,35.8,XiamenAirlines,16R,225,B5319
20180729,CXA8384,ZGKL,ZBTJ,75300,85200,75720,85260,B738,35.8,XiamenAirlines,16R,230,B5319
20180729,CDG4801,ZSAM,ZBTJ,26700,37200,26880,37260,B738,35.8,shandongAirlines,16R,109,B5348
20180729,CDG4693,ZBTJ,ZGSD,40800,53100,41700,51960,B738,35.8,shandongAirlines,16R,117,B5348
20180729,CDG4694,ZGSD,ZBTJ,56100,66900,55920,66960,B738,35.8,shandongAirlines,16R,117,B5348
20180729,CDG4802,ZBTJ,ZSAM,75900,600,76860,85620,B738,35.8,shandongAirlines,16R,108,B5348
20180729,CSZ9799,ZSQZ,ZBTJ,45600,55500,47400,56520,B738,35.8,ShenzhenAirlines,16R,117,B5361
20180729,CSZ9800,ZBTJ,ZSQZ,59100,68400,61380,70020,B738,35.8,ShenzhenAirlines,16R,117,B5361
20180728,CSH9069,ZSPD,ZBTJ,-5100,-83100,-3480,2640,B738,35.8,ShanghaiAirlines,16R,218,B5369
20180729,CSH9070,ZBTJ,ZSPD,27600,35400,29760,35700,B738,35.8,ShanghaiAirlines,16R,218,B5369
20180729,CCA8290,ZBHH,ZBTJ,28800,34200,29820,34260,B738,35.8,AirChina,16R,109,B5387
20180729,CCA1481,ZBTJ,ZBYC,42600,48900,43860,48360,B738,35.8,AirChina,16R,109,B5387
20180729,CCA1482,ZBYC,ZBTJ,73800,79200,74820,80160,B738,35.8,AirChina,16R,118,B5387
20180729,CXA8365,ZBTJ,ZGSZ,27000,38400,27780,37620,B738,35.8,XiamenAirlines,16R,225,B5388
20180729,CXA8366,ZGSZ,ZBTJ,42000,54000,42060,54060,B738,35.8,XiamenAirlines,16R,225,B5388
20180729,CXA8379,ZBTJ,ZGSZ,58200,70500,58860,68940,B738,35.8,XiamenAirlines,16R,226,B5388
20180729,CXA8380,ZGSZ,ZBTJ,74100,85200,74760,85260,B738,35.8,XiamenAirlines,16R,227,B5388
20180729,FZA6569,ZSLY,ZBTJ,61500,66900,66300,69600,B738,35.8,STRAITAIR,16R,211,B5430
20180729,FZA6570,ZBTJ,ZSLY,72800,76300,74100,77340,B738,35.8,STRAITAIR,16R,211,B5430
20180728,CCA1390,ZJSY,ZBTJ,-14400,-300,-11640,840,B738,35.8,AirChina,16R,109,B5442
20180729,CCA951,ZBTJ,ZYTL,25800,30000,25860,28260,B738,35.8,AirChina,16R,107,B5442
20180729,CCA952,ZYTL,ZBTJ,61500,65400,62340,65460,B738,35.8,AirChina,16R,109,B5442
20180729,CCA749,ZBTJ,VTBS,73800,6300,75120,94020,B738,35.8,AirChina,16R,117,B5442
20180729,CCA750,VTBS,ZBTJ,11100,27900,12000,29400,B738,35.8,AirChina,16R,118,B5447
20180729,CCA8291,ZBTJ,ZLIC,32400,39900,46500,52800,B738,35.8,AirChina,16R,118,B5447
20180729,CCA8292,ZLIC,ZBTJ,42900,50700,56760,62520,B738,35.8,AirChina,16R,201,B5447
20180729,CXA8033,ZSFZ,ZBTJ,28800,37800,31800,40140,B738,35.8,XiamenAirlines,16R,226,B5458
20180729,CXA8033,ZBTJ,ZYCC,42900,48000,44040,50040,B738,35.8,XiamenAirlines,16R,225,B5458
20180729,CXA8034,ZYCC,ZBTJ,51900,58800,53700,58860,B738,35.8,XiamenAirlines,16R,227,B5458
20180729,CXA8034,ZBTJ,ZSFZ,62400,72000,62940,71460,B738,35.8,XiamenAirlines,16R,226,B5458
20180729,CCA103,ZBTJ,VHHH,30900,42600,32100,42000,B738,35.8,AirChina,16R,108,B5485
20180729,CCA104,VHHH,ZBTJ,46200,58500,47940,58560,B738,35.8,AirChina,16R,108,B5485
20180729,CCA1677,ZBTJ,ZYHB,69900,77400,69960,76260,B738,35.8,AirChina,16R,107,B5485
20180729,CCA1678,ZYHB,ZBTJ,28500,36600,29220,36660,B738,35.8,AirChina,16R,117,B5495
20180729,CCA8363,ZBTJ,ZUMT,44400,54300,44460,51840,B738,35.8,AirChina,16R,118,B5495
20180729,CCA8364,ZUMT,ZBTJ,72900,83100,72900,83160,B738,35.8,AirChina,16R,108,B5495
20180729,CXA8470,ZUCK,ZBTJ,37800,46200,37980,46740,B738,35.8,XiamenAirlines,16R,225,B5499
20180729,CXA831,ZBTJ,ZSAM,50100,59400,50640,59040,B738,35.8,XiamenAirlines,16R,226,B5499
20180729,CCA1619,ZBTJ,ZGSD,31200,43200,32460,43140,B738,35.8,AirChina,16R,107,B5508
20180729,CCA1620,ZGSD,ZBTJ,46800,57300,48180,58560,B738,35.8,AirChina,16R,118,B5508
20180729,CCA1395,ZBTJ,ZGGG,64200,75900,65100,74700,B738,35.8,AirChina,16R,109,B5508
20180729,CCA151,ZBTJ,ZYTL,32700,36300,33360,36360,B738,35.8,AirChina,16R,109,B5518
20180729,CCA152,ZYTL,ZBTJ,65700,69600,67860,70320,B738,35.8,AirChina,16R,109,B5518
20180729,CCA8289,ZBTJ,ZBHH,75600,81000,75720,79500,B738,35.8,AirChina,16R,107,B5518
20180729,CHH7791,ZGKL,ZBTJ,37200,48300,37140,48360,B738,35.8,HainanAirlines,16R,213,B5520
20180729,CHH7792,ZBTJ,ZGKL,51900,62400,52500,61680,B738,35.8,HainanAirlines,16R,206,B5520
20180729,CCA8275,ZBTJ,ZSWZ,65220,72600,66420,73380,B737,35.8,AirChina,16R,108,B5572
20180729,CCA8276,ZSWZ,ZBTJ,75300,84000,75960,84060,B737,35.8,AirChina,16R,109,B5572
20180729,OKA2751,ZBTJ,ZSHC,24600,31800,25560,31860,B739,34.3,OkayAirways,16R,222,B5573
20180729,OKA2752,ZSHC,ZBTJ,74100,82800,75540,82860,B739,34.3,OkayAirways,16R,224,B5573
20180728,OKA2946,ZGSZ,ZBTJ,-24000,-13500,-9060,1380,B738,35.8,OkayAirways,16R,222,B5575
20180729,OKA2987,ZBTJ,ZYBS,27900,35100,28260,34560,B738,35.8,OkayAirways,16R,222,B5575
20180729,OKA2988,ZYBS,ZBTJ,43800,51600,43620,51660,B738,35.8,OkayAirways,16R,222,B5575
20180729,OKA2819,ZBTJ,ZGKL,57300,68700,58320,67200,B738,35.8,OkayAirways,16R,223,B5575
20180729,OKA2820,ZGKL,ZBTJ,72300,82800,74280,83460,B738,35.8,OkayAirways,16R,222,B5575
20180729,CSH9115,ZSSS,ZBTJ,36300,44100,36900,44160,B738,35.8,ShanghaiAirlines,16R,218,B5576
20180729,CSH9116,ZBTJ,ZSSS,48900,55800,49080,55320,B738,35.8,ShanghaiAirlines,16R,218,B5576
20180729,OKA2903,ZGHA,ZBTJ,38400,46800,39900,47280,B738,35.8,OkayAirways,16R,222,B5578
20180729,OKA2904,ZBTJ,ZGHA,51000,59100,52020,59700,B738,35.8,OkayAirways,16R,223,B5578
20180728,CCA1320,ZGSZ,ZBTJ,-17400,-6300,-5340,4020,B737,35.8,AirChina,16R,109,B5621
20180729,CHH7725,ZGHA,ZBTJ,36300,44400,37260,44460,B738,35.8,HainanAirlines,16R,213,B5625
20180729,CHH7725,ZBTJ,ZYHB,48000,55500,48600,55380,B738,35.8,HainanAirlines,16R,206,B5625
20180729,CHH7726,ZYHB,ZBTJ,60600,67800,60840,67860,B738,35.8,HainanAirlines,16R,211,B5625
20180729,CHH7726,ZBTJ,ZGHA,71700,81300,72000,79320,B738,35.8,HainanAirlines,16R,210,B5625
20180729,CXA8353,ZBTJ,ZHHH,25200,33300,25740,31740,B738,35.8,XiamenAirlines,16R,225,B5631
20180729,CXA8354,ZHHH,ZBTJ,56100,63600,56760,63660,B738,35.8,XiamenAirlines,16R,225,B5631
20180729,CXA8239,ZBTJ,ZLXY,67200,74100,67620,73260,B738,35.8,XiamenAirlines,16R,226,B5631
20180729,CXA8240,ZLXY,ZBTJ,78900,85500,79320,85560,B738,35.8,XiamenAirlines,16R,225,B5631
20180729,CSN3313,ZGNN,ZBTJ,45000,57000,46080,57900,B738,35.8,ChinaSouthernAirlines,16R,217,B5645
20180729,CSN3314,ZBTJ,ZGNN,62700,76200,64260,74880,B738,35.8,ChinaSouthernAirlines,16R,218,B5645
20180729,CDG8054,ZBLA,ZBTJ,67200,76500,67740,76560,B738,35.8,shandongAirlines,16R,107,B5652
20180729,CDG8054,ZBTJ,ZSAM,80400,3900,81240,89460,B738,35.8,shandongAirlines,16R,107,B5652
20180729,CHH7629,ZSQZ,ZBTJ,40200,49800,41100,49860,B738,35.8,HainanAirlines,16R,215,B5661
20180729,CHH7630,ZBTJ,ZSQZ,53700,63300,54600,63000,B738,35.8,HainanAirlines,16R,209,B5661
20180729,CSN3301,ZGGG,ZBTJ,38700,50400,39300,50460,B738,35.8,ChinaSouthernAirlines,16R,217,B5677
20180729,CSN3302,ZBTJ,ZGGG,54000,65100,56040,65340,B738,35.8,ChinaSouthernAirlines,16R,217,B5677
20180729,CCA171,ZBTJ,RKSI,31800,38700,32700,39600,B738,35.8,AirChina,16R,203,B5680
20180729,CCA172,RKSI,ZBTJ,42300,48600,44340,50400,B738,35.8,AirChina,16R,203,B5680
20180729,CCA187,ZBTJ,RCSS,53100,63900,55740,66540,B738,35.8,AirChina,16R,203,B5680
20180729,CCA188,RCSS,ZBTJ,67500,78600,69420,79080,B738,35.8,AirChina,16R,117,B5680
20180729,CCA1641,ZBTJ,ZSFZ,24900,34500,25380,33300,B738,35.8,AirChina,16R,203,B5681
20180729,CCA1642,ZSFZ,ZBTJ,40500,50100,42600,50400,B738,35.8,AirChina,16R,117,B5681
20180729,CCA8277,ZBTJ,ZLXN,57300,66600,57840,65160,B738,35.8,AirChina,16R,109,B5681
20180729,CCA8278,ZLXN,ZBTJ,69900,77700,70020,77760,B738,35.8,AirChina,16R,108,B5681
20180729,CCA1656,ZSPD,ZBTJ,32700,41700,33660,41760,B738,35.8,AirChina,16R,118,B5696
20180729,CCA801,ZBTJ,RKSI,49200,55500,50160,56460,B738,35.8,AirChina,16R,107,B5696
20180729,CCA802,RKSI,ZBTJ,60000,66300,60540,66360,B738,35.8,AirChina,16R,107,B5696
20180729,CCA1655,ZBTJ,ZSPD,73200,80100,73260,78840,B737,35.8,AirChina,16R,108,B5696
20180729,CXA8278,ZWWW,ZBTJ,28500,41400,29160,41580,B738,35.8,XiamenAirlines,16R,225,B5752
20180729,CXA8278,ZBTJ,ZSFZ,45300,54900,47100,55620,B738,35.8,XiamenAirlines,16R,226,B5752
20180729,CDG8053,ZSAM,ZBTJ,27000,38400,28080,38460,B738,35.8,shandongAirlines,16R,117,B5782
20180729,CDG8053,ZBTJ,ZBLA,42600,51000,42660,50640,B738,35.8,shandongAirlines,16R,108,B5782
20180729,CCA1529,ZBTJ,ZSAM,26100,35700,26760,34860,B738,35.8,AirChina,16R,108,B5793
20180729,CCA1530,ZSAM,ZBTJ,40200,51000,41340,51060,B738,35.8,AirChina,16R,202,B5793
20180729,CCA1673,ZBTJ,ZSHC,58200,65100,62460,67860,B738,35.8,AirChina,16R,107,B5793
20180729,CCA1674,ZSHC,ZBTJ,69000,76500,73080,79200,B738,35.8,AirChina,16R,202,B5793
20180729,CES5747,ZPPP,ZBTJ,34500,46500,35460,46860,B738,35.8,ChinaEasternAirlines,16R,216,B5795
20180729,CES5748,ZBTJ,ZPPP,52200,64800,52260,61680,B738,35.8,ChinaEasternAirlines,16R,218,B5795
20180729,RLH5313,ZHES,ZBTJ,35400,42300,36480,43800,B737,35.8,SENDI,16R,111,B5811
20180729,RLH5314,ZBTJ,ZHES,46200,54600,47940,55620,B737,35.8,SENDI,16R,111,B5811
20180729,OKA299Z,RJTT,ZBTJ,5100,16020,6300,16080,B738,35.8,OkayAirways,16R,222,B5843
20180729,OKA298Q,ZBTJ,RJTT,77400,1500,77700,88200,B738,35.8,OkayAirways,16R,222,B5843
20180729,CXA8297,ZBTJ,ZLXN,36300,45300,36420,43620,B738,35.8,XiamenAirlines,16R,225,B5846
20180729,CXA8298,ZLXN,ZBTJ,48300,56400,49080,56700,B738,35.8,XiamenAirlines,16R,225,B5846
20180729,CXA8469,ZBTJ,ZUCK,61200,70500,61260,68880,B738,35.8,XiamenAirlines,16R,226,B5846
20180729,CHH7797,ZSCN,ZBTJ,49500,57600,51120,58020,B738,35.8,HainanAirlines,16R,211,B6065
20180729,CHH7798,ZBTJ,ZSCN,61500,69300,62160,68340,B738,35.8,HainanAirlines,16R,209,B6065
20180729,CHH7202,ZGGG,ZBTJ,55800,66900,57780,67500,B738,35.8,HainanAirlines,16R,210,B6066
20180729,CHH7201,ZBTJ,ZGGG,75300,600,77340,86460,B738,35.8,HainanAirlines,16R,209,B6066
20180729,RLH6515,ZHXF,ZBTJ,60300,67500,60240,67560,B737,35.8,SENDI,16R,112,B6109
20180729,RLH6516,ZBTJ,ZHXF,72300,79200,72840,79740,B737,35.8,SENDI,16R,110,B6109
20180729,CQH8813,ZSPD,ZBTJ,25500,34200,26400,34260,A320,34.1,ShanghaiSpringAirlines,16R,112,B6301
20180729,CQH8814,ZBTJ,ZSPD,38100,45600,38160,44040,A320,34.1,ShanghaiSpringAirlines,16R,113,B6301
20180729,CSC8810,ZUCK,ZBTJ,28800,37200,29760,37620,A321,34.1,SichuanAirlines,16R,110,B6387
20180729,CSC8033,ZBTJ,ZBLA,58500,67500,58500,66840,A321,34.1,SichuanAirlines,16R,111,B6387
20180729,CSC8034,ZBLA,ZBTJ,70200,78900,70260,78960,A321,34.1,SichuanAirlines,16R,114,B6387
20180729,CSC8045,ZPPP,ZBTJ,63600,76200,63900,76260,A319,34.09,SichuanAirlines,16R,110,B6448
20180729,CSC8046,ZBTJ,ZPPP,79800,6000,80880,91080,A319,34.09,SichuanAirlines,16R,111,B6448
20180729,TBA9907,ZUCK,ZBTJ,49800,59400,51780,60900,A319,34.09,TIBET,16R,111,B6473
20180729,TBA9908,ZBTJ,ZUCK,66000,76500,66600,74220,A319,34.09,TIBET,16R,113,B6473
20180729,CXA832,ZSAM,ZBTJ,56400,66600,57540,66660,B738,35.8,XiamenAirlines,16R,227,B6490
20180729,CXA8126,ZBTJ,ZSAM,75600,86100,76020,85320,B738,35.8,XiamenAirlines,16R,225,B6490
20180729,CCA8373,ZGSZ,ZBTJ,30300,42000,31140,42060,B738,35.8,AirChina,16R,117,B6499
20180729,CCA8373,ZBTJ,ZYDQ,46500,53100,47340,53820,B738,35.8,AirChina,16R,107,B6499
20180729,CCA8374,ZYDQ,ZBTJ,55800,62400,57240,63120,B738,35.8,AirChina,16R,107,B6499
20180729,CCA8374,ZBTJ,ZGSZ,66240,77100,68700,79080,B738,35.8,AirChina,16R,118,B6499
20180729,CSN3133,ZGGG,ZBTJ,30000,41400,30540,41460,A321,34.1,ChinaSouthernAirlines,16R,217,B6578
20180729,CSN3134,ZBTJ,ZGGG,45000,56400,46320,55740,A321,34.1,ChinaSouthernAirlines,16R,217,B6578
20180729,CCA1931,ZSWZ,ZBTJ,71400,81000,75120,82200,A320,34.1,AirChina,16R,107,B6676
20180729,CCA1921,ZSWZ,ZBTJ,31200,39300,31080,39360,A320,34.1,AirChina,16R,108,B6677
20180729,CCA1922,ZBTJ,ZSWZ,43500,52200,44400,51900,A320,34.1,AirChina,16R,107,B6677
20180729,CSN3125,ZGHA,ZBTJ,48000,56700,49020,56760,A321,34.1,ChinaSouthernAirlines,16R,218,B6682
20180729,CSN3125,ZBTJ,ZYHB,60360,68100,60420,66660,A321,34.1,ChinaSouthernAirlines,16R,217,B6682
20180729,CSN3126,ZYHB,ZBTJ,71400,78600,71700,78660,A321,34.1,ChinaSouthernAirlines,16R,217,B6682
20180729,CSN3126,ZBTJ,ZGHA,82500,4800,82980,89820,A321,34.1,ChinaSouthernAirlines,16R,218,B6682
20180729,CCA4187,ZUUU,ZBTJ,26700,35700,26820,35760,A321,34.1,AirChina,16R,109,B6701
20180729,CCA4188,ZBTJ,ZUUU,39900,51600,39960,47940,A321,34.1,AirChina,16R,107,B6701
20180729,DKH1135,ZSPD,ZBTJ,51300,59700,51900,59760,A320,34.1,ShanghaiJuneyaoAirlines,16R,110,B6735
20180729,DKH1135,ZBTJ,ZYBS,63300,69900,63480,69180,A320,34.1,ShanghaiJuneyaoAirlines,16R,113,B6735
20180729,CQH8509,ZSYN,ZBTJ,59100,65700,61860,67200,A320,34.1,ShanghaiSpringAirlines,16R,115,B6751
20180729,CQH8510,ZBTJ,ZSYN,71100,77400,71400,75840,A320,34.1,ShanghaiSpringAirlines,16R,112,B6751
20180728,GCR7908,ZUGY,ZBTJ,-7500,-83400,-6600,2820,A320,34.1,TianjinAirlines,16R,213,B6789
20180729,GCR7819,ZBTJ,ZGHA,27000,36300,29100,35940,A320,34.1,TianjinAirlines,16R,213,B6789
20180729,GCR7820,ZGHA,ZBTJ,58200,66000,62820,69840,A320,34.1,TianjinAirlines,16R,208,B6789
20180728,CSC8356,ZGOW,ZBTJ,-4800,-82200,-4440,4380,A321,34.1,SichuanAirlines,16R,110,B6838
20180729,CSC8349,ZBTJ,ZGNN,24000,36900,24240,34080,A321,34.1,SichuanAirlines,16R,111,B6838
20180729,GCR7857,ZBTJ,ZLXY,27000,33900,27420,33420,A320,34.1,TianjinAirlines,16R,211,B6865
20180729,GCR7858,ZLXY,ZBTJ,62100,69300,64740,70440,A320,34.1,TianjinAirlines,16R,216,B6865
20180729,GCR7805,ZBTJ,ZSNB,72000,79200,75000,81240,A320,34.1,TianjinAirlines,16R,216,B6865
20180729,GCR7845,ZBTJ,ZSSH,30300,35100,31260,35100,A320,34.1,TianjinAirlines,16R,211,B6903
20180729,GCR7846,ZSSH,ZBTJ,61800,67200,67680,71640,A320,34.1,TianjinAirlines,16R,214,B6903
20180729,EPA6245,ZGCJ,ZBTJ,46500,56100,46740,56160,B738,35.8,DONGHAIAIR,16R,213,B6980
20180729,EPA6246,ZBTJ,ZGCJ,60600,70800,60900,69600,B738,35.8,DONGHAIAIR,16R,209,B6980
20180729,CDG4717,ZSQD,ZBTJ,25200,30000,24780,30060,B738,35.8,shandongAirlines,16R,117,B6985
20180729,CDG4717,ZBTJ,ZBHH,33600,39000,33840,37560,B738,35.8,shandongAirlines,16R,118,B6985
20180729,CDG4718,ZBHH,ZBTJ,42900,48000,44040,48060,B738,35.8,shandongAirlines,16R,108,B6985
20180729,CDG4718,ZBTJ,ZSQD,51600,55800,52260,55620,B738,35.8,shandongAirlines,16R,109,B6985
20180729,OKA2897,ZBTJ,ZPPP,35100,48000,35460,46080,B738,35.8,OkayAirways,16R,224,B6997
20180729,OKA2898,ZPPP,ZBTJ,65700,77700,65640,77760,B738,35.8,OkayAirways,16R,222,B6997
20180729,OKA2884,ZBTJ,ZLXY,81300,2400,82020,88320,B738,35.8,OkayAirways,16R,223,B6997
20180729,CCA1533,ZBTJ,ZSSS,28800,35700,29580,35100,B738,35.8,AirChina,16R,107,B7182
20180729,CCA1534,ZSSS,ZBTJ,39300,47400,39540,47460,B738,35.8,AirChina,16R,109,B7182
20180729,CCA1387,ZBTJ,ZGGG,53400,64800,54780,64200,B738,35.8,AirChina,16R,108,B7182
20180729,CCA1388,ZGGG,ZBTJ,69000,80700,70500,80760,B738,35.8,AirChina,16R,108,B7182
20180728,OKA2932,ZGHA,ZBTJ,-10500,-1800,60,6660,B738,35.8,OkayAirways,16R,222,B7373
20180729,OKA2777,ZBTJ,ZGSZ,29100,40200,29460,39180,B738,35.8,OkayAirways,16R,224,B7373
20180729,CXA8187,ZSHC,ZBTJ,27300,34800,28560,34860,B738,35.8,XiamenAirlines,16R,227,B7559
20180729,CXA8188,ZBTJ,ZSHC,38700,45600,38940,44820,B738,35.8,XiamenAirlines,16R,226,B7559
20180729,HXA2905,ZBTJ,ZLTS,26400,35100,26880,33720,CRJ9,23.2,Chinaexpressair,16R,603,B7691
20180729,HXA2906,ZLTS,ZBTJ,37800,45900,38460,45960,CRJ9,23.2,Chinaexpressair,16R,602,B7691
20180729,HXA2903,ZBTJ,ZYSQ,57900,64500,57960,63600,CRJ9,23.2,Chinaexpressair,16R,601,B7691
20180729,HXA2904,ZYSQ,ZBTJ,78900,85500,79740,85560,CRJ9,23.2,Chinaexpressair,16R,601,B7691
20180729,HXA2901,ZBUC,ZBTJ,67800,71700,67920,71760,CRJ9,23.2,Chinaexpressair,16R,601,B7692
20180729,HXA2902,ZBTJ,ZBUC,75000,79800,75060,78120,CRJ9,23.2,Chinaexpressair,16R,601,B7692
20180729,CXA8139,ZBTJ,ZSAM,26700,36600,27600,35940,B738,35.8,XiamenAirlines,16R,226,B7816
20180729,CSH9131,ZSPD,ZBTJ,33300,41100,34020,41160,B738,35.8,ShanghaiAirlines,16R,218,B7862
20180729,CSH9132,ZBTJ,ZSPD,45000,51900,45360,51480,B738,35.8,ShanghaiAirlines,16R,219,B7862
20180729,CCA1679,ZBTJ,ZUCK,28500,38400,30720,38880,B738,35.8,AirChina,16R,202,B7890
20180729,CCA1680,ZUCK,ZBTJ,42000,51600,43200,51660,B738,35.8,AirChina,16R,117,B7890
20180729,CCA1401,ZBTJ,ZPPP,56400,69300,58680,69960,B738,35.8,AirChina,16R,118,B7890
20180729,CCA777,ZBTJ,ZSLG,28200,33300,29880,33360,B738,35.8,AirChina,16R,108,B7893
20180729,CCA778,ZSLG,ZBTJ,75600,80400,77280,81120,B738,35.8,AirChina,16R,109,B7893
20180729,GCR7583,ZLXY,ZBTJ,24600,31200,26040,32100,A320,34.1,TianjinAirlines,16R,213,B8066
20180729,GCR7583,ZBTJ,ZYHB,34800,41700,35340,42600,A320,34.1,TianjinAirlines,16R,213,B8066
20180729,GCR7584,ZYHB,ZBTJ,45000,52800,46620,52860,A320,34.1,TianjinAirlines,16R,213,B8066
20180729,GCR7584,ZBTJ,ZLXY,56700,63300,56880,62640,A320,34.1,TianjinAirlines,16R,211,B8066
20180729,GCR7866,ZJHK,ZBTJ,70800,83100,71760,83760,A320,34.1,TianjinAirlines,16R,213,B8069
20180729,CBJ5717,ZGGG,ZBTJ,23700,34500,24120,34560,A321,34.1,BeijingCapitalAirlines,16R,211,B8189
20180729,CBJ5196,ZBTJ,ZJSY,38400,51600,39120,50940,A321,34.1,BeijingCapitalAirlines,16R,211,B8189
20180729,LLJ821,ZBTJ,ZBAA,20400,22200,23100,24480,FA7X,26.21,YalianBusinessJet,16R,876,B8211
20180729,BDJ131,ZBTJ,ZJQH,32400,45000,33540,44760,GLF5,28.5,DeerJet,16R,884,B8255
20180729,CSC8567,ZYHB,ZBTJ,27300,34800,28620,34860,A321,34.1,SichuanAirlines,16R,113,B8378
20180729,CSC8567,ZBTJ,ZLLL,38700,48000,39300,46260,A321,34.1,SichuanAirlines,16R,111,B8378
20180729,CSC8568,ZLLL,ZBTJ,51000,58800,51480,58860,A321,34.1,SichuanAirlines,16R,112,B8378
20180729,CSC8568,ZBTJ,ZYHB,62400,69900,63240,69420,A321,34.1,SichuanAirlines,16R,114,B8378
20180729,GCR7851,ZBTJ,ZSHC,63900,70800,67440,73020,E190,28.72,TianjinAirlines,16R,209,B8381
20180729,GCR7852,ZSHC,ZBTJ,75000,83100,77520,83940,E190,28.72,TianjinAirlines,16R,214,B8381
20180729,CBG8819,ZHYC,ZBTJ,57000,64200,58200,64980,E190,28.72,SPRAY,16R,112,B8388
20180729,CBG8820,ZBTJ,ZHYC,69000,76800,69060,75480,E190,28.72,SPRAY,16R,110,B8388
20180729,GCR7577,ZWWW,ZBTJ,33300,47100,33540,47160,A321,34.1,TianjinAirlines,16R,215,B8389
20180729,GCR7577,ZBTJ,ZYCC,51300,57300,51660,57360,A321,34.1,TianjinAirlines,16R,209,B8389
20180729,GCR7578,ZYCC,ZBTJ,61200,67800,61500,67860,A321,34.1,TianjinAirlines,16R,216,B8389
20180729,GCR7578,ZBTJ,ZWWW,72240,600,76560,88920,A321,34.1,TianjinAirlines,16R,210,B8389
20180729,TBA9877,ZUUU,ZBTJ,21000,30600,22680,31260,A320,34.1,TIBET,16R,112,B8417
20180729,TBA9877,ZBTJ,ZYCC,35400,41400,35880,41400,A320,34.1,TIBET,16R,110,B8417
20180729,TBA9878,ZYCC,ZBTJ,67500,74100,68340,74160,A320,34.1,TIBET,16R,112,B8417
20180729,TBA9878,ZBTJ,ZUUU,77700,2100,78540,86820,A320,34.1,TIBET,16R,114,B8417
20180729,GCR7855,ZBTJ,ZPPP,30300,43500,31920,42420,A332,60.3,TianjinAirlines,16R,212,B8505
20180729,GCR7856,ZPPP,ZBTJ,48300,60000,48780,60180,A332,60.3,TianjinAirlines,16R,212,B8505
20180729,GCR7966,ZUCK,ZBTJ,69300,78300,70320,78360,A332,60.3,TianjinAirlines,16R,212,B8596
20180729,CSC101,ZBTJ,ZUUU,600,10200,9180,16500,A321,34.1,SichuanAirlines,16R,110,B8598
20180729,CSZ9797,ZSQZ,ZBTJ,25500,34500,25560,34560,A320,34.1,ShenzhenAirlines,16R,107,B8633
20180729,CSZ9798,ZBTJ,ZSQZ,38100,48000,38220,46320,A320,34.1,ShenzhenAirlines,16R,203,B8633
20180729,LKE9631,ZUMY,ZBTJ,34800,43800,37860,46080,B738,35.8,LUCKYAIR,16R,211,B8731
20180729,LKE9632,ZBTJ,ZUMY,47400,56400,49500,57720,B738,35.8,LUCKYAIR,16R,211,B8731
20180729,LKE9727,ZUMY,ZBTJ,67800,77100,70020,78060,B738,35.8,LUCKYAIR,16R,214,B8731
20180729,LKE9728,ZBTJ,ZUMY,80700,3300,81840,89040,B738,35.8,LUCKYAIR,16R,210,B8731
20180729,GCR7830,ZBTJ,ZBHH,27600,32700,28320,32100,E190,28.72,TianjinAirlines,16R,208,B8776
20180729,CQH8799,ZBTJ,RJBB,79500,2700,79560,11280,A320,34.1,ShanghaiSpringAirlines,16R,113,B8817
20180729,CQH8800,RJBB,ZBTJ,64500,75900,77700,85980,A320,34.1,ShanghaiSpringAirlines,16R,113,B8817
20180729,UEA2775,ZUUU,ZBTJ,28500,38400,29580,38460,A320,34.1,ChengduAirlines,16R,113,B8877
20180729,UEA2775,ZBTJ,ZBUL,42900,50400,44220,50160,A320,34.1,ChengduAirlines,16R,110,B8877
20180729,UEA2776,ZBUL,ZBTJ,54600,62100,54300,62160,A320,34.1,ChengduAirlines,16R,111,B8877
20180729,UEA2776,ZBTJ,ZUUU,66600,77400,67320,75960,A320,34.1,ChengduAirlines,16R,114,B8877
20180729,CHB6237,ZUCK,ZBTJ,60600,69600,61440,69660,A320,34.1,Westair,16R,215,B8893
20180729,CHB6238,ZBTJ,ZUCK,73200,82800,73560,81360,A320,34.1,Westair,16R,208,B8893
20180729,GCR7906,ZUCK,ZBTJ,26700,36300,27420,36360,A320,34.1,TianjinAirlines,16R,213,B8952
20180729,GCR7895,ZBTJ,ZGGG,41700,52800,43080,52140,A320,34.1,TianjinAirlines,16R,211,B8952
20180729,GCR7896,ZGGG,ZBTJ,57300,68700,59460,68760,A320,34.1,TianjinAirlines,16R,213,B8952
20180729,GCR7905,ZBTJ,ZUCK,75000,84600,75360,83460,A320,34.1,TianjinAirlines,16R,208,B8952
20180728,GCR7902,ZLXY,ZBTJ,-3000,-83100,-1200,4260,E190,28.72,TianjinAirlines,16R,213,B8953
20180729,GCR7993,ZBTJ,RKSI,29400,34200,30240,35040,A320,34.1,TianjinAirlines,16R,209,B8953
20180729,GCR7994,RKSI,ZBTJ,38700,44700,40020,44760,A320,34.1,TianjinAirlines,16R,215,B8953
20180729,GCR7875,ZBTJ,ZLXY,48900,55800,49800,55620,A320,34.1,TianjinAirlines,16R,208,B8953
20180729,DKH1136,ZYBS,ZBTJ,44100,51300,44340,51360,A321,34.1,ShanghaiJuneyaoAirlines,16R,112,B8955
20180729,DKH1136,ZBTJ,ZSPD,55200,63000,55320,61320,A321,34.1,ShanghaiJuneyaoAirlines,16R,111,B8955
20180729,GCR7889,ZBTJ,ZSAM,33900,43500,35280,43200,A332,60.3,TianjinAirlines,16R,212,B8959
20180729,GCR7890,ZSAM,ZBTJ,48000,58500,48840,58500,A332,60.3,TianjinAirlines,16R,212,B8959
20180729,GCR7957,ZBTJ,ZUCK,73020,81900,73740,81720,A332,60.3,TianjinAirlines,16R,212,B8959
20180729,CSC8861,ZUUU,ZBTJ,66000,75900,66360,75960,A320,34.1,SichuanAirlines,16R,111,B8960
20180729,CSC8862,ZBTJ,ZUUU,79500,3900,80460,89040,A320,34.1,SichuanAirlines,16R,116,B8960
20180729,QDA6003,ZYCC,ZBTJ,25500,32100,25440,32160,A320,34.1,SKYLEGEND,16R,110,B8986
20180729,QDA6003,ZBTJ,ZGNN,36000,48600,36660,47160,A320,34.1,SKYLEGEND,16R,114,B8986
20180729,QDA6004,ZGNN,ZBTJ,51600,64500,52380,64560,A320,34.1,SKYLEGEND,16R,111,B8986
20180729,QDA6004,ZBTJ,ZYCC,72300,78600,72480,78300,A320,34.1,SKYLEGEND,16R,111,B8986
20180729,CSN6579,ZYTL,ZBTJ,26700,30600,26640,30660,A320,34.1,ChinaSouthernAirlines,16R,217,B9916
20180729,CSN6579,ZBTJ,ZUCK,34200,44100,34980,42900,A320,34.1,ChinaSouthernAirlines,16R,218,B9916
20180729,CSN6580,ZUCK,ZBTJ,47700,56100,48240,56340,A320,34.1,ChinaSouthernAirlines,16R,220,B9916
20180729,CSN6580,ZBTJ,ZYTL,60000,64200,60000,62760,A320,34.1,ChinaSouthernAirlines,16R,220,B9916
20180729,CSC8353,ZBTJ,ZSCN,32100,39600,33060,39180,A320,34.1,SichuanAirlines,16R,111,B9935
20180729,CSC8354,ZSCN,ZBTJ,61500,69600,64680,70920,A320,34.1,SichuanAirlines,16R,113,B9935
20180729,GCR6511,ZHHH,ZBTJ,36300,42600,37200,42660,A320,34.1,TianjinAirlines,16R,213,B9948
20180729,GCR6512,ZBTJ,ZHHH,49200,54600,49260,54120,A320,34.1,TianjinAirlines,16R,209,B9948
20180728,CRK362,VHHH,ZBTJ,-11100,-600,-4020,5520,A333,60.3,HongKongAirlines,16R,105,BLHA
20180729,CRK363,ZBTJ,VHHH,27900,37800,27960,38340,A332,60.3,HongKongAirlines,16R,101,BLHA
20180729,CRK362,VHHH,ZBTJ,75300,85800,76200,86100,A333,60.3,HongKongAirlines,16R,105,BLHB
20180729,AAR997,RKSI,ZBTJ,59100,65400,59700,65460,B763,47.57,AsianaAirways,16R,103,HL7507
20180729,AAR998,ZBTJ,RKSI,73200,79500,73320,78060,B763,47.57,AsianaAirways,16R,101,HL7507
20180729,KAL317,RKSI,ZBTJ,42300,48900,43980,48960,B77L,64.8,KoreanAirLines,16R,105,HL7603
20180729,KAL318,ZBTJ,RKSI,57600,63600,57660,63660,B77L,64.8,KoreanAirLines,16R,101,HL7603
20180729,KAL863,RKSI,ZBTJ,42000,48600,43740,48660,B739,34.3,KoreanAirLines,16R,103,HL7717
20180729,KAL864,ZBTJ,RKSI,52800,59400,53640,60240,B739,34.3,KoreanAirLines,16R,101,HL7717
20180729,AAR327,RKSI,ZBTJ,26700,33000,27060,33060,A321,34.1,AsianaAirways,16R,103,HL7789
20180729,AAR328,ZBTJ,RKSI,36900,43200,37080,41820,A321,34.1,AsianaAirways,16R,101,HL7789
20180729,KAL805,RKSI,ZBTJ,29700,36600,31860,36660,A332,60.3,KoreanAirLines,16R,105,HL8276
20180729,KAL806,ZBTJ,RKSI,40800,47400,42060,48660,A332,60.3,KoreanAirLines,16R,101,HL8276
20180728,TLM962,VTBD,ZBTJ,-21600,-6000,-15780,600,A333,60.3,ThaiLionAir,16R,105,HSLAI
20180729,NCT880,VTBD,ZBTJ,44400,61200,44640,61260,B772,60.9,NokScoot,16R,105,HSXBA
20180729,NCT879,ZBTJ,VTBD,65700,82800,67020,84120,B772,60.9,NokScoot,16R,101,HSXBA
20180729,SJO103Y,RJAA,ZBTJ,42900,56100,47160,57120,B738,35.8,SpringJapan,16R,103,JA05GR
20180729,SJO103X,ZBTJ,RJAA,60120,71700,64920,76920,B738,35.8,SpringJapan,16R,103,JA05GR
20180729,JAL841,RJGG,ZBTJ,35100,46200,46500,54960,B738,35.8,JapanAirlines,16R,104,JA305J
20180729,JAL840,ZBTJ,RJGG,50400,62400,59520,71520,B738,35.8,JapanAirlines,16R,101,JA305J
20180729,JAL840D,ZBTJ,RJGG,27000,36900,29340,39240,B738,35.8,JapanAirlines,16R,102,JA321J
20180729,ANA8413,RJAA,ZBTJ,30000,43500,33000,43560,B763,47.57,AllNipponAirways,16R,104,JA8323
20180729,ANA8413,ZBTJ,ZYTL,48900,52800,49680,52440,B763,47.57,AllNipponAirways,16R,104,JA8323
20180729,N351VJ,ZBTJ,ZBLA,36600,45000,42240,49680,CL35,21.0,VistaJet,16R,876,N351VJ
20180729,LNI2657,WADD,ZBTJ,61500,300,61380,86280,B38M,35.9,PTLionMentariAirlines,16R,103,PKLQM
20180729,HVN488,VVDN,ZBTJ,61200,77400,65700,79800,A321,34.1,VientnamAirlines,16R,101,VNA349
20180729,HVN489,ZBTJ,VVDN,81600,8700,85320,99120,A321,34.1,VientnamAirlines,16R,101,VNA349
20180729,VJC5320,VVCR,ZBTJ,44700,60900,45300,60960,A321,34.1,VietJet,16R,103,VNA642
20180729,VJC5321,ZBTJ,VVCR,65100,81600,66060,81540,A321,34.1,VietJet,16R,102,VNA642
20180729,ABW685,ZBTJ,ZHCC,33600,37560,34560,39480,B744,64.4,AirBridgeCargoAirlines,16R,875,VQBI
