data,callsign,departure,arrivee,TTOT,TLDT,ATOT,ALDT,Type,Wingspan,Airline,QFU,Parking,registration,changing times,remote numbers,delay
20180929,MXD688,WBKK,ZBTJ,68100,300,67560,84960,B738,35.8,MalindoAir,16L,103,9MLNC,168.0,5.0,
20180929,TGW139,ZBTJ,WSSS,33600,55200,40620,0,B789,60.0,SCOOTER,16R,101,9VOJC,,,
20180929,TGW138,WSSS,ZBTJ,5700,27000,7560,27780,B789,60.0,SCOOTER,16L,105,9VOJC,,,
20180929,CBJ5717,ZGGG,ZBTJ,23700,34500,25800,35100,A321,34.1,BeijingCapitalAirlines,16L,214,B1013,,,
20180929,CBJ5196,ZBTJ,ZJSY,38400,51600,43140,56100,A321,34.1,BeijingCapitalAirlines,16R,210,B1013,,,
20180929,CBJ5195,ZJSY,ZBTJ,61800,75300,62520,75480,A321,34.1,BeijingCapitalAirlines,16L,209,B1013,,,
20180929,CBJ5718,ZBTJ,ZGGG,78900,89700,85800,95760,A321,34.1,BeijingCapitalAirlines,16R,209,B1013,,,
20180928,CGH1029,ZGKL,ZBTJ,-16800,-6600,-7800,780,A320,34.1,GuizhouAirlines,16L,110,B1032,,,
20180929,CSC306,UNNT,ZBTJ,30600,45000,33540,48600,A321,34.1,SichuanAirlines,16L,110,B1055,,,
20180929,CES5643,ZSSS,ZBTJ,41100,49200,41520,48180,A320,34.1,ChinaEasternAirlines,16L,215,B1076,,,
20180929,CES5643,ZBTJ,ZBUL,53700,61200,54660,61080,A320,34.1,ChinaEasternAirlines,16R,218,B1076,,,
20180929,CES5644,ZBUL,ZBTJ,64800,72000,65460,72120,A320,34.1,ChinaEasternAirlines,16L,215,B1076,,,
20180929,CES5644,ZBTJ,ZSSS,76200,83400,79380,86100,A320,34.1,ChinaEasternAirlines,16R,219,B1076,,,
20180928,CSN1155,PGSN,ZBTJ,-16200,3000,-17100,2460,B738,35.8,ChinaSouthernAirlines,16L,220,B1155,,,
20180928,CCA1320,ZGSZ,ZBTJ,-17400,-6300,-2220,6780,B737,35.8,AirChina,16L,202,B1218,,,
20180929,CCA8291,ZBTJ,ZLIC,31800,39900,33240,40440,B738,35.8,AirChina,16R,117,B1218,,,
20180929,CCA8292,ZLIC,ZBTJ,42900,50700,44220,50340,B738,35.8,AirChina,16L,202,B1218,,,
20180929,CCA1401,ZBTJ,ZPPP,56400,69300,56820,68400,B738,35.8,AirChina,16R,109,B1218,,,
20180929,CCA1402,ZPPP,ZBTJ,73200,84900,73320,83280,B738,35.8,AirChina,16L,202,B1218,,,
20180929,CCA1533,ZBTJ,ZSSS,28800,35700,30180,36240,B738,35.8,AirChina,16R,109,B1219,,,
20180929,CCA1534,ZSSS,ZBTJ,39300,47400,40140,47160,B738,35.8,AirChina,16L,201,B1219,,,
20180929,CCA1387,ZBTJ,ZGGG,53400,64800,55620,65820,B738,35.8,AirChina,16R,108,B1219,,,
20180929,CCA1388,ZGGG,ZBTJ,69000,80700,71280,80460,B738,35.8,AirChina,16L,202,B1219,,,
20180929,OKA2990,RJTT,ZBTJ,10800,20700,9120,21120,B739,34.3,OkayAirways,16L,222,B1291,,,
20180929,OKA2851,ZBTJ,ZUUU,42300,53100,43560,53280,B739,34.3,OkayAirways,16R,224,B1291,,,
20180929,OKA2852,ZUUU,ZBTJ,57300,66300,58500,66600,B739,34.3,OkayAirways,16L,222,B1291,,,
20180929,OKA2788,ZBTJ,ZGGG,78300,89700,83040,93240,B739,34.3,OkayAirways,16R,224,B1291,,,
20180929,CSN3301,ZGGG,ZBTJ,38700,50400,40200,51000,B738,35.8,ChinaSouthernAirlines,16L,221,B1298,,,
20180929,CSN3302,ZBTJ,ZGGG,54000,65100,61800,71820,B738,35.8,ChinaSouthernAirlines,16R,217,B1298,,,
20180929,CUA2217,ZBTJ,ZSSS,24600,32400,27300,33120,B738,35.8,LIANHANG,16R,110,B1311,,,
20180929,CSH9115,ZSSS,ZBTJ,36300,44100,37380,44340,B738,35.8,ShanghaiAirlines,16L,218,B1335,,,
20180929,CSH9116,ZBTJ,ZSSS,48780,55800,49620,56160,B738,35.8,ShanghaiAirlines,16R,219,B1335,,,
20180929,CDG4717,ZSQD,ZBTJ,25200,30000,25800,28920,B738,35.8,shandongAirlines,16L,201,B1358,,,
20180929,CDG4717,ZBTJ,ZBHH,33600,39000,34560,39240,B738,35.8,shandongAirlines,16R,108,B1358,,,
20180929,CDG4718,ZBHH,ZBTJ,42900,48000,43260,47340,B738,35.8,shandongAirlines,16L,118,B1358,,,
20180929,CDG4718,ZBTJ,ZSQD,51900,55800,51660,54540,B738,35.8,shandongAirlines,16R,109,B1358,,,
20180929,CXA8139,ZBTJ,ZSAM,26700,36600,31020,39960,B738,35.8,XiamenAirlines,16R,226,B1369,,,
20180929,CSH9147,ZSSS,ZBTJ,29700,37500,31140,37860,B38M,35.9,ShanghaiAirlines,16L,219,B1381,,,
20180929,CSH9148,ZBTJ,ZSSS,41700,49800,44340,50340,B38M,35.9,ShanghaiAirlines,16R,218,B1381,,,
20180929,CCA1317,ZBTJ,ZGGG,27600,39000,29160,39120,B738,35.8,AirChina,16R,203,B1418,,,
20180929,CCA1318,ZGGG,ZBTJ,42900,54600,44880,54240,B738,35.8,AirChina,16L,201,B1418,,,
20180929,CCA8353,ZBTJ,ZYCC,58200,64800,58920,64500,B738,35.8,AirChina,16R,108,B1418,,,
20180929,CCA8354,ZYCC,ZBTJ,68400,75600,68760,75000,B738,35.8,AirChina,16L,117,B1418,,,
20180929,OKA2819,ZBTJ,ZGKL,28200,38100,31500,40380,B38M,35.9,OkayAirways,16R,223,B1485,,,
20180929,OKA2820,ZGKL,ZBTJ,41700,51600,44400,53460,B38M,35.9,OkayAirways,16L,223,B1485,,,
20180929,OKA2825,ZBTJ,ZSHC,68400,75300,68700,74340,B38M,35.9,OkayAirways,16R,224,B1485,,,
20180929,CHH7497,ZYTL,ZBTJ,30600,34500,30960,34260,B738,35.8,HainanAirlines,16L,211,B1487,,,
20180929,CHH7498,ZBTJ,ZYTL,38100,42000,38820,41880,B738,35.8,HainanAirlines,16R,211,B1487,,,
20180929,CHH7049,ZJHK,ZBTJ,41700,54600,42960,55620,B738,35.8,HainanAirlines,16L,209,B1490,,,
20180929,CHH7050,ZBTJ,ZJHK,63300,77700,63240,75600,B738,35.8,HainanAirlines,16R,209,B1490,,,
20180929,CHH7202,ZGGG,ZBTJ,55800,66900,56760,66180,B738,35.8,HainanAirlines,16L,209,B1491,,,
20180929,CHH7201,ZBTJ,ZGGG,74100,85500,75540,85740,B738,35.8,HainanAirlines,16R,211,B1491,,,
20180929,OKA2945,ZBTJ,ZGSZ,27900,40200,33000,43620,B739,34.3,OkayAirways,16R,223,B1522,,,
20180929,OKA2946,ZGSZ,ZBTJ,62400,74100,66600,76500,B739,34.3,OkayAirways,16L,223,B1522,,,
20180928,CCA1388,ZGGG,ZBTJ,-17400,-5700,-3780,4860,B738,35.8,AirChina,16L,201,B1526,,,
20180929,CCA1417,ZBTJ,ZUGY,34200,44700,39720,49860,B738,35.8,AirChina,16R,107,B1526,,,
20180929,CCA1418,ZUGY,ZBTJ,47700,57900,55020,64200,B738,35.8,AirChina,16L,201,B1526,,,
20180929,CCA1259,ZBTJ,ZUGY,61500,71700,68040,78000,B738,35.8,AirChina,16R,109,B1526,,,
20180929,CCA1663,ZBTJ,ZSWH,28500,33600,29280,32820,B738,35.8,AirChina,16R,108,B1528,,,
20180929,CCA1664,ZSWH,ZBTJ,38400,42600,38820,41940,B738,35.8,AirChina,16L,203,B1528,,,
20180929,CCA1441,ZBTJ,ZBYN,47100,52200,48900,52680,B738,35.8,AirChina,16R,109,B1528,,,
20180929,CCA1442,ZBYN,ZBTJ,75000,79500,78540,82200,B738,35.8,AirChina,16L,201,B1528,,,
20180928,CXA8304,ZGHA,ZBTJ,-11100,-2100,600,7380,B738,35.8,XiamenAirlines,16L,226,B1550,,,
20180929,CXA8143,ZBTJ,ZSQZ,25200,36000,28740,37260,B738,35.8,XiamenAirlines,16R,226,B1550,,,
20180929,CXA8144,ZSQZ,ZBTJ,61800,72300,71040,79320,B738,35.8,XiamenAirlines,16L,227,B1550,,,
20180929,CXA8126,ZBTJ,ZSAM,75600,86100,83460,91680,B738,35.8,XiamenAirlines,16R,226,B1550,,,
20180929,CUA2218,ZSSS,ZBTJ,70200,78000,71880,77940,B738,35.8,LIANHANG,16L,112,B1572,,,
20180929,OKA2787,ZGGG,ZBTJ,24900,35700,25680,36300,B739,34.3,OkayAirways,16L,222,B1581,,,
20180929,OKA3083,ZBTJ,ZGKL,41700,53100,44760,54480,B739,34.3,OkayAirways,16R,223,B1581,,,
20180929,OKA3084,ZGKL,ZBTJ,64200,74700,64740,74100,B739,34.3,OkayAirways,16L,223,B1581,,,
20180929,OKA2989,ZBTJ,RJTT,79620,93600,79740,86400,B739,34.3,OkayAirways,16R,223,B1581,,,
20180929,GCR7993,ZBTJ,RKSI,30600,34200,30720,0,A320,34.1,TianjinAirlines,16R,211,B1618,,,
20180929,GCR7994,RKSI,ZBTJ,38700,44700,39900,45180,A320,34.1,TianjinAirlines,16L,211,B1618,,,
20180929,GCR7897,ZBTJ,ZUCK,50700,60000,53100,61680,A320,34.1,TianjinAirlines,16R,208,B1618,,,
20180929,GCR7898,ZUCK,ZBTJ,63600,72900,65220,72300,A320,34.1,TianjinAirlines,16L,214,B1618,,,
20180929,GCR7905,ZBTJ,ZUCK,76800,86100,77400,87420,A321,34.1,TianjinAirlines,16R,210,B1618,,,
20180929,GCR6510,ZBTJ,ZJSY,33900,47100,34620,47580,A320,34.1,TianjinAirlines,16R,210,B1619,,,
20180929,GCR7584,ZYHB,ZBTJ,45000,52800,46020,53880,A320,34.1,TianjinAirlines,16L,209,B1619,,,
20180929,GCR7584,ZBTJ,ZLXY,56700,63300,59460,65820,A320,34.1,TianjinAirlines,16R,210,B1619,,,
20180929,CXA8277,ZSFZ,ZBTJ,58200,68100,63060,71940,B738,35.8,XiamenAirlines,16L,225,B1707,,,
20180929,CXA8277,ZBTJ,ZWWW,74300,87000,76680,91020,B738,35.8,XiamenAirlines,16R,225,B1707,,,
20180929,CXA8470,ZUCK,ZBTJ,37800,46200,37680,45360,B738,35.8,XiamenAirlines,16L,230,B1749,,,
20180929,CXA867,ZBTJ,ZSAM,49800,59400,51000,59880,B738,35.8,XiamenAirlines,16R,225,B1749,,,
20180928,CCA8276,ZSWZ,ZBTJ,-11100,-2400,-7500,360,B737,35.8,AirChina,16L,201,B1762,,,
20180929,CCA103,ZBTJ,VHHH,30300,42600,40980,52020,B738,35.8,AirChina,16R,108,B1762,,,
20180929,CCA104,VHHH,ZBTJ,46200,58500,57900,67920,B738,35.8,AirChina,16L,203,B1762,,,
20180929,CCA1677,ZBTJ,ZYHB,69900,77400,74460,80340,B738,35.8,AirChina,16R,109,B1762,,,
20180928,CES5751,ZPPP,ZBTJ,-9600,-84600,-7380,2700,B738,35.8,ChinaEasternAirlines,16L,216,B1788,,,
20180929,CES5752,ZBTJ,ZPPP,32400,45300,35100,47160,B738,35.8,ChinaEasternAirlines,16R,218,B1788,,,
20180929,CSN6687,ZSCN,ZBTJ,37200,45600,38640,46200,A320,34.1,ChinaSouthernAirlines,16L,221,B1847,,,
20180929,CSN6688,ZBTJ,ZSCN,49200,57600,50340,57060,A320,34.1,ChinaSouthernAirlines,16R,220,B1847,,,
20180929,CSC8357,ZBTJ,ZJHK,24900,39000,28500,39960,A321,34.1,SichuanAirlines,16R,111,B1891,,,
20180929,CSC8358,ZJHK,ZBTJ,42300,55500,44760,56880,A321,34.1,SichuanAirlines,16L,110,B1891,,,
20180929,CSC8809,ZBTJ,ZUCK,61800,71700,62520,70680,A321,34.1,SichuanAirlines,16R,114,B1891,,,
20180929,FZA6569,ZSLY,ZBTJ,37800,42600,38340,42780,B738,35.8,STRAITAIR,16L,214,B1906,,,
20180929,FZA6570,ZBTJ,ZSLY,46200,50700,47880,51420,B738,35.8,STRAITAIR,16R,208,B1906,,,
20180929,CES5747,ZPPP,ZBTJ,34500,46500,35160,45780,B738,35.8,ChinaEasternAirlines,16L,217,B1907,,,
20180929,CES5748,ZBTJ,ZPPP,50700,64800,53700,65640,B738,35.8,ChinaEasternAirlines,16R,217,B1907,,,
20180929,OKA2907,ZGNN,ZBTJ,27000,39300,27600,38460,B738,35.8,OkayAirways,16L,222,B1962,,,
20180929,OKA2965,ZBTJ,ZLXN,44100,53400,44460,53880,B738,35.8,OkayAirways,16R,226,B1962,,,
20180929,OKA3103,ZBTJ,ZGSZ,39600,50700,47100,57840,B738,35.8,OkayAirways,16R,223,B1963,,,
20180929,OKA3104,ZGSZ,ZBTJ,60600,69400,62340,71760,B738,35.8,OkayAirways,16L,223,B1963,,,
20180929,OKA2908,ZBTJ,ZGNN,74900,86100,78780,89580,B738,35.8,OkayAirways,16R,224,B1963,,,
20180929,OKA2701,ZBTJ,ZSLG,26400,32100,29580,33480,B738,35.8,OkayAirways,16R,224,B206E,,,
20180929,OKA2702,ZSLG,ZBTJ,65400,70800,68640,72900,B738,35.8,OkayAirways,16L,222,B206E,,,
20180929,CHH7797,ZSCN,ZBTJ,58200,66000,60600,67680,B738,35.8,HainanAirlines,16L,214,B206H,,,
20180929,CHH7798,ZBTJ,ZSCN,69600,77100,71460,77580,B738,35.8,HainanAirlines,16R,208,B206H,,,
20180929,CSC8045,ZPPP,ZBTJ,63600,76200,66360,76740,A319,34.09,SichuanAirlines,16L,112,B2300,,,
20180929,CSC8046,ZBTJ,ZPPP,79800,92400,84720,95760,A319,34.09,SichuanAirlines,16R,110,B2300,,,
20180929,YZR7492,PANC,ZBTJ,48900,79200,17760,47700,B744,64.4,YangtzeRiverExpress,16L,912,B2432,,,
20180929,YZR749X,ZBTJ,ZSPD,52200,59400,55860,61800,B744,64.4,YangtzeRiverExpress,16R,875,B2432,,,
20180929,LHA4015,ZSNT,ZBTJ,8100,14400,8220,13560,B733,28.3,LonghaoAirlines,16L,906,B2572,,,
20180929,LHA4016,ZBTJ,ZSNT,17400,24000,16980,22800,B733,28.3,LonghaoAirlines,16R,906,B2572,,,
20180929,CTJ3801,ZBTJ,ZGSZ,300,11700,3780,13920,B733,28.3,TianjinAirCargo,16R,876,B2576,,,
20180929,CTJ3802,ZGSZ,ZBTJ,15900,27300,47280,57360,B733,28.3,TianjinAirCargo,16L,897,B2576,,,
20180929,CSN3168,ZHHH,ZBTJ,57900,64500,58560,64560,B738,35.8,ChinaSouthernAirlines,16L,221,B2695,,,
20180929,CSN3167,ZBTJ,ZHHH,68700,75600,68820,74460,B738,35.8,ChinaSouthernAirlines,16R,217,B2695,,,
20180929,CHH7960,CYVR,ZBTJ,9000,51300,9840,48780,B788,60.0,HainanAirlines,16L,418,B2759,,,
20180929,CHH7960,ZBTJ,ZGSZ,60900,72300,69300,79140,B788,60.0,HainanAirlines,16R,415,B2759,,,
20180929,CYZ9101,ZBTJ,ZSNJ,1500,7800,1140,5760,B752,38.05,ChinaPost,16R,876,B2824,,,
20180929,CYZ9102,ZSJN,ZBTJ,32400,35340,32940,36060,B752,38.05,ChinaPost,16L,912,B2824,,,
20180929,CYZ9111,ZBTJ,ZLLL,33300,42300,41160,49500,B752,38.05,ChinaPost,16R,876,B2824,,,
20180929,CYZ9112,ZLLL,ZBTJ,77400,84900,76140,82740,B752,38.05,ChinaPost,16L,897,B2824,,,
20180928,HXA2841,ZBOW,ZBTJ,-300,5100,1500,5640,CRJ9,23.2,Chinaexpressair,16L,601,B2928,,,
20180929,HXA2925,ZBTJ,ZYTL,47100,50700,48000,50760,CRJ9,23.2,Chinaexpressair,16R,603,B2928,,,
20180929,HXA2926,ZYTL,ZBTJ,75300,79200,75660,78780,CRJ9,23.2,Chinaexpressair,16L,601,B2928,,,
20180929,CES5439,ZSSS,ZBTJ,49800,57900,50340,57060,A320,34.1,ChinaEasternAirlines,16L,219,B300R,,,
20180929,CES5440,ZBTJ,ZSSS,62100,68700,62880,69480,A320,34.1,ChinaEasternAirlines,16R,216,B300R,,,
20180928,GCR7876,ZLXY,ZBTJ,-3000,3300,1200,6420,A320,34.1,TianjinAirlines,16L,211,B300S,,,
20180929,GCR7991,ZBTJ,RKPC,28800,36300,31200,38220,A320,34.1,TianjinAirlines,16R,208,B300S,,,
20180929,GCR7992,RKPC,ZBTJ,40200,48000,42060,48420,A320,34.1,TianjinAirlines,16L,214,B300S,,,
20180929,GCR7811,ZBTJ,ZSWZ,62700,71700,63120,69840,A320,34.1,TianjinAirlines,16R,210,B300S,,,
20180929,GCR7866,ZJHK,ZBTJ,70800,84000,73800,86340,A320,34.1,TianjinAirlines,16L,211,B300T,,,
20180929,GCR7883,ZBTJ,ZSSS,29100,36300,32760,38640,A320,34.1,TianjinAirlines,16R,210,B300T,,,
20180929,GCR7884,ZSSS,ZBTJ,40800,48600,42840,49080,A320,34.1,TianjinAirlines,16L,213,B300T,,,
20180929,GCR7865,ZBTJ,ZJHK,54300,66300,53280,65700,A320,34.1,TianjinAirlines,16R,210,B300T,,,
20180929,CSN301G,UACC,ZBTJ,600,18600,8400,28200,A320,34.1,ChinaSouthernAirlines,16L,220,B301G,,,
20180929,CES599,ZBTJ,ZSPD,300,7200,37380,43560,B738,35.8,ChinaEasternAirlines,16R,219,B3028,,,
20180929,GCR7977,ZBTJ,RJBB,30900,39900,32160,0,A333,60.3,TianjinAirlines,16R,212,B302D,,,
20180929,GCR7989,ZBTJ,RJTT,73500,83100,76320,0,A333,60.3,TianjinAirlines,16R,415,B302D,,,
20180929,GCR7978,RJBB,ZBTJ,44400,55200,47220,56400,A333,60.3,TianjinAirlines,16L,418,B302D,,,
20180929,CBJ302U,UACC,ZBTJ,4200,21300,20820,38100,A321,34.1,BeijingCapitalAirlines,16L,213,B302U,,,
20180929,GCR7855,ZBTJ,ZPPP,30300,43500,34440,45900,A321,34.1,TianjinAirlines,16R,211,B302X,,,
20180929,GCR7856,ZPPP,ZBTJ,48300,60000,50220,60480,A321,34.1,TianjinAirlines,16L,214,B302X,,,
20180929,GCR7851,ZBTJ,ZSHC,63900,70800,65040,70560,A333,60.3,TianjinAirlines,16R,414,B302X,,,
20180929,GCR7852,ZSHC,ZBTJ,75000,83100,76620,83040,A333,60.3,TianjinAirlines,16L,212,B302X,,,
20180929,GCR7826,ZYTL,ZBTJ,61200,64800,63360,66960,E190,28.72,TianjinAirlines,16L,211,B3117,,,
20180929,GCR7825,ZBTJ,ZYTL,68280,72600,70980,74100,E190,28.72,TianjinAirlines,16R,210,B3117,,,
20180929,GCR780T,ZSNB,ZBTJ,50400,57600,51840,59220,E190,28.72,TianjinAirlines,16L,213,B3127,,,
20180929,HXA2901,ZBUC,ZBTJ,67800,71700,67740,71400,CRJ9,23.2,Chinaexpressair,16L,602,B3142,,,
20180929,HXA2902,ZBTJ,ZBUC,75000,79800,77040,80760,CRJ9,23.2,Chinaexpressair,16R,602,B3142,,,
20180929,GCR7911,ZBTJ,ZBCF,30000,34800,30900,34440,E190,28.72,TianjinAirlines,16R,205,B3152,,,
20180929,GCR7912,ZBCF,ZBTJ,38700,43500,38580,42600,E190,28.72,TianjinAirlines,16L,211,B3152,,,
20180929,GCR7921,ZBTJ,ZSYT,50100,54600,50220,53040,E190,28.72,TianjinAirlines,16R,209,B3152,,,
20180929,GCR7922,ZSYT,ZBTJ,57000,61800,57240,60300,E190,28.72,TianjinAirlines,16L,215,B3152,,,
20180929,GCR7853,ZBTJ,ZSHC,29700,36600,30360,36540,E190,28.72,TianjinAirlines,16R,206,B3155,,,
20180929,GCR7854,ZSHC,ZBTJ,60300,68400,60480,67800,E190,28.72,TianjinAirlines,16L,210,B3155,,,
20180929,GCR7805,ZBTJ,ZSNB,71700,78900,71460,78060,E190,28.72,TianjinAirlines,16R,205,B3155,,,
20180929,CBG8854,ZBTJ,ZGCD,53400,61800,60900,68580,E190,28.72,SPRAY,16R,110,B3157,,,
20180929,GCR7833,ZBTJ,ZBTL,29100,35100,31680,36900,E190,28.72,TianjinAirlines,16R,209,B3160,,,
20180929,GCR7834,ZBTL,ZBTJ,50400,56100,49740,54720,E190,28.72,TianjinAirlines,16L,213,B3160,,,
20180929,GCR6657,ZBTJ,ZBHH,64800,69900,66300,70260,E190,28.72,TianjinAirlines,16R,211,B3160,,,
20180929,GCR6657,ZYTL,ZBTJ,73500,77100,74820,77640,E190,28.72,TianjinAirlines,16L,213,B3160,,,
20180929,GCR7581,ZLXY,ZBTJ,50700,57000,52140,57720,E190,28.72,TianjinAirlines,16L,206,B3161,,,
20180929,GCR7581,ZBTJ,ZBXH,60300,66000,61620,65580,E190,28.72,TianjinAirlines,16R,206,B3161,,,
20180929,GCR7582,ZBXH,ZBTJ,69000,73500,69120,73080,E190,28.72,TianjinAirlines,16L,209,B3161,,,
20180929,GCR7582,ZBTJ,ZLXY,77100,84300,77940,84480,E190,28.72,TianjinAirlines,16R,206,B3161,,,
20180929,GCR6658,ZYTL,ZBTJ,64800,69300,68100,71220,E190,28.72,TianjinAirlines,16L,211,B3168,,,
20180929,GCR6658,ZBTJ,ZBHH,73500,78600,76080,80460,E190,28.72,TianjinAirlines,16R,210,B3168,,,
20180929,CBG8819,ZHYC,ZBTJ,38400,45600,42420,50400,E190,28.72,SPRAY,16L,112,B3172,,,
20180929,CBG8820,ZBTJ,ZHYC,49200,57000,54060,60780,E190,28.72,SPRAY,16R,112,B3172,,,
20180929,CBG8851,ZHNY,ZBTJ,58200,64200,60720,66060,E190,28.72,SPRAY,16L,113,B3180,,,
20180929,CBG8852,ZBTJ,ZHNY,69000,75600,69660,74520,E190,28.72,SPRAY,16R,113,B3180,,,
20180929,GCR7830,ZBTJ,ZBHH,43200,48300,44100,48600,E190,28.72,TianjinAirlines,16R,208,B3182,,,
20180929,GCR7829,ZBHH,ZBTJ,70800,75900,71700,75960,E190,28.72,TianjinAirlines,16L,213,B3190,,,
20180929,CSN3135,ZGGG,ZBTJ,56700,67800,57540,67320,E190,28.72,ChinaSouthernAirlines,16L,221,B3206,,,
20180929,CSN3136,ZBTJ,ZGGG,71400,82500,72300,83040,E190,28.72,ChinaSouthernAirlines,16R,217,B3206,,,
20180929,HXA2913,ZBTJ,ZGDY,40200,49200,49020,57420,CRJ9,23.2,Chinaexpressair,16R,601,B3227,,,
20180929,HXA2914,ZGDY,ZBTJ,69300,77400,72120,79920,CRJ9,23.2,Chinaexpressair,16L,601,B3227,,,
20180929,GCR7903,ZBTJ,ZGHY,31500,40800,42600,51720,E190,28.72,TianjinAirlines,16R,211,B3235,,,
20180929,GCR7904,ZGHY,ZBTJ,60000,68700,70080,78360,E190,28.72,TianjinAirlines,16L,209,B3235,,,
20180929,GCR7815,ZBTJ,ZSQD,27900,31800,28620,32400,E190,28.72,TianjinAirlines,16R,211,B3236,,,
20180929,GCR7816,ZSQD,ZBTJ,55500,60300,57120,60780,E190,28.72,TianjinAirlines,16L,213,B3236,,,
20180929,GCR7849,ZBTJ,ZLXY,64800,72600,65700,72840,E190,28.72,TianjinAirlines,16R,210,B3236,,,
20180929,GCR7850,ZLXY,ZBTJ,75900,82200,76500,82320,E190,28.72,TianjinAirlines,16L,213,B3236,,,
20180928,GCR7868,ZSJN,ZBTJ,-3600,720,-1380,1020,E190,28.72,TianjinAirlines,16L,213,B3243,,,
20180929,GCR7889,ZBTJ,ZSAM,33900,43500,36420,45480,E190,28.72,TianjinAirlines,16R,208,B3243,,,
20180929,GCR7890,ZSAM,ZBTJ,48000,58500,50760,59940,E190,28.72,TianjinAirlines,16L,212,B3243,,,
20180929,GCR7827,ZBTJ,ZBDS,65100,71700,64740,69960,E190,28.72,TianjinAirlines,16R,211,B3243,,,
20180929,GCR6605,ZBHH,ZBTJ,0,0,0,50880,E190,28.72,TianjinAirlines,16L,213,B3247,,,
20180929,GCR6605,ZBTJ,ZBSN,53400,63600,61620,63840,E190,28.72,TianjinAirlines,16R,208,B3247,,,
20180929,GCR7901,ZBTJ,ZLXY,48900,55800,49800,56520,E190,28.72,TianjinAirlines,16R,210,B3257,,,
20180928,GCR7864,ZHHH,ZBTJ,-5100,2100,-1500,4260,A320,34.1,TianjinAirlines,16L,211,B3259,,,
20180929,GCR7929,ZBTJ,ZLXY,27000,33900,37200,43800,E190,28.72,TianjinAirlines,16R,209,B3259,,,
20180929,GCR7930,ZLXY,ZBTJ,62100,69300,67500,73320,E190,28.72,TianjinAirlines,16L,214,B3259,,,
20180929,GCR7828,ZBDS,ZBTJ,55800,61800,64800,69060,E190,28.72,TianjinAirlines,16L,214,B3263,,,
20180929,GCR7867,ZBTJ,ZSRZ,45600,50400,46020,49860,E190,28.72,TianjinAirlines,16R,209,B3267,,,
20180929,GCR7868,ZSRZ,ZBTJ,72600,77700,76200,80700,E190,28.72,TianjinAirlines,16L,213,B3267,,,
20180929,CGZ7101,ZHLY,ZBTJ,61500,66300,61140,65580,E190,28.72,COLORFUL,16L,111,B3285,,,
20180929,CGZ7102,ZBTJ,ZHLY,70200,74700,70260,75000,E190,28.72,COLORFUL,16R,112,B3285,,,
20180929,HXA2771,ZSJG,ZBTJ,41700,45900,41400,45000,CRJ9,23.2,Chinaexpressair,16L,603,B3346,,,
20180929,HXA2669,ZBTJ,ZLGY,54900,61800,55740,62940,CRJ9,23.2,Chinaexpressair,16R,602,B3346,,,
20180929,HXA2670,ZLGY,ZBTJ,74100,80100,75480,81840,CRJ9,23.2,Chinaexpressair,16L,601,B3346,,,
20180929,HXA4323,ZBTJ,ZYQQ,45600,53100,45900,52260,CRJ9,23.2,Chinaexpressair,16R,601,B3371,,,
20180929,HXA4324,ZYQQ,ZBTJ,76200,84000,75840,82860,CRJ9,23.2,Chinaexpressair,16L,601,B3371,,,
20180929,HXA2905,ZBTJ,ZLTS,26400,34500,29400,37020,CRJ9,23.2,Chinaexpressair,16R,601,B3379,,,
20180929,HXA2906,ZLTS,ZBTJ,36900,44100,39600,46440,CRJ9,23.2,Chinaexpressair,16L,602,B3379,,,
20180929,HXA2871,ZBTJ,ZYCY,51600,56400,51780,55020,CRJ9,23.2,Chinaexpressair,16R,602,B3379,,,
20180929,HXA2872,ZYCY,ZBTJ,58800,64500,58320,61680,CRJ9,23.2,Chinaexpressair,16L,602,B3379,,,
20180929,HXA2772,ZBTJ,ZSJG,73800,78000,74100,77520,CRJ9,23.2,Chinaexpressair,16R,602,B3379,,,
20180929,JOY1601,ZBTJ,ZBSJ,23100,27300,23100,26640,MA60,29.2,Joyair,16R,501,B3453,,,
20180929,JOY1602,ZBSJ,ZBTJ,53100,57300,61500,64800,MA60,29.2,Joyair,16L,501,B3453,,,
20180928,JOY1602,ZBSJ,ZBTJ,-9300,-5100,-1260,1380,MA60,29.2,Joyair,16L,501,B3455,,,
20180929,JOY1595,ZBTJ,ZSYT,30300,35700,31380,35160,MA60,29.2,Joyair,16R,501,B3455,,,
20180929,JOY1596,ZSYT,ZBTJ,37500,42600,38580,42420,MA60,29.2,Joyair,16L,501,B3455,,,
20180929,JOY1655,ZBTJ,ZSYT,54300,60000,55380,58980,MA60,29.2,Joyair,16R,502,B3455,,,
20180929,JOY1656,ZSYT,ZBTJ,67800,73200,68340,72780,MA60,29.2,Joyair,16L,501,B3455,,,
20180929,ICU239,VHHH,ZBTJ,64800,74400,66480,76080,LJ60,13.35,AisaMedical,16L,897,B3935,,,
20180928,CSH9069,ZSPD,ZBTJ,-5100,3300,-3840,2280,B738,35.8,ShanghaiAirlines,16L,219,B5132,,,
20180929,CSH9070,ZBTJ,ZSPD,27600,35400,28380,34440,B738,35.8,ShanghaiAirlines,16R,219,B5132,,,
20180929,CXA8365,ZBTJ,ZGSZ,27000,38400,31920,42060,B738,35.8,XiamenAirlines,16R,225,B5151,,,
20180929,CXA8366,ZGSZ,ZBTJ,42000,53700,46680,56220,B738,35.8,XiamenAirlines,16L,227,B5151,,,
20180929,CXA8469,ZBTJ,ZUCK,60900,70500,61140,69960,B738,35.8,XiamenAirlines,16R,225,B5151,,,
20180929,OKA2719,ZBTJ,ZSYN,37800,43800,39000,43800,B738,35.8,OkayAirways,16R,223,B5181,,,
20180929,OKA2720,ZSYN,ZBTJ,75300,81300,77520,82500,B738,35.8,OkayAirways,16L,222,B5181,,,
20180929,CDG8053,ZSAM,ZBTJ,27000,38400,28020,37440,B737,35.8,shandongAirlines,16L,201,B5206,,,
20180929,CDG8053,ZBTJ,ZBLA,42540,51000,42780,50220,B737,35.8,shandongAirlines,16R,108,B5206,,,
20180929,CDG8054,ZBLA,ZBTJ,67200,76500,66720,75720,B737,35.8,shandongAirlines,16L,201,B5206,,,
20180929,CDG8054,ZBTJ,ZSAM,80400,90300,84600,92940,B737,35.8,shandongAirlines,16R,108,B5206,,,
20180929,CCA8275,ZBTJ,ZSWZ,63600,72600,63360,70740,B737,35.8,AirChina,16R,108,B5211,,,
20180929,CCA8276,ZSWZ,ZBTJ,75300,84000,76380,83880,B737,35.8,AirChina,16L,201,B5211,,,
20180929,CCA1633,ZBTJ,ZHSY,32400,39600,34260,41040,B737,35.8,AirChina,16R,107,B5213,,,
20180929,CCA1634,ZHSY,ZBTJ,42600,49800,44880,51000,B737,35.8,AirChina,16L,203,B5213,,,
20180929,CCA8297,ZBTJ,ZSWY,27900,33900,27840,34980,B737,35.8,AirChina,16R,107,B5227,,,
20180929,CCA8298,ZSWY,ZBTJ,36900,45300,38700,46800,B737,35.8,AirChina,16L,202,B5227,,,
20180929,CCA8287,ZBTJ,ZGHZ,49800,61800,59160,68760,B737,35.8,AirChina,16R,109,B5227,,,
20180929,CCA8288,ZGHZ,ZBTJ,67800,80100,71700,82020,B737,35.8,AirChina,16L,203,B5227,,,
20180929,CSN3335,ZGGG,ZBTJ,25800,36900,26460,36180,E190,28.72,ChinaSouthernAirlines,16L,220,B5236,,,
20180929,CSN3336,ZBTJ,ZGGG,40920,51900,52500,62400,E190,28.72,ChinaSouthernAirlines,16R,220,B5236,,,
20180929,EPA6255,ZSDY,ZBTJ,56700,60000,56760,59400,B738,35.8,DONGHAIAIR,16L,211,B5313,,,
20180929,EPA6256,ZBTJ,ZSDY,63900,67200,64500,67140,B738,35.8,DONGHAIAIR,16R,209,B5313,,,
20180929,CXA868,ZSAM,ZBTJ,55200,65100,55800,64920,B738,35.8,XiamenAirlines,16L,226,B5355,,,
20180929,CXA8551,ZBTJ,ZSSS,69000,75600,69480,75660,B738,35.8,XiamenAirlines,16R,227,B5355,,,
20180929,CSN3133,ZGGG,ZBTJ,30000,41400,31080,40320,B738,35.8,ChinaSouthernAirlines,16L,220,B5356,,,
20180929,CSN3134,ZBTJ,ZGGG,45000,56400,56640,66360,B738,35.8,ChinaSouthernAirlines,16R,218,B5356,,,
20180929,CSZ9799,ZSQZ,ZBTJ,45600,55500,50940,59340,B738,35.8,ShenzhenAirlines,16L,201,B5362,,,
20180929,CSZ9800,ZBTJ,ZSQZ,59100,68400,64140,72780,B738,35.8,ShenzhenAirlines,16R,109,B5362,,,
20180929,OKA2757,ZBTJ,ZGDY,24600,34500,26940,35040,B738,35.8,OkayAirways,16R,223,B5367,,,
20180929,OKA2758,ZGDY,ZBTJ,55500,64200,56400,63540,B738,35.8,OkayAirways,16L,222,B5367,,,
20180929,OKA2735,ZBTJ,ZGHA,76200,85500,80280,87960,B738,35.8,OkayAirways,16R,224,B5367,,,
20180929,CCA1656,ZSPD,ZBTJ,33900,41700,34920,41160,B738,35.8,AirChina,16L,202,B5387,,,
20180929,CCA1395,ZBTJ,ZGGG,64200,75900,68460,78540,B738,35.8,AirChina,16R,108,B5387,,,
20180929,CCA8362,ZGSZ,ZBTJ,30300,42000,50040,59520,B738,35.8,AirChina,16L,202,B5391,,,
20180929,CCA8361,ZBTJ,ZGSZ,64500,77100,70500,80820,B738,35.8,AirChina,16R,107,B5391,,,
20180929,CSH9063,ZSSS,ZBTJ,57300,66000,57360,64020,B738,35.8,ShanghaiAirlines,16L,218,B5395,,,
20180929,CSH9064,ZBTJ,ZSSS,71400,78900,71880,78000,B738,35.8,ShanghaiAirlines,16R,219,B5395,,,
20180928,CCA1390,ZJSY,ZBTJ,-14400,-300,600,12840,B738,35.8,AirChina,16L,202,B5442,,,
20180929,CCA8363,ZBTJ,ZUMT,26100,36900,27180,36840,B738,35.8,AirChina,16R,108,B5442,,,
20180929,CCA8364,ZUMT,ZBTJ,57600,67200,57660,65880,B738,35.8,AirChina,16L,202,B5442,,,
20180929,CCA1678,ZYHB,ZBTJ,28800,36600,28920,36360,B738,35.8,AirChina,16L,202,B5447,,,
20180929,CCA1671,ZBTJ,ZGSZ,42000,54000,49920,60060,B738,35.8,AirChina,16R,108,B5447,,,
20180929,CCA1672,ZGSZ,ZBTJ,57600,68400,64560,74820,B738,35.8,AirChina,16L,202,B5447,,,
20180929,CCA8289,ZBTJ,ZBHH,72600,78000,79140,83040,B738,35.8,AirChina,16R,108,B5447,,,
20180929,CCA750,VTBS,ZBTJ,11100,27900,15360,31200,B738,35.8,AirChina,16L,201,B5485,,,
20180929,CCA1319,ZBTJ,ZGSZ,52500,64200,52860,63360,B737,35.8,AirChina,16R,107,B5485,,,
20180929,CCA1320,ZGSZ,ZBTJ,69000,80100,69240,78540,B737,35.8,AirChina,16L,201,B5485,,,
20180929,CCA171,ZBTJ,RKSI,31800,38700,33120,0,B738,35.8,AirChina,16R,108,B5508,,,
20180929,CCA172,RKSI,ZBTJ,42300,48600,44160,49500,B738,35.8,AirChina,16L,203,B5508,,,
20180929,CCA8277,ZBTJ,ZLXN,57300,66600,57180,65700,B738,35.8,AirChina,16R,108,B5508,,,
20180929,CCA8278,ZLXN,ZBTJ,69900,77700,69420,76500,B738,35.8,AirChina,16L,117,B5508,,,
20180929,CJX8903,ZSCN,ZBTJ,27300,35400,27540,34080,B738,35.8,AIRCRANE,16L,112,B5512,,,
20180929,CJX8904,ZBTJ,ZSCN,39900,46500,40260,47340,B738,35.8,AIRCRANE,16R,110,B5512,,,
20180929,OKA2883,ZLXY,ZBTJ,25200,33000,25740,30780,B738,35.8,OkayAirways,16L,222,B5562,,,
20180929,OKA2931,ZBTJ,ZGHA,37800,47100,45120,53160,B738,35.8,OkayAirways,16R,224,B5562,,,
20180929,OKA2932,ZGHA,ZBTJ,75900,84600,76800,83580,B738,35.8,OkayAirways,16L,222,B5562,,,
20180929,CXA8353,ZBTJ,ZHHH,26700,32100,28980,34920,B738,35.8,XiamenAirlines,16R,227,B5565,,,
20180929,CXA8354,ZHHH,ZBTJ,56100,63600,62040,68220,B738,35.8,XiamenAirlines,16L,225,B5565,,,
20180929,OKA2736,ZGHA,ZBTJ,24000,32100,35820,43140,B738,35.8,OkayAirways,16L,222,B5571,,,
20180929,CCA8290,ZBHH,ZBTJ,28800,34200,31980,35820,B738,35.8,AirChina,16L,203,B5572,,,
20180929,CCA1389,ZBTJ,ZJSY,54000,68400,55080,67800,B738,35.8,AirChina,16R,109,B5572,,,
20180929,CCA1390,ZJSY,ZBTJ,72000,86100,72780,85440,B738,35.8,AirChina,16L,201,B5572,,,
20180929,OKA2903,ZGHA,ZBTJ,38400,46800,39420,46920,B738,35.8,OkayAirways,16L,223,B5575,,,
20180929,OKA2904,ZBTJ,ZGHA,51000,59100,59940,67620,B738,35.8,OkayAirways,16R,224,B5575,,,
20180929,OKA2751,ZBTJ,ZSHC,24600,31800,27540,33180,B738,35.8,OkayAirways,16R,222,B5577,,,
20180929,OKA2752,ZSHC,ZBTJ,74100,82800,77640,84240,B738,35.8,OkayAirways,16L,223,B5577,,,
20180929,OKA2992,ZGHA,ZBTJ,50700,59100,52380,59640,B738,35.8,OkayAirways,16L,222,B5578,,,
20180929,OKA2991,ZBTJ,ZGHA,62700,71100,67440,74460,B738,35.8,OkayAirways,16R,224,B5578,,,
20180929,CHH7791,ZGKL,ZBTJ,39000,48300,44040,53280,B738,35.8,HainanAirlines,16L,213,B5579,,,
20180929,CHH7792,ZBTJ,ZGKL,52500,62400,57360,66720,B738,35.8,HainanAirlines,16R,211,B5579,,,
20180929,CCA749,ZBTJ,VTBS,73800,6300,75360,0,B738,35.8,AirChina,16R,108,B5585,,,
20180929,CCA151,ZBTJ,ZYTL,32700,36300,33360,36060,B738,35.8,AirChina,16R,109,B5585,,,
20180929,CCA152,ZYTL,ZBTJ,65700,69600,67200,70020,B738,35.8,AirChina,16L,202,B5585,,,
20180929,CDG4801,ZSAM,ZBTJ,26700,37200,27060,36480,B738,35.8,shandongAirlines,16L,118,B5590,,,
20180929,CDG4693,ZBTJ,ZGSD,41100,53100,51540,62460,B738,35.8,shandongAirlines,16R,107,B5590,,,
20180929,CDG4694,ZGSD,ZBTJ,56100,66900,66480,76860,B738,35.8,shandongAirlines,16L,202,B5590,,,
20180929,CDG4802,ZBTJ,ZSAM,75900,86700,80760,88800,B738,35.8,shandongAirlines,16R,108,B5590,,,
20180929,CXA8278,ZWWW,ZBTJ,28500,41400,28500,40860,B738,35.8,XiamenAirlines,16L,226,B5602,,,
20180929,CXA8278,ZBTJ,ZSFZ,45300,54900,47460,55860,B738,35.8,XiamenAirlines,16R,227,B5602,,,
20180929,CXA8140,ZSAM,ZBTJ,74700,85200,76980,86100,B738,35.8,XiamenAirlines,16L,227,B5605,,,
20180929,CCA1260,ZUGY,ZBTJ,37800,47700,39720,49320,B738,35.8,AirChina,16L,202,B5621,,,
20180929,CCA1523,ZBTJ,ZSSS,53400,61500,54240,59700,B738,35.8,AirChina,16R,107,B5621,,,
20180929,CCA1524,ZSSS,ZBTJ,65100,73200,66360,72540,B738,35.8,AirChina,16L,201,B5621,,,
20180928,CXA8140,ZSAM,ZBTJ,-11700,-1200,-9120,120,B738,35.8,XiamenAirlines,16L,226,B5657,,,
20180929,CXA8379,ZBTJ,ZGSZ,58200,70500,58080,69180,B738,35.8,XiamenAirlines,16R,226,B5657,,,
20180929,CXA8380,ZGSZ,ZBTJ,74100,85200,74400,84420,B738,35.8,XiamenAirlines,16L,225,B5657,,,
20180928,CCA1670,ZGHA,ZBTJ,-12600,-3900,-1740,4680,B738,35.8,AirChina,16L,203,B5680,,,
20180929,CCA1619,ZBTJ,ZGSD,31200,43200,42000,52260,B738,35.8,AirChina,16R,109,B5680,,,
20180929,CCA1620,ZGSD,ZBTJ,46800,57600,56160,67800,B738,35.8,AirChina,16L,202,B5680,,,
20180929,CCA1655,ZBTJ,ZSPD,73140,80100,73860,79800,B737,35.8,AirChina,16R,108,B5680,,,
20180929,CCA1396,ZGGG,ZBTJ,31500,42900,44580,54000,B738,35.8,AirChina,16L,202,B5681,,,
20180929,CCA1527,ZBTJ,ZSSS,59400,66900,60120,65760,B737,35.8,AirChina,16R,107,B5681,,,
20180929,CCA1528,ZSSS,ZBTJ,70800,78900,71220,77220,B737,35.8,AirChina,16L,201,B5681,,,
20180929,CCA1371,ZBTJ,ZGSZ,28200,39300,36000,46320,B738,35.8,AirChina,16R,107,B5696,,,
20180929,CCA1372,ZGSZ,ZBTJ,42900,54900,50160,59760,B738,35.8,AirChina,16L,117,B5696,,,
20180929,CXA8552,ZSSS,ZBTJ,75600,84000,77280,83400,B738,35.8,XiamenAirlines,16L,225,B5706,,,
20180929,CSN6655,ZSYW,ZBTJ,53400,60900,54360,60960,B738,35.8,ChinaSouthernAirlines,16L,222,B5719,,,
20180929,CSN6656,ZBTJ,ZSYW,66900,75300,66780,72600,B738,35.8,ChinaSouthernAirlines,16R,218,B5719,,,
20180929,LKE9631,ZUMY,ZBTJ,34800,43800,35520,43680,A320,34.1,LUCKYAIR,16L,211,B5732,,,
20180929,LKE9632,ZBTJ,ZUMY,48000,56400,49380,57960,A320,34.1,LUCKYAIR,16R,205,B5732,,,
20180928,CXA8384,ZGKL,ZBTJ,-11100,-1200,600,9000,B738,35.8,XiamenAirlines,16L,225,B5792,,,
20180929,CXA8313,ZBTJ,ZGGG,29700,40800,38640,48180,B738,35.8,XiamenAirlines,16R,227,B5792,,,
20180929,CXA8314,ZGGG,ZBTJ,45300,56700,52680,61980,B738,35.8,XiamenAirlines,16L,225,B5792,,,
20180929,CXA8239,ZBTJ,ZLXY,67200,74100,67620,74640,B738,35.8,XiamenAirlines,16R,225,B5792,,,
20180929,CXA8240,ZLXY,ZBTJ,78900,85500,80220,85200,B738,35.8,XiamenAirlines,16L,226,B5792,,,
20180929,CCA4547,ZGGG,ZBTJ,26400,37800,26880,37260,B737,35.8,AirChina,16L,203,B5803,,,
20180929,CCA4547,ZBTJ,ZYTN,41400,47700,42180,47160,B737,35.8,AirChina,16R,203,B5803,,,
20180929,CCA4548,ZYTN,ZBTJ,50400,57000,50940,56580,B737,35.8,AirChina,16L,201,B5803,,,
20180929,CCA4548,ZBTJ,ZGGG,60600,72000,65340,75000,B737,35.8,AirChina,16R,107,B5803,,,
20180929,RLH5315,ZBCZ,ZBTJ,38100,42300,37740,41400,B737,35.8,SENDI,16L,112,B5811,,,
20180929,RLH5316,ZBTJ,ZBCZ,46200,51300,46740,51000,B737,35.8,SENDI,16R,110,B5811,,,
20180929,OKA2897,ZBTJ,ZPPP,35100,48000,39240,50820,B738,35.8,OkayAirways,16R,224,B5843,,,
20180929,OKA2898,ZPPP,ZBTJ,66000,77700,68760,79020,B738,35.8,OkayAirways,16L,222,B5843,,,
20180929,OKA2884,ZBTJ,ZLXY,81300,88800,83880,90420,B738,35.8,OkayAirways,16R,223,B5843,,,
20180928,CCA1672,ZGSZ,ZBTJ,-28800,-18000,-6840,2040,B738,35.8,AirChina,16L,201,B5849,,,
20180929,CCA1467,ZBTJ,ZPPP,48000,61500,52200,64140,B738,35.8,AirChina,16R,108,B5849,,,
20180929,CCA1468,ZPPP,ZBTJ,65100,77100,68220,78120,B738,35.8,AirChina,16L,202,B5849,,,
20180928,OKA2966,ZLXN,ZBTJ,-5100,-83400,-4020,2880,B738,35.8,OkayAirways,16L,223,B6026,,,
20180929,OKA3035,ZBTJ,ZSNT,35700,42600,35580,41340,B738,35.8,OkayAirways,16R,222,B6026,,,
20180929,CSN6107,ZUGY,ZBTJ,46500,57000,50640,60180,B738,35.8,ChinaSouthernAirlines,16L,220,B6068,,,
20180929,CSN6108,ZBTJ,ZUGY,62880,72600,63900,73440,B738,35.8,ChinaSouthernAirlines,16R,218,B6068,,,
20180929,CCA1771,ZSHC,ZBTJ,55200,63000,56040,62460,A319,34.09,AirChina,16L,201,B6213,,,
20180929,CCA1772,ZBTJ,ZSHC,66600,73800,66600,72000,A321,34.1,AirChina,16R,107,B6213,,,
20180929,CSN3125,ZGHA,ZBTJ,48000,56700,48540,55380,A320,34.1,ChinaSouthernAirlines,16L,220,B6293,,,
20180929,CSN3125,ZBTJ,ZYHB,61080,68100,60540,66360,A320,34.1,ChinaSouthernAirlines,16R,218,B6293,,,
20180929,CSN3126,ZYHB,ZBTJ,71400,78600,71160,77700,A320,34.1,ChinaSouthernAirlines,16L,220,B6293,,,
20180929,CSN3126,ZBTJ,ZGHA,82500,91200,82200,89220,A320,34.1,ChinaSouthernAirlines,16R,218,B6293,,,
20180929,CSZ9797,ZSQZ,ZBTJ,25500,34500,26160,34980,A320,34.1,ShenzhenAirlines,16L,202,B6297,,,
20180929,CSZ9798,ZBTJ,ZSQZ,38100,48000,42360,50820,A320,34.1,ShenzhenAirlines,16R,117,B6297,,,
20180929,TBA9907,ZUCK,ZBTJ,49800,59400,51240,58500,A319,34.09,TIBET,16L,112,B6426,,,
20180929,TBA9908,ZBTJ,ZUCK,66000,76500,67080,75540,A319,34.09,TIBET,16R,110,B6426,,,
20180929,CXA8209,ZYTL,ZBTJ,38700,42900,39480,43500,B738,35.8,XiamenAirlines,16L,225,B6488,,,
20180929,CXA8209,ZBTJ,ZLLL,46800,55800,47700,56160,B738,35.8,XiamenAirlines,16R,229,B6488,,,
20180929,CXA8210,ZLLL,ZBTJ,58500,66300,59760,66300,B738,35.8,XiamenAirlines,16L,227,B6488,,,
20180929,CXA8210,ZBTJ,ZYTL,70200,74700,70680,73680,B738,35.8,XiamenAirlines,16R,225,B6488,,,
20180929,CCA1529,ZBTJ,ZSAM,26100,35700,29760,38220,B738,35.8,AirChina,16R,107,B6499,,,
20180929,CCA1530,ZSAM,ZBTJ,40200,50400,42780,51300,B738,35.8,AirChina,16L,202,B6499,,,
20180929,CCA1673,ZBTJ,ZSHC,57300,64500,57720,63480,B738,35.8,AirChina,16R,203,B6499,,,
20180929,CCA1674,ZSHC,ZBTJ,68100,76500,68520,75300,B738,35.8,AirChina,16L,118,B6499,,,
20180929,CES2369,ZSPD,ZBTJ,37800,45900,38760,46620,A320,34.1,ChinaEasternAirlines,16L,219,B6586,,,
20180929,CES2369,ZBTJ,ZBCF,50400,55500,50820,54960,A320,34.1,ChinaEasternAirlines,16R,215,B6586,,,
20180929,CES2370,ZBCF,ZBTJ,59700,63900,60420,64380,A320,34.1,ChinaEasternAirlines,16L,215,B6586,,,
20180929,CES2370,ZBTJ,ZSPD,68400,75900,68580,74340,A320,34.1,ChinaEasternAirlines,16R,219,B6586,,,
20180929,CSC8810,ZUCK,ZBTJ,28800,37200,30060,37620,A321,34.1,SichuanAirlines,16L,112,B6590,,,
20180929,CSC8033,ZBTJ,ZBLA,57000,65400,57000,64800,A321,34.1,SichuanAirlines,16R,110,B6590,,,
20180929,CSC8034,ZBLA,ZBTJ,68400,77400,68520,77040,A321,34.1,SichuanAirlines,16L,111,B6590,,,
20180929,CQH8813,ZSPD,ZBTJ,25500,34200,26160,32700,A320,34.1,ShanghaiSpringAirlines,16L,110,B6646,,,
20180929,CQH8814,ZBTJ,ZSPD,38100,45600,38400,44340,A320,34.1,ShanghaiSpringAirlines,16R,113,B6646,,,
20180929,CSN6579,ZYTL,ZBTJ,26700,30600,26760,29760,A321,34.1,ChinaSouthernAirlines,16L,221,B6686,,,
20180929,CSN6579,ZBTJ,ZUCK,34200,44100,36660,45840,A321,34.1,ChinaSouthernAirlines,16R,218,B6686,,,
20180929,CSN6580,ZUCK,ZBTJ,47700,56100,51000,58320,A321,34.1,ChinaSouthernAirlines,16L,220,B6686,,,
20180929,CSN6580,ZBTJ,ZYTL,60000,64200,62400,65400,A321,34.1,ChinaSouthernAirlines,16R,218,B6686,,,
20180929,CCA4187,ZUUU,ZBTJ,26700,35700,27480,35640,A321,34.1,AirChina,16L,117,B6712,,,
20180929,CCA4188,ZBTJ,ZUUU,39900,51600,41880,51720,A321,34.1,AirChina,16R,118,B6712,,,
20180929,GCR7871,ZBTJ,ZJSY,29700,44400,30540,42600,A320,34.1,TianjinAirlines,16R,212,B6789,,,
20180929,GCR7872,ZJSY,ZBTJ,48000,61500,52440,65100,A320,34.1,TianjinAirlines,16L,214,B6789,,,
20180929,GCR6509,ZBTJ,ZJSY,76500,90300,78180,91020,A320,34.1,TianjinAirlines,16R,209,B6789,,,
20180928,GCR7888,ZUUU,ZBTJ,-2400,6600,-1740,5880,A320,34.1,TianjinAirlines,16L,209,B6837,,,
20180929,GCR7813,ZBTJ,ZBER,31800,36600,33480,37920,A320,34.1,TianjinAirlines,16R,205,B6837,,,
20180929,GCR7814,ZBER,ZBTJ,69000,74700,69180,73740,A320,34.1,TianjinAirlines,16L,213,B6837,,,
20180928,CSC8356,ZGOW,ZBTJ,-11400,-1800,-8220,660,A321,34.1,SichuanAirlines,16L,112,B6838,,,
20180929,CSC8349,ZBTJ,ZGNN,24000,36900,23760,34200,A321,34.1,SichuanAirlines,16R,112,B6838,,,
20180929,CSC8350,ZGNN,ZBTJ,46800,59700,52440,62880,A321,34.1,SichuanAirlines,16L,110,B6838,,,
20180929,CSC8355,ZBTJ,ZGOW,69300,78900,71700,80580,A321,34.1,SichuanAirlines,16R,111,B6838,,,
20180929,CXA8125,ZSAM,ZBTJ,27900,37500,29280,38220,B738,35.8,XiamenAirlines,16L,228,B6842,,,
20180929,CXA8303,ZBTJ,ZGHA,41100,49500,43920,51780,B738,35.8,XiamenAirlines,16R,229,B6842,,,
20180929,CXA8304,ZGHA,ZBTJ,75300,84300,78660,85560,B738,35.8,XiamenAirlines,16L,225,B6842,,,
20180929,CSC8577,ZBTJ,ZSCN,31800,39300,33660,40140,A320,34.1,SichuanAirlines,16R,113,B6843,,,
20180929,CSC8578,ZSCN,ZBTJ,65400,73800,67140,74640,A320,34.1,SichuanAirlines,16L,110,B6843,,,
20180929,CSC8257,ZUUU,ZBTJ,69600,78300,71400,79200,A321,34.1,SichuanAirlines,16L,110,B6845,,,
20180929,CSC8258,ZBTJ,ZUUU,81900,92700,83640,93000,A321,34.1,SichuanAirlines,16R,111,B6845,,,
20180929,GCR7839,ZBTJ,ZWWW,28800,43800,30000,44460,A320,34.1,TianjinAirlines,16R,209,B6903,,,
20180929,GCR7840,ZWWW,ZBTJ,68400,81900,68400,81180,A320,34.1,TianjinAirlines,16L,211,B6903,,,
20180929,JYH1055,ZGGG,ZBTJ,23100,35100,25020,34800,B738,35.8,TRANSJADE,16L,110,B6992,,,
20180929,JYH1068,ZBTJ,ZUGY,43800,55200,48120,59220,B738,35.8,TRANSJADE,16R,110,B6992,,,
20180929,JYH1067,ZUGY,ZBTJ,60000,71400,63780,73500,B738,35.8,TRANSJADE,16L,115,B6992,,,
20180929,JYH1056,ZBTJ,ZGGG,75300,300,79560,89700,B738,35.8,TRANSJADE,16R,114,B6992,,,
20180929,CSS6972,ZBTJ,ZSHC,3600,10800,3420,9300,B763,47.57,SHUNFENG,16R,875,B7082,,,
20180929,CSS6971,ZSHC,ZBTJ,16500,24300,18900,24360,B763,47.57,SHUNFENG,16L,897,B7082,,,
20180929,CSZ9121,ZGSZ,ZBTJ,25200,35700,26460,36660,B739,34.3,ShenzhenAirlines,16L,117,B7083,,,
20180929,CSZ9122,ZBTJ,ZGSZ,39300,51600,48360,58680,B739,34.3,ShenzhenAirlines,16R,107,B7083,,,
20180929,CHH7725,ZGHA,ZBTJ,36300,44400,37200,44160,B738,35.8,HainanAirlines,16L,213,B7175,,,
20180929,CHH7725,ZBTJ,ZYHB,49800,55500,48540,54600,B738,35.8,HainanAirlines,16R,210,B7175,,,
20180929,CHH7726,ZYHB,ZBTJ,60600,67800,61260,68460,B738,35.8,HainanAirlines,16L,212,B7175,,,
20180929,CHH7726,ZBTJ,ZGHA,71700,81300,73080,80460,B738,35.8,HainanAirlines,16R,209,B7175,,,
20180928,CCA1402,ZPPP,ZBTJ,-13200,-1500,-5400,4620,B738,35.8,AirChina,16L,117,B7182,,,
20180929,CCA8351,ZBTJ,ZWKL,31500,47400,32820,49080,B738,35.8,AirChina,16R,107,B7182,,,
20180929,CCA8352,ZWKL,ZBTJ,65700,79200,66960,80820,B738,35.8,AirChina,16L,203,B7182,,,
20180929,CXA8187,ZSHC,ZBTJ,27300,34800,27840,34440,B738,35.8,XiamenAirlines,16L,226,B7560,,,
20180929,CXA8188,ZBTJ,ZSHC,38700,46800,39660,45420,B738,35.8,XiamenAirlines,16R,225,B7560,,,
20180929,CSZ9123,ZGSZ,ZBTJ,54900,66600,56220,65700,B738,35.8,ShenzhenAirlines,16L,201,B7750,,,
20180929,CSZ9124,ZBTJ,ZGSZ,70200,82500,77760,88860,B739,34.3,ShenzhenAirlines,16R,107,B7750,,,
20180929,CXA8331,ZBTJ,ZSFZ,32700,42300,34740,43440,B738,35.8,XiamenAirlines,16R,225,B7825,,,
20180929,CXA8332,ZSFZ,ZBTJ,64200,74400,70560,80100,B738,35.8,XiamenAirlines,16L,225,B7825,,,
20180929,CXA8033,ZSFZ,ZBTJ,28800,37800,29880,39900,B738,35.8,XiamenAirlines,16L,226,B7847,,,
20180929,CXA8033,ZBTJ,ZYCC,42300,48000,43680,48960,B738,35.8,XiamenAirlines,16R,227,B7847,,,
20180929,CXA8034,ZYCC,ZBTJ,51900,58800,53940,60600,B738,35.8,XiamenAirlines,16L,226,B7847,,,
20180929,CXA8034,ZBTJ,ZSFZ,62400,72000,65520,73980,B738,35.8,XiamenAirlines,16R,225,B7847,,,
20180929,CSH9131,ZSPD,ZBTJ,31800,41100,32820,39900,B738,35.8,ShanghaiAirlines,16L,219,B7861,,,
20180929,CSH9132,ZBTJ,ZSPD,45000,51900,45300,51540,B738,35.8,ShanghaiAirlines,16R,609,B7861,,,
20180929,RLH6515,ZHXF,ZBTJ,60300,67500,60900,67440,B737,35.8,SENDI,16L,110,B7867,,,
20180929,RLH6516,ZBTJ,ZHXF,72300,79200,72780,79440,B737,35.8,SENDI,16R,110,B7867,,,
20180929,CCA1679,ZBTJ,ZUCK,28500,38400,34920,43680,B738,35.8,AirChina,16R,109,B7890,,,
20180929,CCA1680,ZUCK,ZBTJ,42000,51600,47040,54420,B738,35.8,AirChina,16L,117,B7890,,,
20180929,CCA1669,ZBTJ,ZGHA,61800,70200,62280,69780,B738,35.8,AirChina,16R,107,B7890,,,
20180929,CCA1670,ZGHA,ZBTJ,73800,82500,74100,81600,B738,35.8,AirChina,16L,202,B7890,,,
20180929,CCA1427,ZBTJ,ZUUU,27000,38100,33840,43200,B738,35.8,AirChina,16R,203,B7893,,,
20180929,CCA1428,ZUUU,ZBTJ,42600,51900,47400,54900,B738,35.8,AirChina,16L,203,B7893,,,
20180929,CCA1251,ZBTJ,ZLXY,63300,70500,63960,70200,B738,35.8,AirChina,16R,117,B7893,,,
20180929,CCA1252,ZLXY,ZBTJ,74400,81000,75180,80940,B738,35.8,AirChina,16L,201,B7893,,,
20180929,CUA2215,ZSPD,ZBTJ,45300,54600,46260,53100,B738,35.8,LIANHANG,16L,111,B7986,,,
20180929,CUA2216,ZBTJ,ZSPD,58200,65700,59280,65460,B738,35.8,LIANHANG,16R,114,B7986,,,
20180929,CSN6893,ZWWW,ZBTJ,66600,80700,67620,80280,B738,35.8,ChinaSouthernAirlines,16L,220,B7995,,,
20180929,GCR7583,ZLXY,ZBTJ,24600,31200,25860,32160,A320,34.1,TianjinAirlines,16L,209,B8066,,,
20180929,GCR7583,ZBTJ,ZYHB,34800,41700,36000,41520,A320,34.1,TianjinAirlines,16R,209,B8066,,,
20180929,BJN095,ZBTJ,ZUUU,73800,82800,77280,86340,FA7X,26.21,BeijingAirlines,16R,110,B8218,,,
20180929,QDA6003,ZYCC,ZBTJ,25500,32100,25680,31740,A320,34.1,SKYLEGEND,16L,110,B8283,,,
20180929,QDA6003,ZBTJ,ZGNN,36000,48600,37020,47820,A320,34.1,SKYLEGEND,16R,114,B8283,,,
20180929,QDA6004,ZGNN,ZBTJ,54600,67500,55380,66840,A320,34.1,SKYLEGEND,16L,111,B8283,,,
20180929,QDA6004,ZBTJ,ZYCC,72300,78600,72060,77460,A320,34.1,SKYLEGEND,16R,114,B8283,,,
20180929,GCR7906,ZUCK,ZBTJ,28200,37200,29160,37080,A321,34.1,TianjinAirlines,16L,213,B8381,,,
20180929,GCR7895,ZBTJ,ZGGG,41700,52800,41640,51420,A333,60.3,TianjinAirlines,16R,212,B8381,,,
20180929,GCR7896,ZGGG,ZBTJ,57300,68700,57720,67140,A333,60.3,TianjinAirlines,16L,212,B8381,,,
20180929,GCR7577,ZWWW,ZBTJ,33300,47100,33600,46260,A321,34.1,TianjinAirlines,16L,211,B8389,,,
20180929,GCR7577,ZBTJ,ZYCC,51900,57900,52680,57960,A321,34.1,TianjinAirlines,16R,211,B8389,,,
20180929,GCR7578,ZYCC,ZBTJ,61200,67800,63420,69300,A321,34.1,TianjinAirlines,16L,213,B8389,,,
20180929,GCR7578,ZBTJ,ZWWW,71700,87000,73680,87780,A321,34.1,TianjinAirlines,16R,211,B8389,,,
20180929,DKH1136,ZYBS,ZBTJ,44100,51300,44580,51480,A321,34.1,ShanghaiJuneyaoAirlines,16L,113,B8407,,,
20180929,DKH1136,ZBTJ,ZSPD,55200,63000,56100,62040,A321,34.1,ShanghaiJuneyaoAirlines,16R,113,B8407,,,
20180929,TBA9877,ZUUU,ZBTJ,21000,30600,22020,30000,A320,34.1,TIBET,16L,110,B8419,,,
20180929,TBA9877,ZBTJ,ZYCC,35400,41400,35760,40860,A320,34.1,TIBET,16R,113,B8419,,,
20180929,TBA9878,ZYCC,ZBTJ,67500,74100,67920,73860,A320,34.1,TIBET,16L,113,B8419,,,
20180929,TBA9878,ZBTJ,ZUUU,77700,88500,78960,87900,A320,34.1,TIBET,16R,110,B8419,,,
20180929,DKH1135,ZSPD,ZBTJ,51300,59700,52500,58800,A321,34.1,ShanghaiJuneyaoAirlines,16L,111,B8457,,,
20180929,DKH1135,ZBTJ,ZYBS,63300,69900,63540,68580,A321,34.1,ShanghaiJuneyaoAirlines,16R,111,B8457,,,
20180929,CCA1921,ZSWZ,ZBTJ,31200,39300,31260,39660,A320,34.1,AirChina,16L,201,B8493,,,
20180929,CCA1922,ZBTJ,ZSWZ,43500,52200,45480,52500,A320,34.1,AirChina,16R,107,B8493,,,
20180929,GCR7940,ZHCC,ZBTJ,76800,82200,79680,84060,A332,60.3,TianjinAirlines,16L,212,B8596,,,
20180929,CSC8567,ZYHB,ZBTJ,27300,34800,28320,35460,A321,34.1,SichuanAirlines,16L,112,B8605,,,
20180929,CSC8567,ZBTJ,ZLLL,38700,48000,40440,47940,A321,34.1,SichuanAirlines,16R,111,B8605,,,
20180929,CSC8568,ZLLL,ZBTJ,51000,58800,51900,58080,A321,34.1,SichuanAirlines,16L,110,B8605,,,
20180929,CSC8568,ZBTJ,ZYHB,62400,69900,63000,69000,A321,34.1,SichuanAirlines,16R,110,B8605,,,
20180929,GCR7887,ZBTJ,ZUUU,70500,79500,69600,79500,A320,34.1,TianjinAirlines,16R,209,B8659,,,
20180929,CCA1931,ZSWZ,ZBTJ,71400,81000,71760,79800,A320,34.1,AirChina,16L,201,B8743,,,
20180929,CCA1932,ZBTJ,ZSWZ,84900,6600,85200,92040,A320,34.1,AirChina,16R,109,B8743,,,
20180929,GCR7988,ZLXY,ZBTJ,67500,74400,68640,74460,A332,60.3,TianjinAirlines,16L,212,B8776,,,
20180929,CHB6237,ZUCK,ZBTJ,60300,69600,60240,68160,A320,34.1,Westair,16L,211,B8846,,,
20180929,CHB6238,ZBTJ,ZUCK,73200,82800,73500,83220,A320,34.1,Westair,16R,205,B8846,,,
20180929,UEA2249,ZUUU,ZBTJ,30000,38400,31380,39900,A320,34.1,ChengduAirlines,16L,112,B8879,,,
20180929,UEA2249,ZBTJ,ZBLA,42900,51900,43620,51000,A320,34.1,ChengduAirlines,16R,113,B8879,,,
20180929,UEA2250,ZBLA,ZBTJ,54900,63600,54900,63840,A320,34.1,ChengduAirlines,16L,110,B8879,,,
20180929,UEA2250,ZBTJ,ZUUU,67500,79200,68220,77940,A320,34.1,ChengduAirlines,16R,114,B8879,,,
20180929,GCR7801,ZBTJ,ZUZY,26400,36900,32400,42420,A320,34.1,TianjinAirlines,16R,211,B8952,,,
20180929,GCR7802,ZUZY,ZBTJ,58500,68100,65820,75240,A320,34.1,TianjinAirlines,16L,214,B8952,,,
20180929,CSC8861,ZUUU,ZBTJ,66000,74700,66360,74340,A320,34.1,SichuanAirlines,16L,112,B8958,,,
20180929,CSC8862,ZBTJ,ZUUU,79500,89700,83220,92580,A320,34.1,SichuanAirlines,16R,110,B8958,,,
20180928,GCR7956,UUEE,ZBTJ,-8700,18000,-7500,17040,A332,60.3,TianjinAirlines,16L,212,B8959,,,
20180929,GCR7965,ZBTJ,ZUCK,33000,42900,36240,45360,A332,60.3,TianjinAirlines,16R,212,B8959,,,
20180929,CSC8815,ZSHC,ZBTJ,25200,32700,25440,31980,A320,34.1,SichuanAirlines,16L,111,B9935,,,
20180929,CSC8815,ZBTJ,ZYCC,36900,42600,37860,43200,A320,34.1,SichuanAirlines,16R,110,B9935,,,
20180929,CSC8816,ZYCC,ZBTJ,45600,53100,46860,53700,A320,34.1,SichuanAirlines,16L,110,B9935,,,
20180929,CSC8816,ZBTJ,ZSHC,56700,63600,57420,63060,A320,34.1,SichuanAirlines,16R,113,B9935,,,
20180929,GCR7812,ZSWZ,ZBTJ,50100,59100,50340,57900,A320,34.1,TianjinAirlines,16L,212,B9948,,,
20180929,GCR7907,ZBTJ,ZUGY,65100,75600,65880,76200,A320,34.1,TianjinAirlines,16R,208,B9948,,,
20180929,GCR6655,ZBHH,ZBTJ,29700,34500,30240,33840,A320,34.1,TianjinAirlines,16L,213,B9983,,,
20180929,GCR6655,ZBTJ,ZSNB,37500,45000,38220,44940,A320,34.1,TianjinAirlines,16R,208,B9983,,,
20180929,GCR6656,ZSNB,ZBTJ,48000,55800,50160,57180,A320,34.1,TianjinAirlines,16L,214,B9983,,,
20180929,GCR6656,ZBTJ,ZBHH,59400,64800,61380,65460,A320,34.1,TianjinAirlines,16R,209,B9983,,,
20180929,GCR7891,ZSAM,ZBTJ,69300,79500,70080,78300,E190,28.72,TianjinAirlines,16L,211,B9983,,,
20180929,GCR6511,ZHHH,ZBTJ,36300,42600,37140,43320,A320,34.1,TianjinAirlines,16L,209,B9989,,,
20180929,GCR6512,ZBTJ,ZHHH,46500,54600,48720,54240,A320,34.1,TianjinAirlines,16R,211,B9989,,,
20180929,CRK363,ZBTJ,VHHH,26700,37800,28260,0,A332,60.3,HongKongAirlines,16R,101,BLHB,,,
20180929,CRK362,VHHH,ZBTJ,75300,85800,74640,84600,A332,60.3,HongKongAirlines,16L,105,BLHB,,,
20180929,CRK936T,ZBTJ,VHHH,52200,66000,81000,0,A332,60.3,HongKongAirlines,16R,102,BLNY,,,
20180929,CRK936T,ZHCC,ZBTJ,41100,47700,43200,47940,A332,60.3,HongKongAirlines,16L,105,BLNY,,,
20180929,CRK9366,ZBTJ,VHHH,52800,65700,5700,0,A332,60.3,HongKongAirlines,16R,101,BLNZ,,,
20180929,CRK9366,ZHCC,ZBTJ,41100,47700,76020,81420,A332,60.3,HongKongAirlines,16L,105,BLNZ,,,
20180929,CRK3579,ZBTJ,VHHH,54600,65700,62760,0,A320,34.1,HongKongAirlines,16R,106,BLPP,,,
20180929,CRK3578,VHHH,ZBTJ,40500,51000,40500,50100,A320,34.1,HongKongAirlines,16L,103,BLPP,,,
20180929,AMU237,ZBTJ,VMMC,44100,55200,54420,0,A319,34.09,AirMacau,16R,101,BMAK,,,
20180929,AMU238,VMMC,ZBTJ,29400,40500,29280,39000,A319,34.09,AirMacau,16L,103,BMAK,,,
20180929,OKA2878,ZSNB,ZBTJ,79200,600,78960,85980,B738,35.8,OkayAirways,16L,222,BMCH,,,
20180929,OKA2877,ZBTJ,ZSNB,24600,32100,24420,30960,B738,35.8,OkayAirways,16R,222,BMCH,,,
20180929,AIB99CV,LFBO,ZBTJ,82800,32400,-1800,33000,A333,60.3,TurkishAirlines,16L,105,FWWCV,,,
20180929,AAR997,RKSI,ZBTJ,34200,41400,36240,41640,B744,64.4,AsianaAirways,16L,102,HL7423,,,
20180929,AAR998,ZBTJ,RKSI,55800,63000,58500,62880,B744,64.4,AsianaAirways,16R,101,HL7423,,,
20180929,KAL806,ZBTJ,RKSI,40800,47400,42900,0,A333,60.3,KoreanAirLines,16R,101,HL7550,,,
20180929,KAL805,RKSI,ZBTJ,29700,36600,30900,36900,A333,60.3,KoreanAirLines,16L,105,HL7550,,,
20180929,KAL864,ZBTJ,RKSI,52800,59400,54060,0,B738,35.8,KoreanAirLines,16R,105,HL7568,,,
20180929,KAL863,RKSI,ZBTJ,42000,48600,43560,48900,B738,35.8,KoreanAirLines,16L,103,HL7568,,,
20180929,KAL318,ZBTJ,RKSI,57600,63600,58740,0,B744,64.4,KoreanAirLines,16R,102,HL7639,,,
20180929,KAL317,RKSI,ZBTJ,37200,44400,38460,43740,B744,64.4,KoreanAirLines,16L,105,HL7639,,,
20180929,AAR327,RKSI,ZBTJ,26700,33000,26820,32340,A321,34.1,AsianaAirways,16L,104,HL8060,,,
20180929,AAR328,ZBTJ,RKSI,36900,43200,37620,41880,A321,34.1,AsianaAirways,16R,101,HL8060,,,
20180929,TLM962,VTBD,ZBTJ,64800,80400,69840,85740,A333,60.3,ThaiLionAir,16L,105,HSLAH,,,
20180929,TLM985,ZBTJ,VTSP,85200,16800,85020,0,A333,60.3,ThaiLionAir,16R,101,HSLAI,,,
20180929,TLM984,VTSP,ZBTJ,56700,79200,60900,79620,A333,60.3,ThaiLionAir,16L,105,HSLAI,,,
20180929,VGO734,ZBTJ,VTSG,50100,68700,52020,0,B738,35.8,NewEraofThaiAirways,16R,102,HSNGM,,,
20180929,VGO735,VTSG,ZBTJ,23700,46500,26640,45480,B738,35.8,NewEraofThaiAirways,16L,103,HSNGM,,,
20180929,NCT879,ZBTJ,VTBD,65700,82800,66420,0,B772,60.9,NokScoot,16R,102,HSXBC,,,
20180929,NCT880,VTBD,ZBTJ,44400,61200,46380,61320,B772,60.9,NokScoot,16L,105,HSXBC,,,
20180929,SJO1032,ZBTJ,RJAA,59700,70800,60240,0,B738,35.8,SpringJapan,16R,101,JA06GR,,,
20180929,SJO1031,RJAA,ZBTJ,42600,56100,44040,56040,B738,35.8,SpringJapan,16L,103,JA06GR,,,
20180929,JAL840,ZBTJ,RJGG,50400,62400,51420,0,B738,35.8,JapanAirlines,16R,105,JA304J,,,
20180929,JAL841,RJGG,ZBTJ,35100,46200,35580,46080,B738,35.8,JapanAirlines,16L,106,JA304J,,,
20180929,ANA8504,ZBTJ,RJAA,48900,60000,50460,0,B763,47.57,AllNipponAirways,16R,101,JA8356,,,
20180929,ANA8503,RJAA,ZBTJ,30000,43500,32520,43980,B763,47.57,AllNipponAirways,16L,103,JA8356,,,
20180929,N2708E,ZBTJ,ZBAA,75600,78000,77460,79260,B737,35.8,TransMediterraneanAirways,16R,101,N2708E,,,
20180929,LNI2748,ZBTJ,WAMM,900,22500,2700,23460,B38M,35.9,PTLionMentariAirlines,16R,101,PKLQF,,,
20180929,LNI2656,ZBTJ,WADD,3900,29400,4140,29580,B38M,35.9,PTLionMentariAirlines,16R,101,PKLQJ,,,
20180929,HVN500,VVCR,ZBTJ,55200,72600,56400,71520,A321,34.1,VientnamAirlines,16L,103,VNA356,,,
20180929,HVN501,ZBTJ,VVCR,76800,94800,81660,96480,A321,34.1,VientnamAirlines,16R,101,VNA356,,,
20180929,VJC5320,VVCR,ZBTJ,44700,60900,45600,61200,A321,34.1,VietJet,16L,104,VNA635,,,
20180929,VJC5321,ZBTJ,VVCR,65100,81600,67920,82980,A321,34.1,VietJet,16R,101,VNA635,,,
220180929,NEWTGW139,ZBTJ,Default,33600,55200,40620,0,B789,60.0,SCOOTER,16R,102,NEW9VOJC,,,0.0
220180929,NEWTGW138,Default,ZBTJ,5790,27090,7650,27870,B789,60.0,SCOOTER,16L,102,NEW9VOJC,,,90.0
220180929,NEWCBJ5196,ZBTJ,Default,38400,51600,43140,56100,A321,34.1,BeijingCapitalAirlines,16R,209,NEWB1013,,,0.0
220180929,NEWCBJ5717,Default,ZBTJ,23760,34560,25860,35160,A321,34.1,BeijingCapitalAirlines,16L,213,NEWB1013,,,60.0
220180929,NEWCBJ5195,Default,ZBTJ,61860,75360,62580,75540,A321,34.1,BeijingCapitalAirlines,16L,211,NEWB1013,,,60.0
220180929,NEWCBJ5718,ZBTJ,Default,78900,89700,85800,95760,A321,34.1,BeijingCapitalAirlines,16R,211,NEWB1013,,,0.0
220180929,NEWCES5644,Default,ZBTJ,64860,72060,65520,72180,A320,34.1,ChinaEasternAirlines,16L,219,NEWB1076,,,60.0
220180929,NEWCES5644,ZBTJ,Default,76200,83400,79380,86100,A320,34.1,ChinaEasternAirlines,16R,218,NEWB1076,,,0.0
220180929,NEWCCA1401,ZBTJ,Default,56400,69300,56820,68400,B738,35.8,AirChina,16R,118,NEWB1218,,,0.0
220180929,NEWCCA8292,Default,ZBTJ,43080,50880,44400,50520,B738,35.8,AirChina,16L,201,NEWB1218,,,180.0
220180929,NEWCCA1534,Default,ZBTJ,39360,47460,40200,47220,B738,35.8,AirChina,16L,117,NEWB1219,,,60.0
220180929,NEWCCA1387,ZBTJ,Default,53400,64800,55620,65820,B738,35.8,AirChina,16R,107,NEWB1219,,,0.0
220180929,NEWCSH9115,Default,ZBTJ,36360,44160,37440,44400,B738,35.8,ShanghaiAirlines,16L,219,NEWB1335,,,60.0
220180929,NEWCSH9116,ZBTJ,Default,48780,55800,49620,56160,B738,35.8,ShanghaiAirlines,16R,218,NEWB1335,,,0.0
220180929,NEWCSH9147,Default,ZBTJ,29760,37560,31200,37920,B38M,35.9,ShanghaiAirlines,16L,218,NEWB1381,,,60.0
220180929,NEWCSH9148,ZBTJ,Default,41700,49800,44340,50340,B38M,35.9,ShanghaiAirlines,16R,219,NEWB1381,,,0.0
220180929,NEWOKA2820,Default,ZBTJ,41760,51660,44460,53520,B38M,35.9,OkayAirways,16L,222,NEWB1485,,,60.0
220180929,NEWOKA2825,ZBTJ,Default,68400,75300,68700,74340,B38M,35.9,OkayAirways,16R,223,NEWB1485,,,0.0
220180929,NEWCHH7498,ZBTJ,Default,38100,42000,38820,41880,B738,35.8,HainanAirlines,16R,209,NEWB1487,,,0.0
220180929,NEWCHH7497,Default,ZBTJ,30660,34560,31020,34320,B738,35.8,HainanAirlines,16L,215,NEWB1487,,,60.0
220180929,NEWCHH7050,ZBTJ,Default,63300,77700,63240,75600,B738,35.8,HainanAirlines,16R,208,NEWB1490,,,0.0
220180929,NEWCHH7049,Default,ZBTJ,41760,54660,43020,55680,B738,35.8,HainanAirlines,16L,213,NEWB1490,,,60.0
220180929,NEWCHH7202,Default,ZBTJ,55860,66960,56820,66240,B738,35.8,HainanAirlines,16L,213,NEWB1491,,,60.0
220180929,NEWCHH7201,ZBTJ,Default,74100,85500,75540,85740,B738,35.8,HainanAirlines,16R,209,NEWB1491,,,0.0
220180929,NEWCCA1417,ZBTJ,Default,34200,44700,39720,49860,B738,35.8,AirChina,16R,108,NEWB1526,,,0.0
220180929,NEWCCA1388,Default,ZBTJ,-17340,-5640,-3720,4920,B738,35.8,AirChina,16L,202,NEWB1526,,,60.0
220180929,NEWCXA8143,ZBTJ,Default,25200,36000,28740,37260,B738,35.8,XiamenAirlines,16R,225,NEWB1550,,,0.0
220180929,NEWCXA8304,Default,ZBTJ,-11040,-2040,660,7440,B738,35.8,XiamenAirlines,16L,225,NEWB1550,,,60.0
220180929,NEWCXA8126,ZBTJ,Default,75600,86100,83460,91680,B738,35.8,XiamenAirlines,16R,225,NEWB1550,,,0.0
220180929,NEWCXA8144,Default,ZBTJ,61860,72360,71100,79380,B738,35.8,XiamenAirlines,16L,226,NEWB1550,,,60.0
220180929,NEWOKA2989,ZBTJ,Default,79620,93600,79740,86400,B739,34.3,OkayAirways,16R,225,NEWB1581,,,0.0
220180929,NEWOKA3084,Default,ZBTJ,64260,74760,64800,74160,B739,34.3,OkayAirways,16L,222,NEWB1581,,,60.0
220180929,NEWGCR7994,Default,ZBTJ,38760,44760,39960,45240,A320,34.1,TianjinAirlines,16L,213,NEWB1618,,,60.0
220180929,NEWGCR7897,ZBTJ,Default,50700,60000,53100,61680,A320,34.1,TianjinAirlines,16R,205,NEWB1618,,,0.0
220180929,NEWGCR7898,Default,ZBTJ,63660,72960,65280,72360,A320,34.1,TianjinAirlines,16L,213,NEWB1618,,,60.0
220180929,NEWGCR7905,ZBTJ,Default,76800,86100,77400,87420,A321,34.1,TianjinAirlines,16R,208,NEWB1618,,,0.0
220180929,NEWGCR7584,ZBTJ,Default,56700,63300,59460,65820,A320,34.1,TianjinAirlines,16R,209,NEWB1619,,,0.0
220180929,NEWGCR7584,Default,ZBTJ,45060,52860,46080,53940,A320,34.1,TianjinAirlines,16L,210,NEWB1619,,,60.0
220180929,NEWCCA103,ZBTJ,Default,30300,42600,40980,52020,B738,35.8,AirChina,16R,107,NEWB1762,,,0.0
220180929,NEWCCA8276,Default,ZBTJ,-11040,-2340,-7440,420,B737,35.8,AirChina,16L,202,NEWB1762,,,60.0
220180929,NEWCES5751,Default,ZBTJ,-9540,-84540,-7320,2760,B738,35.8,ChinaEasternAirlines,16L,215,NEWB1788,,,60.0
220180929,NEWCES5752,ZBTJ,Default,32400,45300,35100,47160,B738,35.8,ChinaEasternAirlines,16R,219,NEWB1788,,,0.0
220180929,NEWCSN6687,Default,ZBTJ,37380,45780,38820,46380,A320,34.1,ChinaSouthernAirlines,16L,220,NEWB1847,,,180.0
220180929,NEWCSN6688,ZBTJ,Default,49200,57600,50340,57060,A320,34.1,ChinaSouthernAirlines,16R,217,NEWB1847,,,0.0
220180929,NEWCSC8358,Default,ZBTJ,42360,55560,44820,56940,A321,34.1,SichuanAirlines,16L,112,NEWB1891,,,60.0
220180929,NEWCSC8809,ZBTJ,Default,61800,71700,62520,70680,A321,34.1,SichuanAirlines,16R,112,NEWB1891,,,0.0
220180929,NEWFZA6570,ZBTJ,Default,46200,50700,47880,51420,B738,35.8,STRAITAIR,16R,205,NEWB1906,,,0.0
220180929,NEWFZA6569,Default,ZBTJ,37860,42660,38400,42840,B738,35.8,STRAITAIR,16L,213,NEWB1906,,,60.0
220180929,NEWCES5747,Default,ZBTJ,34560,46560,35220,45840,B738,35.8,ChinaEasternAirlines,16L,216,NEWB1907,,,60.0
220180929,NEWCES5748,ZBTJ,Default,50700,64800,53700,65640,B738,35.8,ChinaEasternAirlines,16R,219,NEWB1907,,,0.0
220180929,NEWOKA3104,Default,ZBTJ,60660,69460,62400,71820,B738,35.8,OkayAirways,16L,222,NEWB1963,,,60.0
220180929,NEWOKA2908,ZBTJ,Default,74900,86100,78780,89580,B738,35.8,OkayAirways,16R,222,NEWB1963,,,0.0
220180929,NEWCHH7798,ZBTJ,Default,69600,77100,71460,77580,B738,35.8,HainanAirlines,16R,209,NEWB206H,,,0.0
220180929,NEWCHH7797,Default,ZBTJ,58260,66060,60660,67740,B738,35.8,HainanAirlines,16L,215,NEWB206H,,,60.0
220180929,NEWYZR7492,Default,ZBTJ,48990,79290,17850,47790,B744,64.4,YangtzeRiverExpress,16L,897,NEWB2432,,,90.0
220180929,NEWYZR749X,ZBTJ,Default,52200,59400,55860,61800,B744,64.4,YangtzeRiverExpress,16R,876,NEWB2432,,,0.0
220180929,NEWCSN3168,Default,ZBTJ,57960,64560,58620,64620,B738,35.8,ChinaSouthernAirlines,16L,220,NEWB2695,,,60.0
220180929,NEWCSN3167,ZBTJ,Default,68700,75600,68820,74460,B738,35.8,ChinaSouthernAirlines,16R,220,NEWB2695,,,0.0
220180929,NEWCHH7960,ZBTJ,Default,60900,72300,69300,79140,B788,60.0,HainanAirlines,16R,414,NEWB2759,,,0.0
220180929,NEWCHH7960,Default,ZBTJ,9180,51480,10020,48960,B788,60.0,HainanAirlines,16L,212,NEWB2759,,,180.0
220180929,NEWCYZ9111,ZBTJ,Default,33300,42300,41160,49500,B752,38.05,ChinaPost,16R,875,NEWB2824,,,0.0
220180929,NEWCYZ9102,Default,ZBTJ,32460,35400,33000,36120,B752,38.05,ChinaPost,16L,897,NEWB2824,,,60.0
220180929,NEWCES5439,Default,ZBTJ,49860,57960,50400,57120,A320,34.1,ChinaEasternAirlines,16L,215,NEWB300R,,,60.0
220180929,NEWCES5440,ZBTJ,Default,62100,68700,62880,69480,A320,34.1,ChinaEasternAirlines,16R,219,NEWB300R,,,0.0
220180929,NEWGCR7811,ZBTJ,Default,62700,71700,63120,69840,A320,34.1,TianjinAirlines,16R,211,NEWB300S,,,0.0
220180929,NEWGCR7992,Default,ZBTJ,40260,48060,42120,48480,A320,34.1,TianjinAirlines,16L,206,NEWB300S,,,60.0
220180929,NEWGCR7991,ZBTJ,Default,28800,36300,31200,38220,A320,34.1,TianjinAirlines,16R,210,NEWB300S,,,0.0
220180929,NEWGCR7876,Default,ZBTJ,-2940,3360,1260,6480,A320,34.1,TianjinAirlines,16L,213,NEWB300S,,,60.0
220180929,NEWCES599,ZBTJ,Default,300,7200,37380,43560,B738,35.8,ChinaEasternAirlines,16R,216,NEWB3028,,,0.0
220180929,NEWGCR7989,ZBTJ,Default,73500,83100,76320,0,A333,60.3,TianjinAirlines,16R,414,NEWB302D,,,0.0
220180929,NEWGCR7978,Default,ZBTJ,44490,55290,47310,56490,A333,60.3,TianjinAirlines,16L,212,NEWB302D,,,90.0
220180929,NEWGCR7856,Default,ZBTJ,48360,60060,50280,60540,A321,34.1,TianjinAirlines,16L,211,NEWB302X,,,60.0
220180929,NEWGCR7851,ZBTJ,Default,63900,70800,65040,70560,A333,60.3,TianjinAirlines,16R,212,NEWB302X,,,0.0
220180929,NEWHXA2901,Default,ZBTJ,67860,71760,67800,71460,CRJ9,23.2,Chinaexpressair,16L,601,NEWB3142,,,60.0
220180929,NEWHXA2902,ZBTJ,Default,75000,79800,77040,80760,CRJ9,23.2,Chinaexpressair,16R,601,NEWB3142,,,0.0
220180929,NEWGCR7921,ZBTJ,Default,50100,54600,50220,53040,E190,28.72,TianjinAirlines,16R,211,NEWB3152,,,0.0
220180929,NEWGCR7912,Default,ZBTJ,38760,43560,38640,42660,E190,28.72,TianjinAirlines,16L,206,NEWB3152,,,60.0
220180929,NEWGCR7834,Default,ZBTJ,50460,56160,49800,54780,E190,28.72,TianjinAirlines,16L,211,NEWB3160,,,60.0
220180929,NEWGCR6657,ZBTJ,Default,64800,69900,66300,70260,E190,28.72,TianjinAirlines,16R,205,NEWB3160,,,0.0
220180929,NEWGCR7582,ZBTJ,Default,77100,84300,77940,84480,E190,28.72,TianjinAirlines,16R,212,NEWB3161,,,0.0
220180929,NEWGCR7582,Default,ZBTJ,69060,73560,69180,73140,E190,28.72,TianjinAirlines,16L,210,NEWB3161,,,60.0
220180929,NEWGCR6658,ZBTJ,Default,73500,78600,76080,80460,E190,28.72,TianjinAirlines,16R,208,NEWB3168,,,0.0
220180929,NEWGCR6658,Default,ZBTJ,64860,69360,68160,71280,E190,28.72,TianjinAirlines,16L,213,NEWB3168,,,60.0
220180929,NEWCBG8819,Default,ZBTJ,38460,45660,42480,50460,E190,28.72,SPRAY,16L,110,NEWB3172,,,60.0
220180929,NEWCBG8820,ZBTJ,Default,49200,57000,54120,60780,E190,28.72,SPRAY,16R,110,NEWB3172,,,0.0
220180929,NEWCBG8851,Default,ZBTJ,58260,64260,60780,66120,E190,28.72,SPRAY,16L,115,NEWB3180,,,60.0
220180929,NEWCBG8852,ZBTJ,Default,69000,75600,69720,74520,E190,28.72,SPRAY,16R,115,NEWB3180,,,0.0
220180929,NEWGCR7889,ZBTJ,Default,33900,43500,36420,45480,E190,28.72,TianjinAirlines,16R,210,NEWB3243,,,0.0
220180929,NEWGCR7868,Default,ZBTJ,-3540,780,-1320,1080,E190,28.72,TianjinAirlines,16L,211,NEWB3243,,,60.0
220180929,NEWGCR6605,ZBTJ,Default,53400,63600,61620,63840,E190,28.72,TianjinAirlines,16R,210,NEWB3247,,,0.0
220180929,NEWGCR6605,Default,ZBTJ,60,60,60,50940,E190,28.72,TianjinAirlines,16L,214,NEWB3247,,,60.0
220180929,NEWGCR7864,Default,ZBTJ,-5040,2160,-1440,4320,A320,34.1,TianjinAirlines,16L,213,NEWB3259,,,60.0
220180929,NEWGCR7929,ZBTJ,Default,27000,33900,37200,43800,E190,28.72,TianjinAirlines,16R,211,NEWB3259,,,0.0
220180929,NEWCGZ7102,ZBTJ,Default,70200,74700,70260,75000,E190,28.72,COLORFUL,16R,110,NEWB3285,,,0.0
220180929,NEWCGZ7101,Default,ZBTJ,61560,66360,61200,65640,E190,28.72,COLORFUL,16L,112,NEWB3285,,,60.0
220180929,NEWHXA2771,Default,ZBTJ,41760,45960,41460,45060,CRJ9,23.2,Chinaexpressair,16L,602,NEWB3346,,,60.0
220180929,NEWHXA2669,ZBTJ,Default,54900,61800,55740,62940,CRJ9,23.2,Chinaexpressair,16R,601,NEWB3346,,,0.0
220180929,NEWHXA2772,ZBTJ,Default,73800,78000,74100,77520,CRJ9,23.2,Chinaexpressair,16R,601,NEWB3379,,,0.0
220180929,NEWHXA2872,Default,ZBTJ,58860,64560,58380,61740,CRJ9,23.2,Chinaexpressair,16L,601,NEWB3379,,,60.0
220180929,NEWHXA2871,ZBTJ,Default,51600,56400,51780,55020,CRJ9,23.2,Chinaexpressair,16R,601,NEWB3379,,,0.0
220180929,NEWHXA2906,Default,ZBTJ,36960,44160,39660,46500,CRJ9,23.2,Chinaexpressair,16L,601,NEWB3379,,,60.0
220180929,NEWJOY1596,Default,ZBTJ,37560,42660,38640,42480,MA60,29.2,Joyair,16L,502,NEWB3455,,,60.0
220180929,NEWJOY1655,ZBTJ,Default,54300,60000,55380,58980,MA60,29.2,Joyair,16R,501,NEWB3455,,,0.0
220180929,NEWCSH9070,ZBTJ,Default,27600,35400,28380,34440,B738,35.8,ShanghaiAirlines,16R,218,NEWB5132,,,0.0
220180929,NEWCSH9069,Default,ZBTJ,-5040,3360,-3780,2340,B738,35.8,ShanghaiAirlines,16L,218,NEWB5132,,,60.0
220180929,NEWCDG8054,ZBTJ,Default,80400,90300,84600,92940,B737,35.8,shandongAirlines,16R,107,NEWB5206,,,0.0
220180929,NEWCDG8054,Default,ZBTJ,67260,76560,66780,75780,B737,35.8,shandongAirlines,16L,202,NEWB5206,,,60.0
220180929,NEWCCA8298,Default,ZBTJ,36960,45360,38760,46860,B737,35.8,AirChina,16L,203,NEWB5227,,,60.0
220180929,NEWCCA8287,ZBTJ,Default,49800,61800,59160,68760,B737,35.8,AirChina,16R,203,NEWB5227,,,0.0
220180929,NEWCSN3335,Default,ZBTJ,25860,36960,26520,36240,E190,28.72,ChinaSouthernAirlines,16L,221,NEWB5236,,,60.0
220180929,NEWCSN3336,ZBTJ,Default,40920,51900,52500,62400,E190,28.72,ChinaSouthernAirlines,16R,218,NEWB5236,,,0.0
220180929,NEWCXA8551,ZBTJ,Default,69000,75600,69480,75660,B738,35.8,XiamenAirlines,16R,226,NEWB5355,,,0.0
220180929,NEWCXA868,Default,ZBTJ,55260,65160,55860,64980,B738,35.8,XiamenAirlines,16L,227,NEWB5355,,,60.0
220180929,NEWCSZ9800,ZBTJ,Default,59100,68400,64140,72780,B738,35.8,ShenzhenAirlines,16R,203,NEWB5362,,,0.0
220180929,NEWCSZ9799,Default,ZBTJ,45720,55620,51060,59460,B738,35.8,ShenzhenAirlines,16L,203,NEWB5362,,,120.0
220180929,NEWCCA1656,Default,ZBTJ,33960,41760,34980,41220,B738,35.8,AirChina,16L,201,NEWB5387,,,60.0
220180929,NEWCCA1395,ZBTJ,Default,64200,75900,68460,78540,B738,35.8,AirChina,16R,107,NEWB5387,,,0.0
220180929,NEWCSH9064,ZBTJ,Default,71400,78900,71880,78000,B738,35.8,ShanghaiAirlines,16R,218,NEWB5395,,,0.0
220180929,NEWCSH9063,Default,ZBTJ,57360,66060,57420,64080,B738,35.8,ShanghaiAirlines,16L,219,NEWB5395,,,60.0
220180929,NEWCCA8363,ZBTJ,Default,26100,36900,27180,36840,B738,35.8,AirChina,16R,109,NEWB5442,,,0.0
220180929,NEWCCA1390,Default,ZBTJ,-14340,-240,660,12900,B738,35.8,AirChina,16L,201,NEWB5442,,,60.0
220180929,NEWCCA8289,ZBTJ,Default,72600,78000,79140,83040,B738,35.8,AirChina,16R,107,NEWB5447,,,0.0
220180929,NEWCCA1672,Default,ZBTJ,57660,68460,64620,74880,B738,35.8,AirChina,16L,203,NEWB5447,,,60.0
220180929,NEWCCA1671,ZBTJ,Default,42000,54000,49920,60060,B738,35.8,AirChina,16R,107,NEWB5447,,,0.0
220180929,NEWCCA1678,Default,ZBTJ,28860,36660,28980,36420,B738,35.8,AirChina,16L,201,NEWB5447,,,60.0
220180929,NEWCCA172,Default,ZBTJ,42360,48660,44220,49560,B738,35.8,AirChina,16L,201,NEWB5508,,,60.0
220180929,NEWCCA8277,ZBTJ,Default,57300,66600,57180,65700,B738,35.8,AirChina,16R,107,NEWB5508,,,0.0
220180929,NEWCCA1389,ZBTJ,Default,54000,68400,55080,67800,B738,35.8,AirChina,16R,203,NEWB5572,,,0.0
220180929,NEWCCA8290,Default,ZBTJ,28860,34260,32040,35880,B738,35.8,AirChina,16L,109,NEWB5572,,,60.0
220180929,NEWOKA2903,Default,ZBTJ,38460,46860,39480,46980,B738,35.8,OkayAirways,16L,222,NEWB5575,,,60.0
220180929,NEWOKA2904,ZBTJ,Default,51000,59100,59940,67620,B738,35.8,OkayAirways,16R,223,NEWB5575,,,0.0
220180929,NEWOKA2992,Default,ZBTJ,50760,59160,52440,59700,B738,35.8,OkayAirways,16L,223,NEWB5578,,,60.0
220180929,NEWOKA2991,ZBTJ,Default,62700,71100,67440,74460,B738,35.8,OkayAirways,16R,223,NEWB5578,,,0.0
220180929,NEWCHH7791,Default,ZBTJ,39060,48360,44100,53340,B738,35.8,HainanAirlines,16L,211,NEWB5579,,,60.0
220180929,NEWCHH7792,ZBTJ,Default,52500,62400,57360,66720,B738,35.8,HainanAirlines,16R,210,NEWB5579,,,0.0
220180929,NEWCCA152,Default,ZBTJ,65760,69660,67260,70080,B738,35.8,AirChina,16L,201,NEWB5585,,,60.0
220180929,NEWCCA749,ZBTJ,Default,73800,6300,75360,0,B738,35.8,AirChina,16R,107,NEWB5585,,,0.0
220180929,NEWCDG4802,ZBTJ,Default,75900,86700,80760,88800,B738,35.8,shandongAirlines,16R,107,NEWB5590,,,0.0
220180929,NEWCDG4694,Default,ZBTJ,56160,66960,66540,76920,B738,35.8,shandongAirlines,16L,203,NEWB5590,,,60.0
220180929,NEWCXA8278,Default,ZBTJ,28560,41460,28560,40920,B738,35.8,XiamenAirlines,16L,225,NEWB5602,,,60.0
220180929,NEWCXA8278,ZBTJ,Default,45300,54900,47460,55860,B738,35.8,XiamenAirlines,16R,226,NEWB5602,,,0.0
220180929,NEWCXA8379,ZBTJ,Default,58200,70500,58080,69180,B738,35.8,XiamenAirlines,16R,225,NEWB5657,,,0.0
220180929,NEWCXA8140,Default,ZBTJ,-11640,-1140,-9060,180,B738,35.8,XiamenAirlines,16L,225,NEWB5657,,,60.0
220180929,NEWCCA1655,ZBTJ,Default,73140,80100,73860,79800,B737,35.8,AirChina,16R,107,NEWB5680,,,0.0
220180929,NEWCCA1620,Default,ZBTJ,46860,57660,56220,67860,B738,35.8,AirChina,16L,201,NEWB5680,,,60.0
220180929,NEWCSN6656,ZBTJ,Default,66900,75300,66780,72600,B738,35.8,ChinaSouthernAirlines,16R,217,NEWB5719,,,0.0
220180929,NEWCSN6655,Default,ZBTJ,53460,60960,54420,61020,B738,35.8,ChinaSouthernAirlines,16L,221,NEWB5719,,,60.0
220180929,NEWLKE9632,ZBTJ,Default,48000,56400,49380,57960,A320,34.1,LUCKYAIR,16R,208,NEWB5732,,,0.0
220180929,NEWLKE9631,Default,ZBTJ,34950,43950,35670,43830,A320,34.1,LUCKYAIR,16L,214,NEWB5732,,,150.0
220180929,NEWCXA8314,Default,ZBTJ,45360,56760,52740,62040,B738,35.8,XiamenAirlines,16L,226,NEWB5792,,,60.0
220180929,NEWCXA8239,ZBTJ,Default,67200,74100,67620,74640,B738,35.8,XiamenAirlines,16R,226,NEWB5792,,,0.0
220180929,NEWCXA8313,ZBTJ,Default,29700,40800,38640,48180,B738,35.8,XiamenAirlines,16R,229,NEWB5792,,,0.0
220180929,NEWCXA8384,Default,ZBTJ,-11040,-1140,660,9060,B738,35.8,XiamenAirlines,16L,226,NEWB5792,,,60.0
220180929,NEWCCA4547,Default,ZBTJ,26460,37860,26940,37320,B737,35.8,AirChina,16L,202,NEWB5803,,,60.0
220180929,NEWCCA4547,ZBTJ,Default,41400,47700,42180,47160,B737,35.8,AirChina,16R,415L,NEWB5803,,,0.0
220180929,NEWCCA4548,Default,ZBTJ,50460,57060,51000,56640,B737,35.8,AirChina,16L,202,NEWB5803,,,60.0
220180929,NEWCCA4548,ZBTJ,Default,60600,72000,65340,75000,B737,35.8,AirChina,16R,108,NEWB5803,,,0.0
220180929,NEWRLH5315,Default,ZBTJ,38160,42360,37800,41460,B737,35.8,SENDI,16L,111,NEWB5811,,,60.0
220180929,NEWRLH5316,ZBTJ,Default,46200,51300,46740,51000,B737,35.8,SENDI,16R,111,NEWB5811,,,0.0
220180929,NEWCCA1467,ZBTJ,Default,48000,61500,52200,64140,B738,35.8,AirChina,16R,117,NEWB5849,,,0.0
220180929,NEWCCA1672,Default,ZBTJ,-28740,-17940,-6780,2100,B738,35.8,AirChina,16L,202,NEWB5849,,,60.0
220180929,NEWOKA3035,ZBTJ,Default,35700,42600,35580,41340,B738,35.8,OkayAirways,16R,223,NEWB6026,,,0.0
220180929,NEWOKA2966,Default,ZBTJ,-5040,-83340,-3960,2940,B738,35.8,OkayAirways,16L,222,NEWB6026,,,60.0
220180929,NEWCSN3126,Default,ZBTJ,71460,78660,71220,77760,A320,34.1,ChinaSouthernAirlines,16L,221,NEWB6293,,,60.0
220180929,NEWCSN3126,ZBTJ,Default,82500,91200,82200,89220,A320,34.1,ChinaSouthernAirlines,16R,217,NEWB6293,,,0.0
220180929,NEWCSN3125,ZBTJ,Default,61080,68100,60540,66360,A320,34.1,ChinaSouthernAirlines,16R,217,NEWB6293,,,0.0
220180929,NEWCSN3125,Default,ZBTJ,48060,56760,48600,55440,A320,34.1,ChinaSouthernAirlines,16L,221,NEWB6293,,,60.0
220180929,NEWCSZ9797,Default,ZBTJ,25560,34560,26220,35040,A320,34.1,ShenzhenAirlines,16L,201,NEWB6297,,,60.0
220180929,NEWCSZ9798,ZBTJ,Default,38100,48000,42360,50820,A320,34.1,ShenzhenAirlines,16R,107,NEWB6297,,,0.0
220180929,NEWCXA8209,ZBTJ,Default,46800,55800,47700,56160,B738,35.8,XiamenAirlines,16R,225,NEWB6488,,,0.0
220180929,NEWCXA8209,Default,ZBTJ,38760,42960,39540,43560,B738,35.8,XiamenAirlines,16L,227,NEWB6488,,,60.0
220180929,NEWCXA8210,Default,ZBTJ,58560,66360,59820,66360,B738,35.8,XiamenAirlines,16L,228,NEWB6488,,,60.0
220180929,NEWCXA8210,ZBTJ,Default,70200,74700,70680,73680,B738,35.8,XiamenAirlines,16R,229,NEWB6488,,,0.0
220180929,NEWCCA1673,ZBTJ,Default,57300,64500,57720,63480,B738,35.8,AirChina,16R,117,NEWB6499,,,0.0
220180929,NEWCCA1530,Default,ZBTJ,40260,50460,42840,51360,B738,35.8,AirChina,16L,118,NEWB6499,,,60.0
220180929,NEWCES2370,Default,ZBTJ,59760,63960,60480,64440,A320,34.1,ChinaEasternAirlines,16L,216,NEWB6586,,,60.0
220180929,NEWCES2370,ZBTJ,Default,68400,75900,68580,74340,A320,34.1,ChinaEasternAirlines,16R,218,NEWB6586,,,0.0
220180929,NEWCES2369,ZBTJ,Default,50400,55500,50820,54960,A320,34.1,ChinaEasternAirlines,16R,216,NEWB6586,,,0.0
220180929,NEWCES2369,Default,ZBTJ,37860,45960,38820,46680,A320,34.1,ChinaEasternAirlines,16L,215,NEWB6586,,,60.0
220180929,NEWCSC8810,Default,ZBTJ,28860,37260,30120,37680,A321,34.1,SichuanAirlines,16L,110,NEWB6590,,,60.0
220180929,NEWCSC8033,ZBTJ,Default,57000,65400,57000,64800,A321,34.1,SichuanAirlines,16R,112,NEWB6590,,,0.0
220180929,NEWCQH8813,Default,ZBTJ,25560,34260,26220,32760,A320,34.1,ShanghaiSpringAirlines,16L,112,NEWB6646,,,60.0
220180929,NEWCQH8814,ZBTJ,Default,38100,45600,38400,44340,A320,34.1,ShanghaiSpringAirlines,16R,111,NEWB6646,,,0.0
220180929,NEWCSN6579,Default,ZBTJ,26760,30660,26820,29820,A321,34.1,ChinaSouthernAirlines,16L,220,NEWB6686,,,60.0
220180929,NEWCSN6579,ZBTJ,Default,34200,44100,36660,45840,A321,34.1,ChinaSouthernAirlines,16R,217,NEWB6686,,,0.0
220180929,NEWGCR7872,Default,ZBTJ,48060,61560,52500,65160,A320,34.1,TianjinAirlines,16L,213,NEWB6789,,,60.0
220180929,NEWGCR6509,ZBTJ,Default,76500,90300,78180,91020,A320,34.1,TianjinAirlines,16R,211,NEWB6789,,,0.0
220180929,NEWGCR7888,Default,ZBTJ,-2340,6660,-1680,5940,A320,34.1,TianjinAirlines,16L,210,NEWB6837,,,60.0
220180929,NEWGCR7813,ZBTJ,Default,31800,36600,33480,37920,A320,34.1,TianjinAirlines,16R,208,NEWB6837,,,0.0
220180929,NEWCSC8355,ZBTJ,Default,69300,78900,71700,80580,A321,34.1,SichuanAirlines,16R,112,NEWB6838,,,0.0
220180929,NEWCSC8350,Default,ZBTJ,46860,59760,52500,62940,A321,34.1,SichuanAirlines,16L,112,NEWB6838,,,60.0
220180929,NEWCSC8349,ZBTJ,Default,24000,36900,23760,34200,A321,34.1,SichuanAirlines,16R,110,NEWB6838,,,0.0
220180929,NEWCSC8356,Default,ZBTJ,-11340,-1740,-8160,720,A321,34.1,SichuanAirlines,16L,111,NEWB6838,,,60.0
220180929,NEWCSC8257,Default,ZBTJ,69660,78360,71460,79260,A321,34.1,SichuanAirlines,16L,112,NEWB6845,,,60.0
220180929,NEWCSC8258,ZBTJ,Default,81900,92700,83640,93000,A321,34.1,SichuanAirlines,16R,112,NEWB6845,,,0.0
220180929,NEWJYH1055,Default,ZBTJ,23160,35160,25080,34860,B738,35.8,TRANSJADE,16L,111,NEWB6992,,,60.0
220180929,NEWJYH1068,ZBTJ,Default,43800,55200,48120,59220,B738,35.8,TRANSJADE,16R,111,NEWB6992,,,0.0
220180929,NEWJYH1056,ZBTJ,Default,75300,300,79560,89700,B738,35.8,TRANSJADE,16R,111,NEWB6992,,,0.0
220180929,NEWJYH1067,Default,ZBTJ,60060,71460,63840,73560,B738,35.8,TRANSJADE,16L,110,NEWB6992,,,60.0
220180929,NEWCHH7726,Default,ZBTJ,60660,67860,61320,68520,B738,35.8,HainanAirlines,16L,206,NEWB7175,,,60.0
220180929,NEWCHH7726,ZBTJ,Default,71700,81300,73080,80460,B738,35.8,HainanAirlines,16R,210,NEWB7175,,,0.0
220180929,NEWCHH7725,Default,ZBTJ,36360,44460,37260,44220,B738,35.8,HainanAirlines,16L,206,NEWB7175,,,60.0
220180929,NEWCHH7725,ZBTJ,Default,49800,55500,48540,54600,B738,35.8,HainanAirlines,16R,209,NEWB7175,,,0.0
220180929,NEWCXA8188,ZBTJ,Default,38700,46800,39660,45420,B738,35.8,XiamenAirlines,16R,226,NEWB7560,,,0.0
220180929,NEWCXA8187,Default,ZBTJ,27360,34860,27900,34500,B738,35.8,XiamenAirlines,16L,225,NEWB7560,,,60.0
220180929,NEWCXA8033,Default,ZBTJ,28860,37860,29940,39960,B738,35.8,XiamenAirlines,16L,225,NEWB7847,,,60.0
220180929,NEWCXA8033,ZBTJ,Default,42300,48000,43680,48960,B738,35.8,XiamenAirlines,16R,225,NEWB7847,,,0.0
220180929,NEWCSH9132,ZBTJ,Default,45000,51900,45300,51540,B738,35.8,ShanghaiAirlines,16R,610,NEWB7861,,,0.0
220180929,NEWCSH9131,Default,ZBTJ,31980,41280,33000,40080,B738,35.8,ShanghaiAirlines,16L,218,NEWB7861,,,180.0
220180929,NEWRLH6516,ZBTJ,Default,72300,79200,72780,79440,B737,35.8,SENDI,16R,113,NEWB7867,,,0.0
220180929,NEWRLH6515,Default,ZBTJ,60360,67560,60960,67500,B737,35.8,SENDI,16L,112,NEWB7867,,,60.0
220180929,NEWCCA1428,Default,ZBTJ,42660,51960,47460,54960,B738,35.8,AirChina,16L,202,NEWB7893,,,60.0
220180929,NEWCCA1251,ZBTJ,Default,63300,70500,63960,70200,B738,35.8,AirChina,16R,107,NEWB7893,,,0.0
220180929,NEWCUA2216,ZBTJ,Default,58200,65700,59280,65460,B738,35.8,LIANHANG,16R,113,NEWB7986,,,0.0
220180929,NEWCUA2215,Default,ZBTJ,45360,54660,46320,53160,B738,35.8,LIANHANG,16L,113,NEWB7986,,,60.0
220180929,NEWGCR7583,Default,ZBTJ,24660,31260,25920,32220,A320,34.1,TianjinAirlines,16L,206,NEWB8066,,,60.0
220180929,NEWGCR7583,ZBTJ,Default,34800,41700,36060,41520,A320,34.1,TianjinAirlines,16R,206,NEWB8066,,,0.0
220180929,NEWQDA6003,ZBTJ,Default,36000,48600,37020,47820,A320,34.1,SKYLEGEND,16R,113,NEWB8283,,,0.0
220180929,NEWQDA6003,Default,ZBTJ,25560,32160,25740,31800,A320,34.1,SKYLEGEND,16L,112,NEWB8283,,,60.0
220180929,NEWGCR7895,ZBTJ,Default,41700,52800,41640,51420,A333,60.3,TianjinAirlines,16R,414,NEWB8381,,,0.0
220180929,NEWGCR7906,Default,ZBTJ,28260,37260,29220,37140,A321,34.1,TianjinAirlines,16L,214,NEWB8381,,,60.0
220180929,NEWGCR7577,ZBTJ,Default,51900,57900,52680,57960,A321,34.1,TianjinAirlines,16R,209,NEWB8389,,,0.0
220180929,NEWGCR7577,Default,ZBTJ,33360,47160,33660,46320,A321,34.1,TianjinAirlines,16L,213,NEWB8389,,,60.0
220180929,NEWGCR7578,Default,ZBTJ,61260,67860,63480,69360,A321,34.1,TianjinAirlines,16L,211,NEWB8389,,,60.0
220180929,NEWGCR7578,ZBTJ,Default,71700,87000,73680,87780,A321,34.1,TianjinAirlines,16R,208,NEWB8389,,,0.0
220180929,NEWDKH1136,Default,ZBTJ,44160,51360,44640,51540,A321,34.1,ShanghaiJuneyaoAirlines,16L,111,NEWB8407,,,60.0
220180929,NEWDKH1136,ZBTJ,Default,55200,63000,56100,62040,A321,34.1,ShanghaiJuneyaoAirlines,16R,111,NEWB8407,,,0.0
220180929,NEWTBA9878,Default,ZBTJ,67560,74160,67980,73920,A320,34.1,TIBET,16L,111,NEWB8419,,,60.0
220180929,NEWTBA9878,ZBTJ,Default,77700,88500,78960,87900,A320,34.1,TIBET,16R,113,NEWB8419,,,0.0
220180929,NEWDKH1135,Default,ZBTJ,51360,59760,52560,58860,A321,34.1,ShanghaiJuneyaoAirlines,16L,115,NEWB8457,,,60.0
220180929,NEWDKH1135,ZBTJ,Default,63300,69900,63540,68580,A321,34.1,ShanghaiJuneyaoAirlines,16R,113,NEWB8457,,,0.0
220180929,NEWCCA1921,Default,ZBTJ,31260,39360,31320,39720,A320,34.1,AirChina,16L,202,NEWB8493,,,60.0
220180929,NEWCCA1922,ZBTJ,Default,43500,52200,45480,52500,A320,34.1,AirChina,16R,108,NEWB8493,,,0.0
220180929,NEWGCR7940,Default,ZBTJ,76890,82290,79770,84150,A332,60.3,TianjinAirlines,16L,418,NEWB8596,,,90.0
220180929,NEWCHB6237,Default,ZBTJ,60420,69720,60360,68280,A320,34.1,Westair,16L,213,NEWB8846,,,120.0
220180929,NEWCHB6238,ZBTJ,Default,73200,82800,73500,83220,A320,34.1,Westair,16R,212,NEWB8846,,,0.0
220180929,NEWUEA2250,ZBTJ,Default,67500,79200,68220,77940,A320,34.1,ChengduAirlines,16R,116,NEWB8879,,,0.0
220180929,NEWUEA2250,Default,ZBTJ,54960,63660,54960,63900,A320,34.1,ChengduAirlines,16L,112,NEWB8879,,,60.0
220180929,NEWUEA2249,ZBTJ,Default,42900,51900,43920,51000,A320,34.1,ChengduAirlines,16R,110,NEWB8879,,,0.0
220180929,NEWUEA2249,Default,ZBTJ,30120,38520,31500,40020,A320,34.1,ChengduAirlines,16L,110,NEWB8879,,,120.0
220180929,NEWGCR7956,Default,ZBTJ,-8610,18090,-7410,17130,A332,60.3,TianjinAirlines,16L,418,NEWB8959,,,90.0
220180929,NEWGCR7965,ZBTJ,Default,33000,42900,36240,45360,A332,60.3,TianjinAirlines,16R,414,NEWB8959,,,0.0
220180929,NEWCSC8816,Default,ZBTJ,45660,53160,46920,53760,A320,34.1,SichuanAirlines,16L,112,NEWB9935,,,60.0
220180929,NEWCSC8816,ZBTJ,Default,56700,63600,57420,63060,A320,34.1,SichuanAirlines,16R,111,NEWB9935,,,0.0
220180929,NEWGCR7907,ZBTJ,Default,65100,75600,65880,76200,A320,34.1,TianjinAirlines,16R,209,NEWB9948,,,0.0
220180929,NEWGCR7812,Default,ZBTJ,50160,59160,50400,57960,A320,34.1,TianjinAirlines,16L,213,NEWB9948,,,60.0
220180929,NEWGCR6655,ZBTJ,Default,37500,45000,38220,44940,A320,34.1,TianjinAirlines,16R,210,NEWB9983,,,0.0
220180929,NEWGCR6655,Default,ZBTJ,29760,34560,30300,33900,A320,34.1,TianjinAirlines,16L,214,NEWB9983,,,60.0
220180929,NEWGCR6656,ZBTJ,Default,59400,64800,61380,65460,A320,34.1,TianjinAirlines,16R,205,NEWB9983,,,0.0
220180929,NEWGCR6656,Default,ZBTJ,48060,55860,50220,57240,A320,34.1,TianjinAirlines,16L,211,NEWB9983,,,60.0
220180929,NEWGCR6511,Default,ZBTJ,36360,42660,37200,43380,A320,34.1,TianjinAirlines,16L,210,NEWB9989,,,60.0
220180929,NEWGCR6512,ZBTJ,Default,46500,54600,48720,54240,A320,34.1,TianjinAirlines,16R,212,NEWB9989,,,0.0
220180929,NEWCRK3579,ZBTJ,Default,54600,65700,62760,0,A320,34.1,HongKongAirlines,16R,101,NEWBLPP,,,0.0
220180929,NEWCRK3578,Default,ZBTJ,40560,51060,40560,50160,A320,34.1,HongKongAirlines,16L,104,NEWBLPP,,,60.0
220180929,NEWAAR997,Default,ZBTJ,34290,41490,36330,41730,B744,64.4,AsianaAirways,16L,105,NEWHL7423,,,90.0
220180929,NEWAAR998,ZBTJ,Default,55800,63000,58500,62880,B744,64.4,AsianaAirways,16R,105,NEWHL7423,,,0.0
220180929,NEWKAL863,Default,ZBTJ,42240,48840,43800,49140,B738,35.8,KoreanAirLines,16L,104,NEWHL7568,,,240.0
220180929,NEWKAL864,ZBTJ,Default,52800,59400,54060,0,B738,35.8,KoreanAirLines,16R,102,NEWHL7568,,,0.0
220180929,NEWAAR328,ZBTJ,Default,36900,43200,37620,41880,A321,34.1,AsianaAirways,16R,102,NEWHL8060,,,0.0
220180929,NEWAAR327,Default,ZBTJ,26760,33060,26880,32400,A321,34.1,AsianaAirways,16L,103,NEWHL8060,,,60.0
220180929,NEWVGO734,ZBTJ,Default,50100,68700,52020,0,B738,35.8,NewEraofThaiAirways,16R,101,NEWHSNGM,,,0.0
220180929,NEWVGO735,Default,ZBTJ,23760,46560,26700,45540,B738,35.8,NewEraofThaiAirways,16L,104,NEWHSNGM,,,60.0
220180929,NEWNCT880,Default,ZBTJ,44490,61290,46470,61410,B772,60.9,NokScoot,16L,102,NEWHSXBC,,,90.0
220180929,NEWNCT879,ZBTJ,Default,65700,82800,66420,0,B772,60.9,NokScoot,16R,101,NEWHSXBC,,,0.0
220180929,NEWHVN501,ZBTJ,Default,76800,94800,81660,96480,A321,34.1,VientnamAirlines,16R,103,NEWVNA356,,,0.0
220180929,NEWHVN500,Default,ZBTJ,55260,72660,56460,71580,A321,34.1,VientnamAirlines,16L,104,NEWVNA356,,,60.0
220180929,NEWVJC5320,Default,ZBTJ,44760,60960,45660,61260,A321,34.1,VietJet,16L,103,NEWVNA635,,,60.0
220180929,NEWVJC5321,ZBTJ,Default,65100,81600,67920,82980,A321,34.1,VietJet,16R,102,NEWVNA635,,,0.0
